Plan,Condition,Distance_m,N,V8RMSE_40m,V8RMSE_20m,V9B1RMSE_40m,V9B1RMSE_20m,Aliases_40m,Aliases_20m,V8Switches_40m,V8Switches_20m,WorseRows_20m
uniform_32MHz,LOS_stable,1,40,0.0217764822197987,0.0217764822197987,0.0217764822197987,0.0217764822197987,0,0,0,0,0
uniform_32MHz,LOS_stable,3,40,0.0272464035338091,0.0272464035338091,0.0272464035338091,0.0272464035338091,0,0,0,0,0
uniform_32MHz,LOS_stable,20,40,0.0286290694761503,0.0279766015747113,0.0286290694761503,0.0279766015747113,0,0,0,0,11
uniform_32MHz,light_stable,1,40,0.196567936968014,0.196567936968014,0.196567936968014,0.196567936968014,0,0,28,28,0
uniform_32MHz,light_stable,3,40,0.185627585895663,0.185627585895663,0.185627585895663,0.185627585895663,0,0,30,30,0
uniform_32MHz,light_stable,20,40,0.197919041323597,0.197900718294476,0.197919041323597,0.197900718294476,0,0,30,30,2
uniform_32MHz,strong_stable,1,40,0.426222861022456,0.426222861022456,0.426222861022456,0.426222861022456,0,0,36,36,0
uniform_32MHz,strong_stable,3,40,0.425402887299832,0.425402887299832,0.425402887299832,0.425402887299832,0,0,35,35,0
uniform_32MHz,strong_stable,20,40,0.429543188533742,0.429543188535421,0.429543188533742,0.429543188535421,0,0,36,36,0
uniform_32MHz,strong_drift,1,40,0.391431813106058,0.391431813106058,0.391431813106058,0.391431813106058,0,0,40,40,0
uniform_32MHz,strong_drift,3,40,0.388701732567053,0.388701732567053,0.388701732567053,0.388701732567053,0,0,39,39,0
uniform_32MHz,strong_drift,20,40,0.396141615331702,0.21400232972159,0.396141615331702,0.21400232972159,0,0,40,40,0
uniform_64MHz,LOS_stable,1,40,0.0149601279893081,0.0149601279893081,0.0149601279893081,0.0149601279893081,40,0,0,0,0
uniform_64MHz,LOS_stable,3,40,0.0198720528556249,0.0198720528556249,0.0198720528556249,0.0198720528556249,0,0,0,0,0
uniform_64MHz,LOS_stable,20,40,0.0161801215711499,0.00512124021475503,0.0161801215711499,0.00512124021475503,0,0,0,0,7
uniform_64MHz,light_stable,1,40,1.10448788972853,0.0642806292274414,1.10372120488046,0.0493862211519491,40,0,0,26,0
uniform_64MHz,light_stable,3,40,0.0629777076245291,0.0629777076245291,0.0522221065372959,0.0522221065372959,0,0,28,28,0
uniform_64MHz,light_stable,20,40,0.0656051398560363,0,0.0500077832566508,0.0036492975408834,0,0,28,28,1
uniform_64MHz,strong_stable,1,40,4.47383699425769,0.132298344393716,4.42846229636541,0.132298344393716,40,0,0,40,0
uniform_64MHz,strong_stable,3,40,0.136033227384727,0.136033227384727,0.136033227384727,0.136033227384727,0,0,40,40,0
uniform_64MHz,strong_stable,20,40,0.135260495705662,0.135260495726902,0.135260495705662,0.135260495726902,0,0,40,40,5
uniform_64MHz,strong_drift,1,40,4.59012104956116,0.569204681528103,4.62738823935571,0.569204681528103,40,0,0,35,0
uniform_64MHz,strong_drift,3,40,0.566063879841998,0.566063879841998,0.566063879841998,0.566063879841998,0,0,33,33,0
uniform_64MHz,strong_drift,20,40,0.56611152261917,2.33451568054432,0.56611152261917,2.33451568054432,0,0,38,32,9
