Plan,Condition,Distance_m,SNR_dB,N,RMSE_m,MAE_m,P95_m,Over1m
uniform_32MHz,LOS_stable,1,0,30,0.0633004690204187,0.0538081707624616,0.113184509692521,0
uniform_32MHz,LOS_stable,1,10,30,0.0189552989078514,0.0157630541231224,0.0337631859194174,0
uniform_32MHz,LOS_stable,1,20,30,0.00640242706803514,0.0053513289527227,0.0114974222674742,0
uniform_32MHz,LOS_stable,1,30,30,0.00551086743313021,0.00460719050343755,0.0103130582606545,0
uniform_32MHz,LOS_stable,2,0,30,0.0666473320121376,0.056947370037171,0.109993862563669,0
uniform_32MHz,LOS_stable,2,10,30,0.0154137965272836,0.0120642782491509,0.029962799356968,0
uniform_32MHz,LOS_stable,2,20,30,0.00898793213294616,0.00748122242702319,0.0168503483992877,0
uniform_32MHz,LOS_stable,2,30,30,0.00530972927550492,0.00436076540743102,0.00900026290976719,0
uniform_32MHz,LOS_stable,3,0,30,0.0756682310109932,0.061605482752791,0.156260778444203,0
uniform_32MHz,LOS_stable,3,10,30,0.0216276314443478,0.0189903901011506,0.0377665480616338,0
uniform_32MHz,LOS_stable,3,20,30,0.00961260340503203,0.00793792373634554,0.0185689250173025,0
uniform_32MHz,LOS_stable,3,30,30,0.00744455843041203,0.00583213366756041,0.0157513503543858,0
uniform_32MHz,LOS_stable,4,0,30,0.0465138516125606,0.0385425229207368,0.0876764250669702,0
uniform_32MHz,LOS_stable,4,10,30,0.0250725902985079,0.0215619592891484,0.0426442881584292,0
uniform_32MHz,LOS_stable,4,20,30,0.00729203544841822,0.00579076092298882,0.0138750120819875,0
uniform_32MHz,LOS_stable,4,30,30,0.00578753823626108,0.00454313487643293,0.0136193386897498,0
uniform_32MHz,LOS_stable,5,0,30,0.0638665559429527,0.0485558360254491,0.125777373428148,0
uniform_32MHz,LOS_stable,5,10,30,0.0214299576448285,0.0152173372417072,0.0505057869604952,0
uniform_32MHz,LOS_stable,5,20,30,0.00701660137672551,0.00521383557403903,0.0140644883770191,0
uniform_32MHz,LOS_stable,5,30,30,0.0061277997837385,0.00506934787938497,0.011450535071841,0
uniform_32MHz,LOS_stable,6,0,30,0.0608624115645199,0.0502601924487709,0.114205001076262,0
uniform_32MHz,LOS_stable,6,10,30,0.0203349509266788,0.0168904431891194,0.0416419794588521,0
uniform_32MHz,LOS_stable,6,20,30,0.00713499931919164,0.00553287584943576,0.0173909154838796,0
uniform_32MHz,LOS_stable,6,30,30,0.00545473088567831,0.00425687199928702,0.00988400097803588,0
uniform_32MHz,LOS_stable,7,0,30,0.0783800696350773,0.0625140802917996,0.149953643241471,0
uniform_32MHz,LOS_stable,7,10,30,0.022986874614868,0.0174183211955923,0.0545240327805443,0
uniform_32MHz,LOS_stable,7,20,30,0.00655904976210771,0.00536470012153671,0.0118754281431759,0
uniform_32MHz,LOS_stable,7,30,30,0.00654186602205738,0.00531944874167012,0.0107314546577184,0
uniform_32MHz,LOS_stable,8,0,30,0.0604556453913566,0.0514986917644611,0.0941147890424476,0
uniform_32MHz,LOS_stable,8,10,30,0.0199844149617867,0.0157186035114566,0.0399935353448191,0
uniform_32MHz,LOS_stable,8,20,30,0.00735376366900797,0.00593391131465981,0.0157818048462808,0
uniform_32MHz,LOS_stable,8,30,30,0.00730000488745493,0.00579657743984632,0.0151381061957885,0
uniform_32MHz,LOS_stable,9,0,30,0.0697807365808205,0.0550590743344259,0.145864733993735,0
uniform_32MHz,LOS_stable,9,10,30,0.0214989365778389,0.0175317060446967,0.0452595712402175,0
uniform_32MHz,LOS_stable,9,20,30,0.00904499234171498,0.00659322603174164,0.0204711924252621,0
uniform_32MHz,LOS_stable,9,30,30,0.00567568707506951,0.00424314619872691,0.0111685315951373,0
uniform_32MHz,LOS_stable,10,0,30,0.0765340252378601,0.0606741431096653,0.163282912001154,0
uniform_32MHz,LOS_stable,10,10,30,0.0183077365596359,0.01479128764463,0.0421479302294365,0
uniform_32MHz,LOS_stable,10,20,30,0.00900901090447603,0.00720331474842109,0.0171021153978899,0
uniform_32MHz,LOS_stable,10,30,30,0.00718370856600712,0.0060095687797712,0.0125342491706899,0
uniform_32MHz,LOS_stable,11,0,30,0.0738896729981026,0.0625128615211603,0.128616386377336,0
uniform_32MHz,LOS_stable,11,10,30,0.023876886555905,0.0196467342683536,0.0438041379009153,0
uniform_32MHz,LOS_stable,11,20,30,0.00935454684831941,0.00737221349532237,0.0191259699879787,0
uniform_32MHz,LOS_stable,11,30,30,0.00575247863972638,0.00489203171342366,0.010528939441695,0
uniform_32MHz,LOS_stable,12,0,30,0.0653248838485166,0.0537529908366502,0.126436717740598,0
uniform_32MHz,LOS_stable,12,10,30,0.023765785386433,0.0191290409004261,0.0397291443905132,0
uniform_32MHz,LOS_stable,12,20,30,0.010115301538047,0.00846969629763787,0.0190497709634947,0
uniform_32MHz,LOS_stable,12,30,30,0.00618105497999195,0.00536369345041952,0.0112859697317873,0
uniform_32MHz,LOS_stable,13,0,30,0.0534669171834902,0.043058008284827,0.0958499237738817,0
uniform_32MHz,LOS_stable,13,10,30,0.0180691127170328,0.0149034699641508,0.0385331666805087,0
uniform_32MHz,LOS_stable,13,20,30,0.00904754003511477,0.00604139274360331,0.0186183408828811,0
uniform_32MHz,LOS_stable,13,30,30,0.0058735108990726,0.0043348638836625,0.013069528335258,0
uniform_32MHz,LOS_stable,14,0,30,0.0627321610523763,0.0521085442458034,0.127567693448842,0
uniform_32MHz,LOS_stable,14,10,30,0.0213702376630498,0.0175016885120926,0.0412756280511637,0
uniform_32MHz,LOS_stable,14,20,30,0.00788723943453419,0.00649649106630322,0.0151004099177481,0
uniform_32MHz,LOS_stable,14,30,30,0.00569778097864947,0.00474857190711694,0.0113054860021826,0
uniform_32MHz,LOS_stable,15,0,30,0.0661150721812193,0.0540353782159482,0.114262389609555,0
uniform_32MHz,LOS_stable,15,10,30,0.0205575343153483,0.0177983874692417,0.0344385669863794,0
uniform_32MHz,LOS_stable,15,20,30,0.00924994725567362,0.00787011414029427,0.0152172628191938,0
uniform_32MHz,LOS_stable,15,30,30,0.00555961557117737,0.004682289076669,0.00976458581658157,0
uniform_32MHz,LOS_stable,16,0,30,0.0592056669607532,0.0462090473183886,0.123085545328667,0
uniform_32MHz,LOS_stable,16,10,30,0.0262924582303699,0.021910105049749,0.046600945692667,0
uniform_32MHz,LOS_stable,16,20,30,0.00902624346370059,0.00695392862947687,0.0185868097846793,0
uniform_32MHz,LOS_stable,16,30,30,0.00630282774108051,0.0051149666924531,0.0116879354771982,0
uniform_32MHz,LOS_stable,17,0,30,0.0732173177733862,0.0559227607173979,0.156164517149541,0
uniform_32MHz,LOS_stable,17,10,30,0.0228987704177907,0.0190556908842307,0.0438805507487317,0
uniform_32MHz,LOS_stable,17,20,30,0.00632809960641835,0.00480781443759865,0.0134028181217083,0
uniform_32MHz,LOS_stable,17,30,30,0.00697714699320201,0.00563579011571858,0.0132658546473792,0
uniform_32MHz,LOS_stable,18,0,30,0.0608820630122896,0.0488781516505539,0.138188851780566,0
uniform_32MHz,LOS_stable,18,10,30,0.0218279868829532,0.0168383491792583,0.0425401467054307,0
uniform_32MHz,LOS_stable,18,20,30,0.00890470548831306,0.00715097179823717,0.0178024200721438,0
uniform_32MHz,LOS_stable,18,30,30,0.00666381449132345,0.00550358501014732,0.013725525872502,0
uniform_32MHz,LOS_stable,19,0,30,0.0622053991684992,0.0470241286084582,0.150439778243534,0
uniform_32MHz,LOS_stable,19,10,30,0.0208735601045458,0.0170264472151358,0.0418923292431934,0
uniform_32MHz,LOS_stable,19,20,30,0.00704240550280618,0.00538706128958519,0.0123311769772307,0
uniform_32MHz,LOS_stable,19,30,30,0.00813185702002747,0.00628828248085422,0.01538740011231,0
uniform_32MHz,LOS_stable,20,0,30,0.0603609196958905,0.0508222937150545,0.110999193188004,0
uniform_32MHz,LOS_stable,20,10,30,0.0212723809974223,0.0163323848076948,0.0432085727462486,0
uniform_32MHz,LOS_stable,20,20,30,0.00750907547192849,0.00594706947774312,0.015921263575418,0
uniform_32MHz,LOS_stable,20,30,30,0.00413267317696296,0.0035247588650981,0.00772319070436822,0
uniform_32MHz,light_stable,1,0,30,0.204050557306506,0.186849649050359,0.308368221943421,0
uniform_32MHz,light_stable,1,10,30,0.195802470916263,0.194064869713029,0.232339963738464,0
uniform_32MHz,light_stable,1,20,30,0.228211152036602,0.228073119668276,0.243486311118526,0
uniform_32MHz,light_stable,1,30,30,0.235028014195744,0.234929704978598,0.245196901673289,0
uniform_32MHz,light_stable,2,0,30,0.191250114127652,0.171861221125523,0.295530181706167,0
uniform_32MHz,light_stable,2,10,30,0.193025953626811,0.190873798051661,0.233957965455904,0
uniform_32MHz,light_stable,2,20,30,0.227983272010929,0.227886608731482,0.23996147205344,0
uniform_32MHz,light_stable,2,30,30,0.234300601038432,0.234235334544351,0.243482570267935,0
uniform_32MHz,light_stable,3,0,30,0.225556001797658,0.209130552927612,0.346093750928048,0
uniform_32MHz,light_stable,3,10,30,0.193916718109839,0.192241009749903,0.237735456479125,0
uniform_32MHz,light_stable,3,20,30,0.225547817988709,0.225440132404259,0.236349470214407,0
uniform_32MHz,light_stable,3,30,30,0.23528981993892,0.235193954068707,0.247156865447492,0
uniform_32MHz,light_stable,4,0,30,0.214373013859339,0.199856772233169,0.301383601702162,0
uniform_32MHz,light_stable,4,10,30,0.20008230524182,0.198234433378749,0.244267206848274,0
uniform_32MHz,light_stable,4,20,30,0.228487040718806,0.228269353201864,0.239810100040626,0
uniform_32MHz,light_stable,4,30,30,0.234909143472083,0.234801572539853,0.245031477346584,0
uniform_32MHz,light_stable,5,0,30,0.224882040935867,0.211772694989909,0.304281799856242,0
uniform_32MHz,light_stable,5,10,30,0.193768001508913,0.191425977903956,0.233213660507523,0
uniform_32MHz,light_stable,5,20,30,0.224105373208402,0.223928186526539,0.235947311470137,0
uniform_32MHz,light_stable,5,30,30,0.235090240734269,0.234994930769409,0.24546946015063,0
uniform_32MHz,light_stable,6,0,30,0.229589341109567,0.20724390391465,0.359888570226597,0
uniform_32MHz,light_stable,6,10,30,0.197917086118298,0.195351681063254,0.242619978376732,0
uniform_32MHz,light_stable,6,20,30,0.227342696542617,0.227232935852599,0.242240732187104,0
uniform_32MHz,light_stable,6,30,30,0.235787980225101,0.235698866979678,0.24701770543539,0
uniform_32MHz,light_stable,7,0,30,0.202397911604905,0.185050782425592,0.344199955785369,0
uniform_32MHz,light_stable,7,10,30,0.195440546601964,0.194063147028287,0.229299454256044,0
uniform_32MHz,light_stable,7,20,30,0.225590166689775,0.22547666861167,0.238994130968879,0
uniform_32MHz,light_stable,7,30,30,0.235454616351365,0.235370198357276,0.243526305371294,0
uniform_32MHz,light_stable,8,0,30,0.219385324308853,0.19888942765404,0.332795570541809,0
uniform_32MHz,light_stable,8,10,30,0.200419567616281,0.1984664927227,0.237616664438833,0
uniform_32MHz,light_stable,8,20,30,0.225521445846098,0.225385013310168,0.241747480296877,0
uniform_32MHz,light_stable,8,30,30,0.233546946993518,0.233453709377141,0.246682991174921,0
uniform_32MHz,light_stable,9,0,30,0.212756794293599,0.196300388800939,0.347802477807887,0
uniform_32MHz,light_stable,9,10,30,0.196561861696581,0.195106387480768,0.241099617192347,0
uniform_32MHz,light_stable,9,20,30,0.224997651887759,0.224871851075308,0.237552998078495,0
uniform_32MHz,light_stable,9,30,30,0.233736676933534,0.233659929386754,0.243972564818302,0
uniform_32MHz,light_stable,10,0,30,0.211173028338398,0.193688318928214,0.338874941407806,0
uniform_32MHz,light_stable,10,10,30,0.189518681864388,0.186914850106439,0.251404484558304,0
uniform_32MHz,light_stable,10,20,30,0.223629490449829,0.223516276385979,0.233629121545643,0
uniform_32MHz,light_stable,10,30,30,0.233161762184626,0.233062427712138,0.243642255215221,0
uniform_32MHz,light_stable,11,0,30,0.214260500696944,0.195199627735243,0.323524233242136,0
uniform_32MHz,light_stable,11,10,30,0.194145704215545,0.192637846125632,0.228309742218403,0
uniform_32MHz,light_stable,11,20,30,0.225439866921827,0.225264080506188,0.23772007030075,0
uniform_32MHz,light_stable,11,30,30,0.235309400611768,0.23520858557221,0.247691946410917,0
uniform_32MHz,light_stable,12,0,30,0.196693416105851,0.179941664128237,0.308479985434158,0
uniform_32MHz,light_stable,12,10,30,0.203210352518814,0.200125323853458,0.253248862309206,0
uniform_32MHz,light_stable,12,20,30,0.226902852033377,0.226787609684939,0.238230061607561,0
uniform_32MHz,light_stable,12,30,30,0.233709885802071,0.233621845020856,0.242846688726324,0
uniform_32MHz,light_stable,13,0,30,0.22478027915656,0.208744970019816,0.339736936924362,0
uniform_32MHz,light_stable,13,10,30,0.198558959809937,0.197071749219092,0.242295478390142,0
uniform_32MHz,light_stable,13,20,30,0.225401782099147,0.225266970706674,0.23820742204823,0
uniform_32MHz,light_stable,13,30,30,0.236121486793074,0.236011407688191,0.248941886836224,0
uniform_32MHz,light_stable,14,0,30,0.210087858743472,0.199186835811065,0.311501100693574,0
uniform_32MHz,light_stable,14,10,30,0.195179841800974,0.192865910529368,0.240742996573132,0
uniform_32MHz,light_stable,14,20,30,0.227513736181557,0.227341095672038,0.241906591944931,0
uniform_32MHz,light_stable,14,30,30,0.235587554671114,0.235532552858045,0.244840183555807,0
uniform_32MHz,light_stable,15,0,30,0.210413445328654,0.200296368318605,0.31283800706948,0
uniform_32MHz,light_stable,15,10,30,0.197321290080409,0.195419656550227,0.243909196344706,0
uniform_32MHz,light_stable,15,20,30,0.223765753463963,0.223605569762568,0.239760848909519,0
uniform_32MHz,light_stable,15,30,30,0.235569855369609,0.235485501158223,0.244872042309535,0
uniform_32MHz,light_stable,16,0,30,0.202859536237542,0.187451833827842,0.313473652377205,0
uniform_32MHz,light_stable,16,10,30,0.194316785664366,0.192565853027586,0.237561861204695,0
uniform_32MHz,light_stable,16,20,30,0.226331589272367,0.226165037997286,0.238900093358376,0
uniform_32MHz,light_stable,16,30,30,0.234402555933223,0.234303317990852,0.245510115769255,0
uniform_32MHz,light_stable,17,0,30,0.188057015209234,0.175036805551863,0.300382401232277,0
uniform_32MHz,light_stable,17,10,30,0.203491321968641,0.20058776611299,0.257338922323846,0
uniform_32MHz,light_stable,17,20,30,0.226371435060336,0.22623932468668,0.237511936277254,0
uniform_32MHz,light_stable,17,30,30,0.236402638590197,0.236271000524714,0.248324279297069,0
uniform_32MHz,light_stable,18,0,30,0.206491103367245,0.194479257006004,0.327832468025363,0
uniform_32MHz,light_stable,18,10,30,0.196519143338167,0.194191246543731,0.23978367894582,0
uniform_32MHz,light_stable,18,20,30,0.226633853644769,0.226448927821693,0.242781304939015,0
uniform_32MHz,light_stable,18,30,30,0.235843345466913,0.235704676762757,0.254891132866931,0
uniform_32MHz,light_stable,19,0,30,0.211314446775629,0.189993005739341,0.340784566666198,0
uniform_32MHz,light_stable,19,10,30,0.1931004934186,0.191789520111937,0.232615399034653,0
uniform_32MHz,light_stable,19,20,30,0.228508293626242,0.228253808237824,0.244967864649453,0
uniform_32MHz,light_stable,19,30,30,0.235603195480824,0.235540853335523,0.242953964729583,0
uniform_32MHz,light_stable,20,0,30,0.202693734145516,0.188859872847607,0.32691959326025,0
uniform_32MHz,light_stable,20,10,30,0.204471268288663,0.202922857760436,0.237187611152397,0
uniform_32MHz,light_stable,20,20,30,0.225393459619183,0.225238267566324,0.238891368902735,0
uniform_32MHz,light_stable,20,30,30,0.234587993968384,0.234516400163994,0.245482269589296,0
uniform_32MHz,strong_stable,1,0,30,0.432046679634327,0.41852815462042,0.599160361926252,0
uniform_32MHz,strong_stable,1,10,30,0.420634465635943,0.419908353982076,0.462661299899906,0
uniform_32MHz,strong_stable,1,20,30,0.422026264431656,0.421960474924167,0.434146273679816,0
uniform_32MHz,strong_stable,1,30,30,0.422592176208061,0.422559189856279,0.429846807011855,0
uniform_32MHz,strong_stable,2,0,30,0.413153569693963,0.401701183629038,0.531092205808181,0
uniform_32MHz,strong_stable,2,10,30,0.426506831239689,0.425270037414218,0.479645421630521,0
uniform_32MHz,strong_stable,2,20,30,0.422458337018034,0.422406298396719,0.43437637352294,0
uniform_32MHz,strong_stable,2,30,30,0.421358403607334,0.421316737157803,0.431699983309261,0
uniform_32MHz,strong_stable,3,0,30,0.409660524889328,0.39213235629202,0.596534479952204,0
uniform_32MHz,strong_stable,3,10,30,0.427716677304507,0.426816351046279,0.475759377498621,0
uniform_32MHz,strong_stable,3,20,30,0.426702592515785,0.426615519702977,0.440153813951147,0
uniform_32MHz,strong_stable,3,30,30,0.421347131808745,0.421300554241503,0.43198969748499,0
uniform_32MHz,strong_stable,4,0,30,0.411471947038197,0.396581608858739,0.55118174998329,0
uniform_32MHz,strong_stable,4,10,30,0.421849488594675,0.420983904978229,0.476761241182656,0
uniform_32MHz,strong_stable,4,20,30,0.424961373353856,0.424874804230437,0.44347268913565,0
uniform_32MHz,strong_stable,4,30,30,0.420449672498756,0.420404475039389,0.431189401942139,0
uniform_32MHz,strong_stable,5,0,30,0.388022636279547,0.376342360911601,0.531638278771148,0
uniform_32MHz,strong_stable,5,10,30,0.425967146336047,0.425289307703995,0.464631125330126,0
uniform_32MHz,strong_stable,5,20,30,0.424954704692932,0.424835949510058,0.441285612389319,0
uniform_32MHz,strong_stable,5,30,30,0.421644315748233,0.421610911250582,0.429083112945632,0
uniform_32MHz,strong_stable,6,0,30,0.40869691386727,0.399051228219249,0.527304243609277,0
uniform_32MHz,strong_stable,6,10,30,0.42703793466569,0.42603420566828,0.487291061123441,0
uniform_32MHz,strong_stable,6,20,30,0.424243253326256,0.424193710715144,0.435873541662807,0
uniform_32MHz,strong_stable,6,30,30,0.420730853091791,0.420684013122567,0.43636081278387,0
uniform_32MHz,strong_stable,7,0,30,0.399099660538089,0.382787991652552,0.559385736702882,0
uniform_32MHz,strong_stable,7,10,30,0.424041358508908,0.423022750329968,0.488144951706494,0
uniform_32MHz,strong_stable,7,20,30,0.422936098594094,0.422883781556641,0.436623060370076,0
uniform_32MHz,strong_stable,7,30,30,0.421684051134559,0.421635612815891,0.431309768464106,0
uniform_32MHz,strong_stable,8,0,30,0.437277147813919,0.422954159221747,0.607694492613983,0
uniform_32MHz,strong_stable,8,10,30,0.4243741924884,0.42359773561161,0.465903960975474,0
uniform_32MHz,strong_stable,8,20,30,0.425528324624488,0.425418942199951,0.441417052733317,0
uniform_32MHz,strong_stable,8,30,30,0.421796247644626,0.421756484520946,0.435170668600269,0
uniform_32MHz,strong_stable,9,0,30,0.414612876692248,0.401642630790582,0.588946605570294,0
uniform_32MHz,strong_stable,9,10,30,0.423718234295838,0.423003413032034,0.462683635757481,0
uniform_32MHz,strong_stable,9,20,30,0.4249467337657,0.424861737796829,0.437072860872213,0
uniform_32MHz,strong_stable,9,30,30,0.422140581747394,0.422074796100208,0.433878912749963,0
uniform_32MHz,strong_stable,10,0,30,0.411406549191321,0.396983081212219,0.591244488683195,0
uniform_32MHz,strong_stable,10,10,30,0.418554534234688,0.417822257378483,0.452574124416758,0
uniform_32MHz,strong_stable,10,20,30,0.422779980069071,0.422701291332575,0.432919697390973,0
uniform_32MHz,strong_stable,10,30,30,0.421718242554912,0.421673179462575,0.432688347914814,0
uniform_32MHz,strong_stable,11,0,30,0.415738471668843,0.399590768099321,0.544982717238796,0
uniform_32MHz,strong_stable,11,10,30,0.429716532833245,0.428425957629938,0.489534646188162,0
uniform_32MHz,strong_stable,11,20,30,0.424939068674798,0.424834315199557,0.438864760726229,0
uniform_32MHz,strong_stable,11,30,30,0.42210287267725,0.422052783372659,0.430817604516928,0
uniform_32MHz,strong_stable,12,0,30,0.431285679439213,0.412936760530191,0.662543882564323,0
uniform_32MHz,strong_stable,12,10,30,0.424624897115561,0.423111902335458,0.479884387620485,0
uniform_32MHz,strong_stable,12,20,30,0.420510939139605,0.420408396479119,0.432395490053395,0
uniform_32MHz,strong_stable,12,30,30,0.419943369885615,0.419893244643227,0.428689634353656,0
uniform_32MHz,strong_stable,13,0,30,0.39539694757793,0.379072449133552,0.509548957754808,0
uniform_32MHz,strong_stable,13,10,30,0.428366126291371,0.427244209149382,0.510594608467413,0
uniform_32MHz,strong_stable,13,20,30,0.422815780601908,0.422763877474267,0.433211259417837,0
uniform_32MHz,strong_stable,13,30,30,0.420459381722043,0.420426057689252,0.427144072337912,0
uniform_32MHz,strong_stable,14,0,30,0.422053599103559,0.403701773713109,0.604184665955524,0
uniform_32MHz,strong_stable,14,10,30,0.421727775980675,0.420910615471929,0.458301524348684,0
uniform_32MHz,strong_stable,14,20,30,0.421664649538079,0.421555308899067,0.440642628410474,0
uniform_32MHz,strong_stable,14,30,30,0.423014140231487,0.422979973939946,0.43096662684909,0
uniform_32MHz,strong_stable,15,0,30,0.428220341336466,0.415509518576547,0.56330569389733,0
uniform_32MHz,strong_stable,15,10,30,0.42666421218508,0.425587077797317,0.4755341904463,0
uniform_32MHz,strong_stable,15,20,30,0.422246203719424,0.422194501751987,0.434051315020543,0
uniform_32MHz,strong_stable,15,30,30,0.422682281616572,0.422651756235078,0.430154794767162,0
uniform_32MHz,strong_stable,16,0,30,0.409347886159948,0.398207737961603,0.548290370590893,0
uniform_32MHz,strong_stable,16,10,30,0.430371399290089,0.429781536114987,0.462804850674596,0
uniform_32MHz,strong_stable,16,20,30,0.422466651866993,0.422389931793596,0.434825068964209,0
uniform_32MHz,strong_stable,16,30,30,0.422206643464812,0.42216192281446,0.431607261661215,0
uniform_32MHz,strong_stable,17,0,30,0.420403660621124,0.407042273072222,0.590760778817696,0
uniform_32MHz,strong_stable,17,10,30,0.432527712088452,0.431633151015785,0.486705341518306,0
uniform_32MHz,strong_stable,17,20,30,0.423772175863347,0.423676847691819,0.435683640514448,0
uniform_32MHz,strong_stable,17,30,30,0.422084113949631,0.422040647729252,0.433405299197712,0
uniform_32MHz,strong_stable,18,0,30,0.404980940082594,0.387439410801365,0.566488211572768,0
uniform_32MHz,strong_stable,18,10,30,0.415943205905468,0.414957725613586,0.467805228798614,0
uniform_32MHz,strong_stable,18,20,30,0.424976256081115,0.424901241488722,0.437315116151201,0
uniform_32MHz,strong_stable,18,30,30,0.420607287228255,0.420559049106205,0.433054112017096,0
uniform_32MHz,strong_stable,19,0,30,0.410936898596959,0.392707867826464,0.556664982777132,0
uniform_32MHz,strong_stable,19,10,30,0.426059180847901,0.424777592217594,0.498063713661281,0
uniform_32MHz,strong_stable,19,20,30,0.425475567075604,0.425406995826505,0.439678184071866,0
uniform_32MHz,strong_stable,19,30,30,0.422930029407335,0.422885689153152,0.433637248746386,0
uniform_32MHz,strong_stable,20,0,30,0.415178144376326,0.399118161833779,0.624486083308398,0
uniform_32MHz,strong_stable,20,10,30,0.427012167861219,0.425559024556386,0.508669424906362,0
uniform_32MHz,strong_stable,20,20,30,0.423972689059593,0.423897050225747,0.436589246738141,0
uniform_32MHz,strong_stable,20,30,30,0.421545560490356,0.421478152942662,0.43597801522343,0
uniform_64MHz,LOS_stable,1,0,30,0.0409355896520691,0.0337156672908525,0.0838663413023009,0
uniform_64MHz,LOS_stable,1,10,30,0.0110718589729818,0.00899002572626933,0.0194170769035862,0
uniform_64MHz,LOS_stable,1,20,30,0.00386471134311268,0.0029016717911319,0.00811985443756624,0
uniform_64MHz,LOS_stable,1,30,30,0.00259110084140155,0.00211484247462267,0.00484899228549729,0
uniform_64MHz,LOS_stable,2,0,30,0.0373932591338555,0.0302509556439286,0.0707248498169957,0
uniform_64MHz,LOS_stable,2,10,30,0.00998628070000647,0.008250375170693,0.0179727810401418,0
uniform_64MHz,LOS_stable,2,20,30,0.00562932210686912,0.00474793525905827,0.0117346909278031,0
uniform_64MHz,LOS_stable,2,30,30,0.00354005076343288,0.00282932746834159,0.00610551772169421,0
uniform_64MHz,LOS_stable,3,0,30,0.0327551526687208,0.0289378606147829,0.0536781552306902,0
uniform_64MHz,LOS_stable,3,10,30,0.0092142224282817,0.00685436491999273,0.0209477840684427,0
uniform_64MHz,LOS_stable,3,20,30,0.00456483251479658,0.00353516807493775,0.00924720922347744,0
uniform_64MHz,LOS_stable,3,30,30,0.00326866878590052,0.00266638631416893,0.00599578297197079,0
uniform_64MHz,LOS_stable,4,0,30,0.0307597009661634,0.0230689853864183,0.0619091611013873,0
uniform_64MHz,LOS_stable,4,10,30,0.0104381729183292,0.00902846158131745,0.0190646240817287,0
uniform_64MHz,LOS_stable,4,20,30,0.00419482750450247,0.00310161981748189,0.00885129938872886,0
uniform_64MHz,LOS_stable,4,30,30,0.00302279097464337,0.00244510325382324,0.00520010527908621,0
uniform_64MHz,LOS_stable,5,0,30,0.0375980499452627,0.0313930121363771,0.0693518647986711,0
uniform_64MHz,LOS_stable,5,10,30,0.0115588197247351,0.00975003374766673,0.0209794525810674,0
uniform_64MHz,LOS_stable,5,20,30,0.0045435361489851,0.00369679629727946,0.00787171629506123,0
uniform_64MHz,LOS_stable,5,30,30,0.00313740323085357,0.00266859321936916,0.005434607018592,0
uniform_64MHz,LOS_stable,6,0,30,0.029140083720466,0.0237331313057439,0.0636194977221551,0
uniform_64MHz,LOS_stable,6,10,30,0.0130359584704021,0.0103192841898146,0.0232725408675369,0
uniform_64MHz,LOS_stable,6,20,30,0.00421728843054047,0.00338075758452362,0.00837418434327297,0
uniform_64MHz,LOS_stable,6,30,30,0.00319761961080691,0.00262049004742882,0.00580186444089037,0
uniform_64MHz,LOS_stable,7,0,30,0.0415143119769773,0.0343740243757926,0.0828180863580972,0
uniform_64MHz,LOS_stable,7,10,30,0.0129041231803234,0.010584934136757,0.026843449004101,0
uniform_64MHz,LOS_stable,7,20,30,0.0040787036755615,0.00356473149089892,0.00707876361289728,0
uniform_64MHz,LOS_stable,7,30,30,0.00318414287798312,0.0025062387493447,0.00704569876717187,0
uniform_64MHz,LOS_stable,8,0,30,0.0351722773052155,0.0300802860603546,0.065189505329176,0
uniform_64MHz,LOS_stable,8,10,30,0.010883998586254,0.00858341959246758,0.0239406826783117,0
uniform_64MHz,LOS_stable,8,20,30,0.00337684942241861,0.00268717690067559,0.00728790155404369,0
uniform_64MHz,LOS_stable,8,30,30,0.00311328332003718,0.00246240027778049,0.00654481187301315,0
uniform_64MHz,LOS_stable,9,0,30,0.0334433168962962,0.0288219092541938,0.0570339290499469,0
uniform_64MHz,LOS_stable,9,10,30,0.00899387451686422,0.00704960335087718,0.016128669161775,0
uniform_64MHz,LOS_stable,9,20,30,0.00377187142465934,0.00299810667532749,0.00755468133787396,0
uniform_64MHz,LOS_stable,9,30,30,0.00318441695205684,0.00286973998526232,0.00537889960877358,0
uniform_64MHz,LOS_stable,10,0,30,0.0403329974901923,0.0327647769482096,0.0794572092877619,0
uniform_64MHz,LOS_stable,10,10,30,0.0104141942781912,0.00814789108555883,0.0240841526238853,0
uniform_64MHz,LOS_stable,10,20,30,0.00439991687278917,0.00346065375050865,0.00858800757428924,0
uniform_64MHz,LOS_stable,10,30,30,0.0027306259370102,0.00220226571088903,0.00503661860065385,0
uniform_64MHz,LOS_stable,11,0,30,0.0333339625588397,0.0278475543418213,0.0543872894894175,0
uniform_64MHz,LOS_stable,11,10,30,0.0106927284759658,0.00777433917285807,0.0218827997767335,0
uniform_64MHz,LOS_stable,11,20,30,0.00565171401593547,0.00444557470099441,0.012082729447922,0
uniform_64MHz,LOS_stable,11,30,30,0.00331335313503789,0.00250369422910991,0.005971546396486,0
uniform_64MHz,LOS_stable,12,0,30,0.0325743130403901,0.0267821762225679,0.0650965872242519,0
uniform_64MHz,LOS_stable,12,10,30,0.0108174369540551,0.00858869023976165,0.0234287359421899,0
uniform_64MHz,LOS_stable,12,20,30,0.00370401355408264,0.00311841678119441,0.00667737364702248,0
uniform_64MHz,LOS_stable,12,30,30,0.00366362439071323,0.00306078290900622,0.00729917443467087,0
uniform_64MHz,LOS_stable,13,0,30,0.0336193659108548,0.0278026215491442,0.06176921321312,0
uniform_64MHz,LOS_stable,13,10,30,0.00918463475439823,0.00746405600481666,0.0177609464333788,0
uniform_64MHz,LOS_stable,13,20,30,0.00368302229071558,0.00266415854428186,0.00790327315291428,0
uniform_64MHz,LOS_stable,13,30,30,0.00326102770751056,0.00264137304251448,0.00599925708701399,0
uniform_64MHz,LOS_stable,14,0,30,0.0253247257837251,0.0202686116973597,0.0522023163836156,0
uniform_64MHz,LOS_stable,14,10,30,0.011972387757033,0.00995400037268024,0.0211055123268054,0
uniform_64MHz,LOS_stable,14,20,30,0.0045737417570424,0.00375700706287715,0.00897503761959939,0
uniform_64MHz,LOS_stable,14,30,30,0.00354483628794897,0.00262414666289092,0.00892021198379567,0
uniform_64MHz,LOS_stable,15,0,30,0.0242892030574907,0.0193163431770084,0.0465394301468294,0
uniform_64MHz,LOS_stable,15,10,30,0.0107136026579115,0.0085580155607102,0.0203442801803373,0
uniform_64MHz,LOS_stable,15,20,30,0.0041985253743901,0.0035993550566193,0.0062525523833834,0
uniform_64MHz,LOS_stable,15,30,30,0.00294527756403334,0.00243562889740196,0.00541480468312905,0
uniform_64MHz,LOS_stable,16,0,30,0.0364070258794963,0.0273525974374426,0.0766692691681996,0
uniform_64MHz,LOS_stable,16,10,30,0.00999632723657424,0.0072384427436005,0.0215932496681575,0
uniform_64MHz,LOS_stable,16,20,30,0.00524736294086681,0.00437507360890438,0.0110146347525344,0
uniform_64MHz,LOS_stable,16,30,30,0.00345449313273307,0.00275681054999091,0.00689456165537194,0
uniform_64MHz,LOS_stable,17,0,30,0.0310533383163312,0.0257517086468975,0.0550501525309421,0
uniform_64MHz,LOS_stable,17,10,30,0.00925300219547984,0.00790791954571085,0.0165017487299757,0
uniform_64MHz,LOS_stable,17,20,30,0.00386892701617587,0.0031597712337561,0.00724686360587157,0
uniform_64MHz,LOS_stable,17,30,30,0.00395487030427471,0.00329665033777182,0.00692587548641654,0
uniform_64MHz,LOS_stable,18,0,30,0.0396071387535921,0.0302456332829035,0.0809675215717789,0
uniform_64MHz,LOS_stable,18,10,30,0.00974687313281211,0.00746338827063416,0.0209125243815969,0
uniform_64MHz,LOS_stable,18,20,30,0.00443630187519355,0.00353925286634364,0.0103106031940925,0
uniform_64MHz,LOS_stable,18,30,30,0.00325365227221933,0.00253918270011854,0.00619683201404087,0
uniform_64MHz,LOS_stable,19,0,30,0.0350500321458547,0.0272283637482987,0.0708978906967808,0
uniform_64MHz,LOS_stable,19,10,30,0.00980354772250857,0.0078666266016113,0.0194816880003472,0
uniform_64MHz,LOS_stable,19,20,30,0.00365109265162793,0.00289511269671614,0.00725591139951831,0
uniform_64MHz,LOS_stable,19,30,30,0.00367287431970526,0.00304743772511031,0.00700994735089111,0
uniform_64MHz,LOS_stable,20,0,30,0.0386314481687292,0.0298903247477092,0.0772340902227562,0
uniform_64MHz,LOS_stable,20,10,30,0.0116357455876724,0.00934768460224879,0.0240789550790659,0
uniform_64MHz,LOS_stable,20,20,30,0.0032410957748378,0.00242952829372148,0.00511044591138088,0
uniform_64MHz,LOS_stable,20,30,30,0.00303960142576073,0.00258880335216401,0.00517306272821827,0
uniform_64MHz,light_stable,1,0,30,0.0324889538394965,0.0269664629992867,0.0601016499476558,0
uniform_64MHz,light_stable,1,10,30,0.0501077801621362,0.0381725815445953,0.0861718820326569,0
uniform_64MHz,light_stable,1,20,30,0.0609410763700219,0.0608196931422575,0.0658615010932533,0
uniform_64MHz,light_stable,1,30,30,0.0591121387169695,0.0590311249728445,0.0651643628069816,0
uniform_64MHz,light_stable,2,0,30,0.0318552992730047,0.025316100590686,0.0596317427082522,0
uniform_64MHz,light_stable,2,10,30,0.0532406427518812,0.0418628906267724,0.0868526556321738,0
uniform_64MHz,light_stable,2,20,30,0.0600349648721368,0.0599057875142119,0.0642250486100924,0
uniform_64MHz,light_stable,2,30,30,0.0599270430848408,0.0598218830463343,0.0656417453866909,0
uniform_64MHz,light_stable,3,0,30,0.0324408438949981,0.0267157729858622,0.0653192026533618,0
uniform_64MHz,light_stable,3,10,30,0.0455726255782922,0.0353609396495123,0.0778666605128975,0
uniform_64MHz,light_stable,3,20,30,0.060068719811317,0.0599419546069095,0.0680773308953229,0
uniform_64MHz,light_stable,3,30,30,0.0592136763422514,0.059079582684577,0.0675911003255112,0
uniform_64MHz,light_stable,4,0,30,0.0383933562436339,0.0284029676649361,0.0912862249905615,0
uniform_64MHz,light_stable,4,10,30,0.0500883687709656,0.0385153751623138,0.0948823720542462,0
uniform_64MHz,light_stable,4,20,30,0.0611594343371295,0.0609640184595582,0.0693036829568499,0
uniform_64MHz,light_stable,4,30,30,0.0593605017585996,0.0592887844921353,0.0634869778342297,0
uniform_64MHz,light_stable,5,0,30,0.0350289627786235,0.029788578025609,0.0618304983274029,0
uniform_64MHz,light_stable,5,10,30,0.0456992658793298,0.0359767268153364,0.0825648726313801,0
uniform_64MHz,light_stable,5,20,30,0.0609539583867477,0.060735963356654,0.0696390039033119,0
uniform_64MHz,light_stable,5,30,30,0.0593319740298305,0.0592375886594177,0.0649649740522928,0
uniform_64MHz,light_stable,6,0,30,0.0349927404212133,0.0288243941053168,0.0669376539113555,0
uniform_64MHz,light_stable,6,10,30,0.0535423485168278,0.0430099306798945,0.0883715376688476,0
uniform_64MHz,light_stable,6,20,30,0.0622840512248569,0.0620435034168372,0.0735324570149292,0
uniform_64MHz,light_stable,6,30,30,0.0600279482044117,0.0599373082819724,0.0650102950162115,0
uniform_64MHz,light_stable,7,0,30,0.031911589532328,0.025593883746854,0.0749082927181091,0
uniform_64MHz,light_stable,7,10,30,0.0543962770005833,0.0440002835031889,0.0929310472024429,0
uniform_64MHz,light_stable,7,20,30,0.060986652223916,0.0608938299402104,0.0660836503149698,0
uniform_64MHz,light_stable,7,30,30,0.059684939166553,0.0596297678903263,0.0639687660286459,0
uniform_64MHz,light_stable,8,0,30,0.0301062638184023,0.0254266582541932,0.0601648849499252,0
uniform_64MHz,light_stable,8,10,30,0.0533657082326278,0.0446510038669538,0.0772813550338913,0
uniform_64MHz,light_stable,8,20,30,0.0612145560286965,0.0610128750423826,0.0683888743874803,0
uniform_64MHz,light_stable,8,30,30,0.0601203984174496,0.0600364099558798,0.0654982042819316,0
uniform_64MHz,light_stable,9,0,30,0.0274081337540935,0.0213617027557051,0.0521574287408022,0
uniform_64MHz,light_stable,9,10,30,0.05331889405037,0.0441265047621224,0.0852909028095805,0
uniform_64MHz,light_stable,9,20,30,0.0597440597576472,0.0595787802333547,0.0668245973492105,0
uniform_64MHz,light_stable,9,30,30,0.0593470366998465,0.0592801505019261,0.0630958392451557,0
uniform_64MHz,light_stable,10,0,30,0.0340981752405702,0.0274526986460186,0.0699357833878942,0
uniform_64MHz,light_stable,10,10,30,0.0587896342809847,0.0489501447186461,0.0984356709878327,0
uniform_64MHz,light_stable,10,20,30,0.0604048143552332,0.0602919883085988,0.0658420627385041,0
uniform_64MHz,light_stable,10,30,30,0.0596932927920048,0.0595847485123665,0.0631586711884911,0
uniform_64MHz,light_stable,11,0,30,0.0330774916891949,0.0273083672949735,0.0588777857017444,0
uniform_64MHz,light_stable,11,10,30,0.0571705095952513,0.049080773824288,0.0863374726564672,0
uniform_64MHz,light_stable,11,20,30,0.0611293687455268,0.0609625880103798,0.0701567055893957,0
uniform_64MHz,light_stable,11,30,30,0.0609755786925395,0.0608913161563762,0.0664036431217436,0
uniform_64MHz,light_stable,12,0,30,0.0397977802560702,0.0323538554736461,0.0704898646646743,0
uniform_64MHz,light_stable,12,10,30,0.0469360094653723,0.0366845328177204,0.0766612162778006,0
uniform_64MHz,light_stable,12,20,30,0.0588110642066587,0.0587001101192969,0.0658304233630194,0
uniform_64MHz,light_stable,12,30,30,0.0608805902870906,0.0608185898911169,0.0642512286548769,0
uniform_64MHz,light_stable,13,0,30,0.0367536125904282,0.0293508873649866,0.0735475854032188,0
uniform_64MHz,light_stable,13,10,30,0.046546836421039,0.0350286866362976,0.0804788720303282,0
uniform_64MHz,light_stable,13,20,30,0.0589061595052483,0.0587711314298434,0.0645263398237805,0
uniform_64MHz,light_stable,13,30,30,0.0594195144093784,0.0593223296572485,0.0645195096827624,0
uniform_64MHz,light_stable,14,0,30,0.0319302175289066,0.0247278788971295,0.0653568587144431,0
uniform_64MHz,light_stable,14,10,30,0.0578418845719727,0.0505425048623345,0.0908830278915911,0
uniform_64MHz,light_stable,14,20,30,0.060165721058272,0.0599490641284351,0.0681904759002006,0
uniform_64MHz,light_stable,14,30,30,0.059711484365918,0.059624004126723,0.0650646907246148,0
uniform_64MHz,light_stable,15,0,30,0.0381518005592278,0.0340179460439453,0.0579337836208911,0
uniform_64MHz,light_stable,15,10,30,0.0506680541485247,0.0390013657782075,0.0895086098616176,0
uniform_64MHz,light_stable,15,20,30,0.0619025115361931,0.0617056744028443,0.0711706504249054,0
uniform_64MHz,light_stable,15,30,30,0.0595840560788311,0.0594914053065152,0.0649338278651808,0
uniform_64MHz,light_stable,16,0,30,0.0456659130527577,0.0355946045974294,0.101037493871331,0
uniform_64MHz,light_stable,16,10,30,0.05634317083595,0.046004722387512,0.0920351757549867,0
uniform_64MHz,light_stable,16,20,30,0.0603766712995468,0.0602221558871668,0.0689847035779252,0
uniform_64MHz,light_stable,16,30,30,0.0594694477071455,0.0593645521347348,0.0654272693963662,0
uniform_64MHz,light_stable,17,0,30,0.0395606827022894,0.0309089046107037,0.0836184604522821,0
uniform_64MHz,light_stable,17,10,30,0.0562355224076128,0.0473367568516616,0.0856702152641304,0
uniform_64MHz,light_stable,17,20,30,0.0610306301861753,0.0608127978506207,0.0704102051691073,0
uniform_64MHz,light_stable,17,30,30,0.060197354152435,0.0601159207225437,0.064767048162345,0
uniform_64MHz,light_stable,18,0,30,0.027951074147498,0.0229571134447455,0.0561444445458648,0
uniform_64MHz,light_stable,18,10,30,0.0496109935155575,0.03796762827317,0.0828249049449212,0
uniform_64MHz,light_stable,18,20,30,0.0608590450863479,0.0607647054183095,0.0652949610347733,0
uniform_64MHz,light_stable,18,30,30,0.0599717789747941,0.0598669753879391,0.0661654352149839,0
uniform_64MHz,light_stable,19,0,30,0.0324491311083258,0.0246470395944849,0.0701715854741138,0
uniform_64MHz,light_stable,19,10,30,0.0570026143158598,0.0487503077878721,0.0882028654720912,0
uniform_64MHz,light_stable,19,20,30,0.0608286175853798,0.0607172764721767,0.0686596104442039,0
uniform_64MHz,light_stable,19,30,30,0.0592549134320334,0.0591818743753658,0.0639664326078808,0
uniform_64MHz,light_stable,20,0,30,0.0398374215931178,0.0322670342723574,0.0623873670890944,0
uniform_64MHz,light_stable,20,10,30,0.0531775165833924,0.0421199517292539,0.0903053845145081,0
uniform_64MHz,light_stable,20,20,30,0.0614494503064183,0.0613016269713552,0.069009883797353,0
uniform_64MHz,light_stable,20,30,30,0.0593245829687818,0.059257944545636,0.0643884049886481,0
uniform_64MHz,strong_stable,1,0,30,0.13883940332345,0.129884922663167,0.228470970053394,0
uniform_64MHz,strong_stable,1,10,30,0.130270514901586,0.129362324091216,0.157649116634849,0
uniform_64MHz,strong_stable,1,20,30,0.13015250574358,0.130083854528278,0.137749637297365,0
uniform_64MHz,strong_stable,1,30,30,0.128701145112668,0.12865733578592,0.133690526944905,0
uniform_64MHz,strong_stable,2,0,30,0.130373174977355,0.12186198442398,0.186110201862465,0
uniform_64MHz,strong_stable,2,10,30,0.128643402994153,0.127683104535804,0.158393897988675,0
uniform_64MHz,strong_stable,2,20,30,0.131013868572413,0.130957393249267,0.137424718489839,0
uniform_64MHz,strong_stable,2,30,30,0.128118307857315,0.128077088391224,0.133049558040695,0
uniform_64MHz,strong_stable,3,0,30,0.135345190480054,0.12760166227224,0.184126074129809,0
uniform_64MHz,strong_stable,3,10,30,0.132399927369761,0.131592415065062,0.148367659195659,0
uniform_64MHz,strong_stable,3,20,30,0.129387126019383,0.129338751583453,0.135693632288227,0
uniform_64MHz,strong_stable,3,30,30,0.128278700977165,0.128221509153653,0.133172477900624,0
uniform_64MHz,strong_stable,4,0,30,0.143248376155251,0.13655640464362,0.21463971749407,0
uniform_64MHz,strong_stable,4,10,30,0.124719724200284,0.123981370204669,0.146674014599523,0
uniform_64MHz,strong_stable,4,20,30,0.130384274615797,0.130296752605277,0.138648716467022,0
uniform_64MHz,strong_stable,4,30,30,0.13003074834629,0.129995641612232,0.134881604977248,0
uniform_64MHz,strong_stable,5,0,30,0.143763258507294,0.137616210078048,0.196677797043327,0
uniform_64MHz,strong_stable,5,10,30,0.127384076042737,0.126436228387734,0.148250124192943,0
uniform_64MHz,strong_stable,5,20,30,0.129522991554898,0.129457600793008,0.135761170223285,0
uniform_64MHz,strong_stable,5,30,30,0.129647615645032,0.129602813683966,0.134463008296891,0
uniform_64MHz,strong_stable,6,0,30,0.13425888925723,0.125372605693793,0.191516827525034,0
uniform_64MHz,strong_stable,6,10,30,0.128655759948395,0.127679508846171,0.154274488332828,0
uniform_64MHz,strong_stable,6,20,30,0.129698365202368,0.129613244099288,0.136732008896495,0
uniform_64MHz,strong_stable,6,30,30,0.128572993545477,0.128546859504368,0.133688885890472,0
uniform_64MHz,strong_stable,7,0,30,0.130257346886459,0.124698986707083,0.189823427243839,0
uniform_64MHz,strong_stable,7,10,30,0.13025634861167,0.129326963357626,0.164997324031101,0
uniform_64MHz,strong_stable,7,20,30,0.128963581657063,0.128891354766276,0.135068337528574,0
uniform_64MHz,strong_stable,7,30,30,0.128425136071515,0.128388754067343,0.132145356977588,0
uniform_64MHz,strong_stable,8,0,30,0.141448156078823,0.133764773813376,0.205935411680708,0
uniform_64MHz,strong_stable,8,10,30,0.127318943512516,0.126421164015872,0.149803507595872,0
uniform_64MHz,strong_stable,8,20,30,0.129435727364872,0.129361371814024,0.136073345085745,0
uniform_64MHz,strong_stable,8,30,30,0.127823416450516,0.127784655486747,0.131798779802038,0
uniform_64MHz,strong_stable,9,0,30,0.138466398005615,0.126958800333146,0.1994199593762,0
uniform_64MHz,strong_stable,9,10,30,0.127775922396912,0.127013821450292,0.149759109907921,0
uniform_64MHz,strong_stable,9,20,30,0.130051855292688,0.13000183129798,0.135469956169352,0
uniform_64MHz,strong_stable,9,30,30,0.129853715730106,0.129830074824719,0.133561614418234,0
uniform_64MHz,strong_stable,10,0,30,0.136731914888139,0.12691514946826,0.211061585540341,0
uniform_64MHz,strong_stable,10,10,30,0.132233015051731,0.131457060119937,0.150076937608517,0
uniform_64MHz,strong_stable,10,20,30,0.128821435047962,0.128739424412529,0.137793670888176,0
uniform_64MHz,strong_stable,10,30,30,0.128046673531053,0.12801116883131,0.132331358357984,0
uniform_64MHz,strong_stable,11,0,30,0.133770487104972,0.128198954514038,0.186524304225026,0
uniform_64MHz,strong_stable,11,10,30,0.129209956413939,0.128436053577555,0.153794768713823,0
uniform_64MHz,strong_stable,11,20,30,0.13069220751153,0.130613357295975,0.137681797132823,0
uniform_64MHz,strong_stable,11,30,30,0.128407953547855,0.128371958651937,0.133104641513649,0
uniform_64MHz,strong_stable,12,0,30,0.140758145368523,0.132262218897207,0.202310294854206,0
uniform_64MHz,strong_stable,12,10,30,0.128445434802687,0.127572429900293,0.14904353503632,0
uniform_64MHz,strong_stable,12,20,30,0.131048256288329,0.130979399040047,0.136293751749314,0
uniform_64MHz,strong_stable,12,30,30,0.128621706210045,0.128572717034782,0.133756872064454,0
uniform_64MHz,strong_stable,13,0,30,0.13179961163665,0.12298851433332,0.201241362804724,0
uniform_64MHz,strong_stable,13,10,30,0.1294638858047,0.1284661559868,0.157416890389351,0
uniform_64MHz,strong_stable,13,20,30,0.130168092223388,0.13004387499099,0.13937046937809,0
uniform_64MHz,strong_stable,13,30,30,0.127761611999414,0.127710220107334,0.133050276574586,0
uniform_64MHz,strong_stable,14,0,30,0.140988038489805,0.130409068317989,0.214363205459295,0
uniform_64MHz,strong_stable,14,10,30,0.130142023469731,0.12936424777359,0.150589255955232,0
uniform_64MHz,strong_stable,14,20,30,0.129686255534402,0.12960198407639,0.136255256477854,0
uniform_64MHz,strong_stable,14,30,30,0.127789527604912,0.127758442477725,0.131907930534084,0
uniform_64MHz,strong_stable,15,0,30,0.137727387791219,0.131505145358518,0.191894554864989,0
uniform_64MHz,strong_stable,15,10,30,0.131035685011163,0.129904304334074,0.158983552983955,0
uniform_64MHz,strong_stable,15,20,30,0.129992824492436,0.12991211615248,0.13633538499186,0
uniform_64MHz,strong_stable,15,30,30,0.12869825026707,0.128667253055293,0.134497323825281,0
uniform_64MHz,strong_stable,16,0,30,0.131911334843975,0.124850711541998,0.186550538113025,0
uniform_64MHz,strong_stable,16,10,30,0.128790715624202,0.127869375176736,0.148261390807439,0
uniform_64MHz,strong_stable,16,20,30,0.130835503556053,0.130768196764693,0.136331421264748,0
uniform_64MHz,strong_stable,16,30,30,0.129126524972758,0.129093673623484,0.133489606346485,0
uniform_64MHz,strong_stable,17,0,30,0.134354159234446,0.124678300831688,0.203575395340472,0
uniform_64MHz,strong_stable,17,10,30,0.128620140323096,0.127849567173854,0.15149045057494,0
uniform_64MHz,strong_stable,17,20,30,0.129342419261608,0.129224280006693,0.138986149459161,0
uniform_64MHz,strong_stable,17,30,30,0.129043557364996,0.129011985799043,0.133778194179552,0
uniform_64MHz,strong_stable,18,0,30,0.132937576203264,0.127438615402987,0.189028247053056,0
uniform_64MHz,strong_stable,18,10,30,0.128316450489441,0.127346202135133,0.157259651347154,0
uniform_64MHz,strong_stable,18,20,30,0.129800326331101,0.129715409050068,0.135428398823564,0
uniform_64MHz,strong_stable,18,30,30,0.128482933999401,0.128457223240572,0.132882161400353,0
uniform_64MHz,strong_stable,19,0,30,0.1243119966124,0.113858064344852,0.180640401889946,0
uniform_64MHz,strong_stable,19,10,30,0.128826009128596,0.128071400266559,0.148647322752563,0
uniform_64MHz,strong_stable,19,20,30,0.129026262547266,0.128952249109267,0.136074984717975,0
uniform_64MHz,strong_stable,19,30,30,0.128480319319037,0.128436011323674,0.134043256084684,0
uniform_64MHz,strong_stable,20,0,30,0.135922497541945,0.126474646946703,0.202348466817956,0
uniform_64MHz,strong_stable,20,10,30,0.128758947355301,0.128173194756274,0.148421988321946,0
uniform_64MHz,strong_stable,20,20,30,0.130732661252072,0.130681242690988,0.137016206798503,0
uniform_64MHz,strong_stable,20,30,30,0.12837788366304,0.128343549217856,0.134054614628973,0
