Plan,Condition,Distance_m,N,RMSE_m,MAE_m,P95_m,Over1m
uniform_32MHz,LOS_stable,1,120,0.0333077073179693,0.0198824360854361,0.0793116033057177,0
uniform_32MHz,LOS_stable,2,120,0.0345992345895332,0.020213409030194,0.090917676331999,0
uniform_32MHz,LOS_stable,3,120,0.039816011919427,0.0235914825644619,0.0889448099228489,0
uniform_32MHz,LOS_stable,4,120,0.0268274232639351,0.0176095945023267,0.064162494095358,0
uniform_32MHz,LOS_stable,5,120,0.0340035390722161,0.0185140891801451,0.0783973355826237,0
uniform_32MHz,LOS_stable,6,120,0.0323975526659016,0.0192350958716533,0.0870322150294696,0
uniform_32MHz,LOS_stable,7,120,0.0411024599792749,0.0226541375876497,0.090320676282392,0
uniform_32MHz,LOS_stable,8,120,0.0322553476671188,0.019736946007606,0.080178516656483,0
uniform_32MHz,LOS_stable,9,120,0.0368970892550333,0.0208567881523978,0.0798860509510089,0
uniform_32MHz,LOS_stable,10,120,0.0397661859601997,0.0221695785706219,0.095785016469339,0
uniform_32MHz,LOS_stable,11,120,0.0392122048749111,0.023605960249565,0.095183802203227,0
uniform_32MHz,LOS_stable,12,120,0.0352586080650083,0.0216788553712834,0.0784516312588046,0
uniform_32MHz,LOS_stable,13,120,0.0287296022355669,0.0170844337190609,0.0783767912875994,0
uniform_32MHz,LOS_stable,14,120,0.0334913583706858,0.020213823932829,0.0730119072386568,0
uniform_32MHz,LOS_stable,15,120,0.0350367158713063,0.0210965422255383,0.0912658555011507,0
uniform_32MHz,LOS_stable,16,120,0.0328549960761796,0.0200470119225169,0.0744081416333024,0
uniform_32MHz,LOS_stable,17,120,0.0386453578498415,0.0213555140387364,0.0874686157230222,0
uniform_32MHz,LOS_stable,18,120,0.0328130568958576,0.0195927644095492,0.0725421782001696,0
uniform_32MHz,LOS_stable,19,120,0.0332450739622073,0.0189314798985084,0.0643754720707967,0
uniform_32MHz,LOS_stable,20,120,0.0322855231561452,0.0191566267163976,0.0798346431883097,0
uniform_32MHz,light_stable,1,120,0.216387230979948,0.210979335852566,0.256897548450331,0
uniform_32MHz,light_stable,2,120,0.212549270106462,0.206214240613254,0.243940912289391,0
uniform_32MHz,light_stable,3,120,0.220631095426162,0.21550141228762,0.269108419445472,0
uniform_32MHz,light_stable,4,120,0.219873458724127,0.215290532838409,0.266631082749178,0
uniform_32MHz,light_stable,5,120,0.220004892180613,0.215530447547453,0.27525786471138,0
uniform_32MHz,light_stable,6,120,0.223138472600863,0.216381846952545,0.300150663983382,0
uniform_32MHz,light_stable,7,120,0.215343749355763,0.209990199105706,0.249020698933205,0
uniform_32MHz,light_stable,8,120,0.220057959747032,0.214048660766012,0.30247735364048,0
uniform_32MHz,light_stable,9,120,0.217461948677608,0.212484639185942,0.259519921347737,0
uniform_32MHz,light_stable,10,120,0.214991822528855,0.209295468283193,0.255755060847248,0
uniform_32MHz,light_stable,11,120,0.217826630740054,0.212077534984818,0.280204279851748,0
uniform_32MHz,light_stable,12,120,0.215689569922092,0.210119110671872,0.257803660040608,0
uniform_32MHz,light_stable,13,120,0.221647893243624,0.216773774408443,0.274739704034992,0
uniform_32MHz,light_stable,14,120,0.217655734535112,0.213731598717629,0.251865556862578,0
uniform_32MHz,light_stable,15,120,0.217240522621946,0.213701773947406,0.256139855496102,0
uniform_32MHz,light_stable,16,120,0.215105527104736,0.210121510710892,0.246919603498469,0
uniform_32MHz,light_stable,17,120,0.214420377547025,0.209533724219062,0.249002022063962,0
uniform_32MHz,light_stable,18,120,0.216935092070816,0.212706027033546,0.260920181393725,0
uniform_32MHz,light_stable,19,120,0.217753588920682,0.211394296856156,0.293004885786633,0
uniform_32MHz,light_stable,20,120,0.217213597623769,0.21288434958459,0.245482269589296,0
uniform_32MHz,strong_stable,1,120,0.424348913727337,0.420739043345735,0.520798037988338,0
uniform_32MHz,strong_stable,2,120,0.42089722618816,0.417673564149445,0.5003340002792,0
uniform_32MHz,strong_stable,3,120,0.421417788435703,0.416716195320695,0.506433263689238,0
uniform_32MHz,strong_stable,4,120,0.419713071685318,0.415711198276698,0.518796597236613,0
uniform_32MHz,strong_stable,5,120,0.415445545789835,0.412019632344059,0.464631125330126,0
uniform_32MHz,strong_stable,6,120,0.420235455960216,0.41749078943131,0.489964563990776,0
uniform_32MHz,strong_stable,7,120,0.417068338298097,0.412582534088763,0.516229018907639,0
uniform_32MHz,strong_stable,8,120,0.427285381459297,0.423431830388564,0.52989241084937,0
uniform_32MHz,strong_stable,9,120,0.421373758345833,0.417895644429913,0.47205473773902,0
uniform_32MHz,strong_stable,10,120,0.418638398411068,0.414794952346463,0.494962205155524,0
uniform_32MHz,strong_stable,11,120,0.42315447020691,0.418725956075369,0.523070218898919,0
uniform_32MHz,strong_stable,12,120,0.424115410114601,0.419087575996999,0.513957432358351,0
uniform_32MHz,strong_stable,13,120,0.416951903794641,0.412376648361613,0.503449648363981,0
uniform_32MHz,strong_stable,14,120,0.422115386196633,0.417286918006013,0.521144807599388,0
uniform_32MHz,strong_stable,15,120,0.424960933040289,0.421485713590232,0.542696410722213,0
uniform_32MHz,strong_stable,16,120,0.421165571644946,0.418135282171162,0.498496766080057,0
uniform_32MHz,strong_stable,17,120,0.42472264946454,0.42109822987727,0.509994967406595,0
uniform_32MHz,strong_stable,18,120,0.416693418675929,0.41196435675247,0.508678934186698,0
uniform_32MHz,strong_stable,19,120,0.421394953744723,0.416444536255929,0.511238412691458,0
uniform_32MHz,strong_stable,20,120,0.42194957746953,0.417513097389643,0.508669424906362,0
uniform_64MHz,LOS_stable,1,120,0.0213304849840321,0.0119305518207191,0.0486453565312683,0
uniform_64MHz,LOS_stable,2,120,0.0196354453582136,0.0115196483855054,0.0494048959678788,0
uniform_64MHz,LOS_stable,3,120,0.0172432871926231,0.0104984449809706,0.0427583080417016,0
uniform_64MHz,LOS_stable,4,120,0.0164457327327612,0.00941104250976023,0.0421176200725206,0
uniform_64MHz,LOS_stable,5,120,0.0198601780762755,0.0118771088501731,0.0458862188404225,0
uniform_64MHz,LOS_stable,6,120,0.0161793926443455,0.0100134157818777,0.0351429686284765,0
uniform_64MHz,LOS_stable,7,120,0.0218902323166933,0.0127574821881983,0.0608607842056914,0
uniform_64MHz,LOS_stable,8,120,0.018551591313908,0.0109533207078196,0.0458465859536306,0
uniform_64MHz,LOS_stable,9,120,0.0174908029348276,0.0104348398164152,0.0447676493669782,0
uniform_64MHz,LOS_stable,10,120,0.0209882211937023,0.0116438968737915,0.0472652158225113,0
uniform_64MHz,LOS_stable,11,120,0.0178073558006954,0.0106427906111959,0.0432813360484179,0
uniform_64MHz,LOS_stable,12,120,0.0173583169719399,0.0103875165381325,0.0381190058022813,0
uniform_64MHz,LOS_stable,13,120,0.0175984248920373,0.0101430522851893,0.0372697583150359,0
uniform_64MHz,LOS_stable,14,120,0.0143017899456161,0.009150941448952,0.0260085876382323,0
uniform_64MHz,LOS_stable,15,120,0.0135189583763711,0.00847733567293495,0.0313852484826,0
uniform_64MHz,LOS_stable,16,120,0.0191367867747453,0.0104307310849846,0.052025566628938,0
uniform_64MHz,LOS_stable,17,120,0.0164357648559339,0.0100290124410341,0.0366078291419747,0
uniform_64MHz,LOS_stable,18,120,0.0205790792040715,0.01094686428,0.0451951564727473,0
uniform_64MHz,LOS_stable,19,120,0.0183809329516491,0.0102593851929341,0.0487925396126556,0
uniform_64MHz,LOS_stable,20,120,0.0202948468930133,0.0110640852489609,0.0545329839248971,0
uniform_64MHz,light_stable,1,120,0.0518998590730095,0.046247465664746,0.0749738376573956,0
uniform_64MHz,light_stable,2,120,0.052547058986439,0.0467266654445012,0.0756798507601202,0
uniform_64MHz,light_stable,3,120,0.050605788010005,0.0452745624817153,0.0707925609987274,0
uniform_64MHz,light_stable,4,120,0.053026031501653,0.0467927864447358,0.0762772372655629,0
uniform_64MHz,light_stable,5,120,0.051359320771759,0.0464347142142543,0.0691226358717385,0
uniform_64MHz,light_stable,6,120,0.0537911065360622,0.0484537841210052,0.0824648055819299,0
uniform_64MHz,light_stable,7,120,0.0530541426535195,0.0475294412701449,0.0749082927181091,0
uniform_64MHz,light_stable,8,120,0.0527161505421642,0.0477817367798524,0.071973387711493,0
uniform_64MHz,light_stable,9,120,0.0516854275884777,0.0460867845632771,0.0765427531681819,0
uniform_64MHz,light_stable,10,120,0.0543850564384895,0.0490698950464075,0.0813466680109194,0
uniform_64MHz,light_stable,11,120,0.0543539523492683,0.0495607613215044,0.0741053835088845,0
uniform_64MHz,light_stable,12,120,0.0523259969916205,0.0471392720754451,0.0694028759030036,0
uniform_64MHz,light_stable,13,120,0.0512787732389298,0.045618258772094,0.0735475854032188,0
uniform_64MHz,light_stable,14,120,0.0537368536432953,0.0487108630036555,0.0771306158025347,0
uniform_64MHz,light_stable,15,120,0.0533970792047719,0.0485540978828781,0.0740891418883969,0
uniform_64MHz,light_stable,16,120,0.055771601560735,0.0502965087517107,0.0854896943567134,0
uniform_64MHz,light_stable,17,120,0.0549452929380755,0.0497935950088824,0.0826206068799067,0
uniform_64MHz,light_stable,18,120,0.0513394362693614,0.045389105631041,0.070093879420341,0
uniform_64MHz,light_stable,19,120,0.0536505117210314,0.0483241245574749,0.0765566769006973,0
uniform_64MHz,light_stable,20,120,0.0541070917638012,0.0487366393796506,0.0759056295705136,0
uniform_64MHz,strong_stable,1,120,0.132051549094076,0.129497109267145,0.165673725391536,0
uniform_64MHz,strong_stable,2,120,0.129542680663675,0.127144892650069,0.158897277118629,0
uniform_64MHz,strong_stable,3,120,0.131381614826376,0.129188584518602,0.163348877582671,0
uniform_64MHz,strong_stable,4,120,0.132271653669914,0.13020754226645,0.178849629720343,0
uniform_64MHz,strong_stable,5,120,0.132739676538017,0.130778213235689,0.177359914387956,0
uniform_64MHz,strong_stable,6,120,0.130317338176752,0.127803054535905,0.163725612744579,0
uniform_64MHz,strong_stable,7,120,0.129478100214234,0.127826514724582,0.163328882889505,0
uniform_64MHz,strong_stable,8,120,0.131634083301778,0.129332991282505,0.166461756877729,0
uniform_64MHz,strong_stable,9,120,0.131600819027672,0.128451131976534,0.172385224726094,0
uniform_64MHz,strong_stable,10,120,0.131502946306188,0.128780700708009,0.167169008088306,0
uniform_64MHz,strong_stable,11,120,0.130536213074551,0.128905081009876,0.173446477402246,0
uniform_64MHz,strong_stable,12,120,0.132314279268936,0.129846691218083,0.1705765222663,0
uniform_64MHz,strong_stable,13,120,0.129806391492281,0.127302191354611,0.166576944613652,0
uniform_64MHz,strong_stable,14,120,0.132252846387157,0.129283435661423,0.165978972049718,0
uniform_64MHz,strong_stable,15,120,0.131909588483423,0.129997204725091,0.171584546119922,0
uniform_64MHz,strong_stable,16,120,0.130172229309499,0.128145489276728,0.167805625447851,0
uniform_64MHz,strong_stable,17,120,0.13036092370625,0.127691033452819,0.16437519202919,0
uniform_64MHz,strong_stable,18,120,0.12989755547908,0.12823936245719,0.157438238954224,0
uniform_64MHz,strong_stable,19,120,0.127675939402262,0.124829431261088,0.158266424047188,0
uniform_64MHz,strong_stable,20,120,0.130982538525117,0.128418158402955,0.17078017547442,0
