Plan,Condition,Count,PairedFiniteN,FixedRMSE_m,PeriodicRMSE_m,V8RMSE_m,V3RMSE_m,V7RMSE_m,V9BRMSE_m,V8P95_m,V9BP95_m,V8Over1m,V9BOver1m,V8Switches,V3Switches,V7Switches,V9BSwitches
uniform_32MHz,linear_drift,240,240,1.40262132331245,0.310249406109824,0.310249406109824,0.310249406109824,0.310249406109824,0.310249406109824,0.510216274690258,0.510216274690258,0,0,0,0,0,0
uniform_32MHz,quadratic_drift,240,240,1.10730653037242,0.348679883851652,0.348679883851652,0.348679883851652,0.348679883851652,0.348679883851652,0.680954490832324,0.680954490832324,0,0,0,0,0,0
uniform_32MHz,sudden_jump,240,240,1.6609333767383,0.948456737784437,0.948456737784437,0.948456737784437,0.948456737784437,0.948456737784437,2.40077732907949,2.40077732907949,0.1625,0.1625,0,0,0,0
uniform_32MHz,noisy_reference,240,240,1.40033018754911,0.304196140948445,0.304196140948445,0.311782549541645,0.311782549541645,0.311782549541645,0.518040367958973,0.518390022955712,0,0.00416666666666667,0,1,1,1
uniform_32MHz,strong_stable,240,240,0.434762253478105,0.434466577310968,0.434466577310968,4.3994779192045,4.39293512109159,0.434466577310968,0.489492045448692,0.489492045448692,0,0,240,0,1,240
uniform_32MHz,strong_drift,240,240,1.07543054097815,0.244834894904258,0.244834894904258,4.64689047815396,4.64689047815396,0.244834894904258,0.429509115538291,0.429509115538291,0,0,240,0,0,240
uniform_32MHz,light_drift,240,240,1.23359803662649,0.187151425869314,0.187151425869314,0.346494605152704,0.346494605152704,0.240353073532402,0.32210946344015,0.505361238758644,0,0,199,240,240,240
uniform_64MHz,linear_drift,240,240,1.40233754657098,0.308627424342923,0.308627424342923,0.308627424342923,0.308627424342923,0.308627424342923,0.507800746801649,0.507800746801649,0,0,0,0,0,0
uniform_64MHz,quadratic_drift,240,240,1.10922816630875,0.350191674518395,0.350191674518395,0.350191674518395,0.350191674518395,0.350191674518395,0.679278965568348,0.679278965568348,0,0,0,0,0,0
uniform_64MHz,sudden_jump,240,240,1.56292472220705,0.726768948018145,0.726768948018145,0.726768948018145,0.726768948018145,0.726768948018145,2.39762785366513,2.39762785366513,0.0916666666666667,0.0916666666666667,0,0,0,0
uniform_64MHz,noisy_reference,240,240,1.39059486107773,0.311664242505608,0.311664242505608,0.311664242505608,0.311664242505608,0.311664242505608,0.510659405801576,0.510659405801576,0,0,0,0,0,0
uniform_64MHz,strong_stable,240,240,0.130955318793816,0.130955305531519,0.130955305531519,4.52089765396121,4.52089765396121,0.130955305531519,0.154185701417051,0.154185701417051,0,0,240,152,152,240
uniform_64MHz,strong_drift,240,240,1.294098582889,0.216546107017928,0.216546107017928,4.82348814341555,4.82348814341555,0.216546107017928,0.379389285699164,0.379389285699164,0,0,240,186,186,240
uniform_64MHz,light_drift,240,240,1.45442541352213,0.361159574492389,0.361159574492389,0.309655166982355,0.309655166982355,0.352530090822768,0.570687646675009,0.56769386154555,0,0,204,240,240,240
