Plan,Condition,Distance_m,SNR_dB,Count,PairedFiniteN,V8RMSE_m,V9B1RMSE_m,V9B1P95_m,V9B1Over1m,TwoPathSwitches,WorseTwoPathSwitches
uniform_32MHz,LOS_stable,1,0,30,30,0.0514760697333651,0.0514760697333651,0.111675709726307,0,0,0
uniform_32MHz,LOS_stable,1,10,30,30,0.0224276103570414,0.0224276103570414,0.0439051082511663,0,0,0
uniform_32MHz,LOS_stable,1,20,30,30,0.00965253391983542,0.00965253391983542,0.0189897757604909,0,0,0
uniform_32MHz,LOS_stable,1,30,30,30,0.00958737634515058,0.00958737634515058,0.0226490991082229,0,0,0
uniform_32MHz,LOS_stable,3,0,30,30,0.0482053840492003,0.0482053840492003,0.0993628173947427,0,0,0
uniform_32MHz,LOS_stable,3,10,30,30,0.0205360550399489,0.0205360550399489,0.0444172547747965,0,0,0
uniform_32MHz,LOS_stable,3,20,30,30,0.00612039647932795,0.00612039647932795,0.0137648406323847,0,0,0
uniform_32MHz,LOS_stable,3,30,30,30,0.0048870701592322,0.0048870701592322,0.00872436795815279,0,0,0
uniform_32MHz,LOS_stable,5,0,30,30,0.0686558038080064,0.0686558038080064,0.127946582677705,0,0,0
uniform_32MHz,LOS_stable,5,10,30,30,0.0212447987381661,0.0212447987381661,0.041924282148222,0,0,0
uniform_32MHz,LOS_stable,5,20,30,30,0.00720152610353674,0.00720152610353674,0.012831893899687,0,0,0
uniform_32MHz,LOS_stable,5,30,30,30,0.00513074953437654,0.00513074953437654,0.0101791436973757,0,0,0
uniform_32MHz,LOS_stable,10,0,30,30,0.0583316004032914,0.0583316004032914,0.115517977688242,0,0,0
uniform_32MHz,LOS_stable,10,10,30,30,0.020855317251759,0.020855317251759,0.0334505671157519,0,0,0
uniform_32MHz,LOS_stable,10,20,30,30,0.00741615852489339,0.00741615852489339,0.0178962095192574,0,0,0
uniform_32MHz,LOS_stable,10,30,30,30,0.00758617094010193,0.00758617094010193,0.0140889627511793,0,0,0
uniform_32MHz,LOS_stable,15,0,30,30,0.0760035685031524,0.0760035685031524,0.136224473592307,0,0,0
uniform_32MHz,LOS_stable,15,10,30,30,0.0224816612064249,0.0224816612064249,0.057287307064394,0,0,0
uniform_32MHz,LOS_stable,15,20,30,30,0.00985815227280638,0.00985815227280638,0.018195036836282,0,0,0
uniform_32MHz,LOS_stable,15,30,30,30,0.00570956547884695,0.00570956547884695,0.010726466752514,0,0,0
uniform_32MHz,LOS_stable,20,0,30,30,0.0477179596939938,0.0477179596939938,0.116907046483082,0,0,0
uniform_32MHz,LOS_stable,20,10,30,30,0.0170342373024622,0.0170342373024622,0.0318940811691988,0,0,0
uniform_32MHz,LOS_stable,20,20,30,30,0.00984100365540278,0.00984100365540278,0.0163200060040118,0,0,0
uniform_32MHz,LOS_stable,20,30,30,30,0.00708818177855205,0.00708818177855205,0.0167949908941125,0,0,0
uniform_32MHz,light_stable,1,0,30,30,0.165968063821655,0.165968063821655,0.23020507541149,0,0,0
uniform_32MHz,light_stable,1,10,30,30,0.19589409482662,0.19589409482662,0.249344643634658,0,0,0
uniform_32MHz,light_stable,1,20,30,30,0.224439795873525,0.224439795873525,0.235802953022338,0,0,0
uniform_32MHz,light_stable,1,30,30,30,0.23467386040777,0.23467386040777,0.243944779513376,0,0,0
uniform_32MHz,light_stable,3,0,30,30,0.105762748105946,0.105762748105946,0.194112524724646,0,0,0
uniform_32MHz,light_stable,3,10,30,30,0.188171077737558,0.188171077737558,0.268374202869399,0,0,0
uniform_32MHz,light_stable,3,20,30,30,0.229478336518957,0.229478336518957,0.241493426007715,0,0,0
uniform_32MHz,light_stable,3,30,30,30,0.232576651971905,0.232576651971905,0.243582661949946,0,0,0
uniform_32MHz,light_stable,5,0,30,30,0.15475955818822,0.15475955818822,0.23262930907723,0,0,0
uniform_32MHz,light_stable,5,10,30,30,0.181866908183686,0.181866908183686,0.224419071433011,0,0,0
uniform_32MHz,light_stable,5,20,30,30,0.230896595096016,0.230896595096016,0.254788546422202,0,0,0
uniform_32MHz,light_stable,5,30,30,30,0.235687867894574,0.235687867894574,0.248249532658713,0,0,0
uniform_32MHz,light_stable,10,0,30,30,0.166499246763778,0.166499246763778,0.309837902054133,0,0,0
uniform_32MHz,light_stable,10,10,30,30,0.177867995504866,0.177867995504866,0.223838966710026,0,0,0
uniform_32MHz,light_stable,10,20,30,30,0.234189015450715,0.234189015450715,0.250505982784366,0,0,0
uniform_32MHz,light_stable,10,30,30,30,0.233792927250247,0.233792927250247,0.240741942350226,0,0,0
uniform_32MHz,light_stable,15,0,30,30,0.177134044945676,0.177134044945676,0.27705436888583,0,0,0
uniform_32MHz,light_stable,15,10,30,30,0.185726955112907,0.185726955112907,0.240766691305511,0,0,0
uniform_32MHz,light_stable,15,20,30,30,0.229956974811559,0.229956974811559,0.247252222632754,0,0,0
uniform_32MHz,light_stable,15,30,30,30,0.235334209359427,0.235334209359427,0.243433328664382,0,0,0
uniform_32MHz,light_stable,20,0,30,30,0.14935502865344,0.14935502865344,0.278801200246889,0,0,0
uniform_32MHz,light_stable,20,10,30,30,0.193059343168559,0.193059343168559,0.239308067895632,0,0,0
uniform_32MHz,light_stable,20,20,30,30,0.22795893171603,0.22795893171603,0.239360593494297,0,0,0
uniform_32MHz,light_stable,20,30,30,30,0.233646051270381,0.233646051270381,0.245330496683941,0,0,0
uniform_32MHz,linear_drift,1,0,30,30,0.67183438728331,0.67183438728331,1.1519642835466,0.166666666666667,0,0
uniform_32MHz,linear_drift,1,10,30,30,0.652792616976645,0.652792616976645,1.06780070743617,0.2,0,0
uniform_32MHz,linear_drift,1,20,30,30,0.653741595701883,0.653741595701883,1.07077995359784,0.2,0,0
uniform_32MHz,linear_drift,1,30,30,30,0.653944423941871,0.653944423941871,1.07064315604273,0.2,0,0
uniform_32MHz,linear_drift,3,0,30,30,0.676940629812447,0.676940629812447,1.14162730422451,0.166666666666667,0,0
uniform_32MHz,linear_drift,3,10,30,30,0.6447378849352,0.6447378849352,1.05520426129166,0.2,0,0
uniform_32MHz,linear_drift,3,20,30,30,0.651218960280388,0.651218960280388,1.06489704056455,0.2,0,0
uniform_32MHz,linear_drift,3,30,30,30,0.651576769113647,0.651576769113647,1.06789995149575,0.2,0,0
uniform_32MHz,linear_drift,5,0,30,30,0.674206017142159,0.674206017142159,1.1488916000551,0.2,0,0
uniform_32MHz,linear_drift,5,10,30,30,0.620598684999707,0.620598684999707,1.0675857829756,0.166666666666667,0,0
uniform_32MHz,linear_drift,5,20,30,30,0.654638045577346,0.654638045577346,1.07845934753567,0.2,0,0
uniform_32MHz,linear_drift,5,30,30,30,0.655161429559634,0.655161429559634,1.07439139477064,0.2,0,0
uniform_32MHz,linear_drift,10,0,30,30,0.661678484698219,0.661678484698219,1.14307439709538,0.133333333333333,0,0
uniform_32MHz,linear_drift,10,10,30,30,0.653764743344608,0.653764743344608,1.0781463047198,0.2,0,0
uniform_32MHz,linear_drift,10,20,30,30,0.653687041243002,0.653687041243002,1.06959634964231,0.2,0,0
uniform_32MHz,linear_drift,10,30,30,30,0.654685466142844,0.654685466142844,1.07137354055432,0.2,0,0
uniform_32MHz,linear_drift,15,0,30,30,0.65628202582133,0.65628202582133,1.08625291734424,0.166666666666667,0,0
uniform_32MHz,linear_drift,15,10,30,30,0.648797062994402,0.648797062994402,1.06615112692916,0.2,0,0
uniform_32MHz,linear_drift,15,20,30,30,0.651689800548201,0.651689800548201,1.07137861589136,0.2,0,0
uniform_32MHz,linear_drift,15,30,30,30,0.654848755505575,0.654848755505575,1.07247051614236,0.2,0,0
uniform_32MHz,linear_drift,20,0,30,30,0.649911994906863,0.649911994906863,1.11572620445885,0.133333333333333,0,0
uniform_32MHz,linear_drift,20,10,30,30,0.654498913335168,0.654498913335168,1.06930893586413,0.2,0,0
uniform_32MHz,linear_drift,20,20,30,30,0.65397691900403,0.65397691900403,1.072090463934,0.2,0,0
uniform_32MHz,linear_drift,20,30,30,30,0.652344076836633,0.652344076836633,1.07076887976639,0.2,0,0
uniform_32MHz,quadratic_drift,1,0,30,30,0.714432672664597,0.714432672664597,1.60780695801525,0.2,0,0
uniform_32MHz,quadratic_drift,1,10,30,30,0.704690631878499,0.704690631878499,1.64450806917252,0.2,0,0
uniform_32MHz,quadratic_drift,1,20,30,30,0.7108407871754,0.7108407871754,1.65973529609591,0.2,0,0
uniform_32MHz,quadratic_drift,1,30,30,30,0.706455035310095,0.706455035310095,1.64812674411581,0.2,0,0
uniform_32MHz,quadratic_drift,3,0,30,30,0.691376240321947,0.691376240321947,1.63768708340519,0.2,0,0
uniform_32MHz,quadratic_drift,3,10,30,30,0.716233322772943,0.716233322772943,1.67946827139909,0.2,0,0
uniform_32MHz,quadratic_drift,3,20,30,30,0.706783498009105,0.706783498009105,1.6543034175329,0.2,0,0
uniform_32MHz,quadratic_drift,3,30,30,30,0.704429195078704,0.704429195078704,1.65339630721148,0.2,0,0
uniform_32MHz,quadratic_drift,5,0,30,30,0.681793746016635,0.681793746016635,1.63093142183053,0.166666666666667,0,0
uniform_32MHz,quadratic_drift,5,10,30,30,0.711352857628509,0.711352857628509,1.66368299684211,0.2,0,0
uniform_32MHz,quadratic_drift,5,20,30,30,0.705320030364341,0.705320030364341,1.65565028695661,0.2,0,0
uniform_32MHz,quadratic_drift,5,30,30,30,0.70609936013402,0.70609936013402,1.65407165755301,0.2,0,0
uniform_32MHz,quadratic_drift,10,0,30,30,0.686925875818521,0.686925875818521,1.61167126210431,0.2,0,0
uniform_32MHz,quadratic_drift,10,10,30,30,0.701750216108928,0.701750216108928,1.63171515915263,0.2,0,0
uniform_32MHz,quadratic_drift,10,20,30,30,0.708911040624846,0.708911040624846,1.66334559756055,0.2,0,0
uniform_32MHz,quadratic_drift,10,30,30,30,0.706808888205821,0.706808888205821,1.65827293569275,0.2,0,0
uniform_32MHz,quadratic_drift,15,0,30,30,0.722093363404293,0.722093363404293,1.67868137250363,0.2,0,0
uniform_32MHz,quadratic_drift,15,10,30,30,0.706365276834898,0.706365276834898,1.65531312907684,0.2,0,0
uniform_32MHz,quadratic_drift,15,20,30,30,0.707934977838112,0.707934977838112,1.65779511278139,0.2,0,0
uniform_32MHz,quadratic_drift,15,30,30,30,0.706434830588386,0.706434830588386,1.65448828856485,0.2,0,0
uniform_32MHz,quadratic_drift,20,0,30,30,0.731164408251421,0.731164408251421,1.68769919308159,0.2,0,0
uniform_32MHz,quadratic_drift,20,10,30,30,0.704807086074109,0.704807086074109,1.64182539423343,0.2,0,0
uniform_32MHz,quadratic_drift,20,20,30,30,0.705527464276661,0.705527464276661,1.65656616581795,0.2,0,0
uniform_32MHz,quadratic_drift,20,30,30,30,0.708564401164292,0.708564401164292,1.65855189466567,0.2,0,0
uniform_32MHz,sudden_jump,1,0,30,30,0.436928008514814,0.436928008514814,0.0923292351305963,0.0333333333333333,0,0
uniform_32MHz,sudden_jump,1,10,30,30,0.874940873699341,0.874940873699341,2.3898521866514,0.133333333333333,0,0
uniform_32MHz,sudden_jump,1,20,30,30,0.756277794218799,0.756277794218799,2.39387420100372,0.1,0,0
uniform_32MHz,sudden_jump,1,30,30,30,0.756995776813032,0.756995776813032,2.39232228247381,0.1,0,0
uniform_32MHz,sudden_jump,3,0,30,30,0.454098968413697,0.454098968413697,0.120745517423806,0.0333333333333333,0,0
uniform_32MHz,sudden_jump,3,10,30,30,0.866405760510579,0.866405760510579,2.38086332276143,0.133333333333333,0,0
uniform_32MHz,sudden_jump,3,20,30,30,0.756859175900947,0.756859175900947,2.39264432955101,0.1,0,0
uniform_32MHz,sudden_jump,3,30,30,30,0.75675870868037,0.75675870868037,2.39381573696521,0.1,0,0
uniform_32MHz,sudden_jump,5,0,30,30,0.443847058923828,0.443847058923828,0.169995700336743,0.0333333333333333,0,0
uniform_32MHz,sudden_jump,5,10,30,30,0.877655639401833,0.877655639401833,2.40841373387967,0.133333333333333,0,0
uniform_32MHz,sudden_jump,5,20,30,30,0.75641506177685,0.75641506177685,2.39110661318836,0.1,0,0
uniform_32MHz,sudden_jump,5,30,30,30,0.755389413301153,0.755389413301153,2.38684605095867,0.1,0,0
uniform_32MHz,sudden_jump,10,0,30,30,0.45454943881814,0.45454943881814,0.138929142337306,0.0333333333333333,0,0
uniform_32MHz,sudden_jump,10,10,30,30,0.879272304184526,0.879272304184526,2.41617332109349,0.133333333333333,0,0
uniform_32MHz,sudden_jump,10,20,30,30,0.756791663021985,0.756791663021985,2.3922505688709,0.1,0,0
uniform_32MHz,sudden_jump,10,30,30,30,0.756677812675346,0.756677812675346,2.39221267315285,0.1,0,0
uniform_32MHz,sudden_jump,15,0,30,30,0.459150011730684,0.459150011730684,0.122861809325288,0.0333333333333333,0,0
uniform_32MHz,sudden_jump,15,10,30,30,0.875511294717945,0.875511294717945,2.40519438118453,0.133333333333333,0,0
uniform_32MHz,sudden_jump,15,20,30,30,0.759120956515972,0.759120956515972,2.40506441448813,0.1,0,0
uniform_32MHz,sudden_jump,15,30,30,30,0.756431584022128,0.756431584022128,2.39348889455247,0.1,0,0
uniform_32MHz,sudden_jump,20,0,30,30,0.368448723683655,0.368448723683655,0.118699358783424,0.0333333333333333,0,0
uniform_32MHz,sudden_jump,20,10,30,30,0.730431751256399,0.730431751256399,2,0.133333333333333,0,0
uniform_32MHz,sudden_jump,20,20,30,30,0.632533037959843,0.632533037959843,2,0.1,0,0
uniform_32MHz,sudden_jump,20,30,30,30,0.632503008836652,0.632503008836652,2,0.1,0,0
uniform_32MHz,noisy_reference,1,0,30,30,1.41674245674328,1.41674245674328,2.41541587284555,0.6,0,0
uniform_32MHz,noisy_reference,1,10,30,30,0.655216730096519,0.655216730096519,1.09950069024555,0.2,0,0
uniform_32MHz,noisy_reference,1,20,30,30,0.645261354430298,0.645261354430298,1.08020120777914,0.166666666666667,0,0
uniform_32MHz,noisy_reference,1,30,30,30,0.651781594424982,0.651781594424982,1.06560940520965,0.2,0,0
uniform_32MHz,noisy_reference,3,0,30,30,1.44992821558227,1.44992821558227,2.40050426260291,0.6,0,0
uniform_32MHz,noisy_reference,3,10,30,30,0.649792690579404,0.649792690579404,1.10830657855345,0.2,0,0
uniform_32MHz,noisy_reference,3,20,30,30,0.643396904263489,0.643396904263489,1.09092310166676,0.2,0,0
uniform_32MHz,noisy_reference,3,30,30,30,0.655978420495387,0.655978420495387,1.07475830639924,0.2,0,0
uniform_32MHz,noisy_reference,5,0,30,30,1.43792530630565,1.43792530630565,2.40124293813727,0.6,0,0
uniform_32MHz,noisy_reference,5,10,30,30,0.642070665938222,0.642070665938222,1.08098952175214,0.166666666666667,0,0
uniform_32MHz,noisy_reference,5,20,30,30,0.649641449090181,0.649641449090181,1.08539977141812,0.2,0,0
uniform_32MHz,noisy_reference,5,30,30,30,0.653976948726338,0.653976948726338,1.07576005742764,0.2,0,0
uniform_32MHz,noisy_reference,10,0,30,30,1.40891115046042,1.40891115046042,2.39076747696973,0.566666666666667,0,0
uniform_32MHz,noisy_reference,10,10,30,30,0.646442680217602,0.646442680217602,1.08110557610969,0.166666666666667,0,0
uniform_32MHz,noisy_reference,10,20,30,30,0.647518417578518,0.647518417578518,1.09621538742898,0.2,0,0
uniform_32MHz,noisy_reference,10,30,30,30,0.651479849571776,0.651479849571776,1.07137192701546,0.2,0,0
uniform_32MHz,noisy_reference,15,0,30,30,1.41914077373047,1.41914077373047,2.41073778730709,0.566666666666667,0,0
uniform_32MHz,noisy_reference,15,10,30,30,0.656754212577534,0.656754212577534,1.1253551793484,0.2,0,0
uniform_32MHz,noisy_reference,15,20,30,30,0.647314149906388,0.647314149906388,1.08575210568021,0.2,0,0
uniform_32MHz,noisy_reference,15,30,30,30,0.650314427073255,0.650314427073255,1.06868297252205,0.2,0,0
uniform_32MHz,noisy_reference,20,0,30,30,1.32816798631405,1.32816798631405,2,0.6,0,0
uniform_32MHz,noisy_reference,20,10,30,30,0.65154865608072,0.65154865608072,1.09039436383158,0.2,0,0
uniform_32MHz,noisy_reference,20,20,30,30,0.648497562189651,0.648497562189651,1.10350338188126,0.2,0,0
uniform_32MHz,noisy_reference,20,30,30,30,0.651804102485053,0.651804102485053,1.06834786955651,0.2,0,0
uniform_32MHz,strong_stable,1,0,30,30,0.382793008246517,0.382793008246517,0.520568838122185,0,0,0
uniform_32MHz,strong_stable,1,10,30,30,0.406313439683475,0.406313439683475,0.452979489829649,0,0,0
uniform_32MHz,strong_stable,1,20,30,30,0.42696638502613,0.42696638502613,0.437275191927355,0,0,0
uniform_32MHz,strong_stable,1,30,30,30,0.423389329684041,0.423389329684041,0.433688817345193,0,0,0
uniform_32MHz,strong_stable,3,0,30,30,0.404466945258978,0.404466945258978,0.540012338549605,0,0,0
uniform_32MHz,strong_stable,3,10,30,30,0.403895431810244,0.403895431810244,0.449767735497306,0,0,0
uniform_32MHz,strong_stable,3,20,30,30,0.419448118054505,0.419448118054505,0.435052152036404,0,0,0
uniform_32MHz,strong_stable,3,30,30,30,0.424792492690089,0.424792492690089,0.433503065934243,0,0,0
uniform_32MHz,strong_stable,5,0,30,30,0.39394627913155,0.39394627913155,0.468595007449504,0,0,0
uniform_32MHz,strong_stable,5,10,30,30,0.410820488584757,0.410820488584757,0.463927074438992,0,0,0
uniform_32MHz,strong_stable,5,20,30,30,0.419743450975255,0.419743450975255,0.4304435296444,0,0,0
uniform_32MHz,strong_stable,5,30,30,30,0.422236487513405,0.422236487513405,0.433661893880537,0,0,0
uniform_32MHz,strong_stable,10,0,30,30,0.393898994168656,0.393898994168656,0.477040020197874,0,0,0
uniform_32MHz,strong_stable,10,10,30,30,0.405782716476628,0.405782716476628,0.453872219658589,0,0,0
uniform_32MHz,strong_stable,10,20,30,30,0.421327897532084,0.421327897532084,0.433183814660199,0,0,0
uniform_32MHz,strong_stable,10,30,30,30,0.424114572529101,0.424114572529101,0.431602119381804,0,0,0
uniform_32MHz,strong_stable,15,0,30,30,0.357845144537502,0.357845144537502,0.455742603315148,0,0,0
uniform_32MHz,strong_stable,15,10,30,30,0.406958422627882,0.406958422627882,0.454354019553563,0,0,0
uniform_32MHz,strong_stable,15,20,30,30,0.419289568356895,0.419289568356895,0.432625528405696,0,0,0
uniform_32MHz,strong_stable,15,30,30,30,0.419422021009203,0.419422021009203,0.432341361550071,0,0,0
uniform_32MHz,strong_stable,20,0,30,30,0.377356710763175,0.377356710763175,0.496570896390157,0,0,0
uniform_32MHz,strong_stable,20,10,30,30,0.407632832161405,0.407632832161405,0.469088737729521,0,0,0
uniform_32MHz,strong_stable,20,20,30,30,0.42413335662958,0.42413335662958,0.437930063820456,0,0,0
uniform_32MHz,strong_stable,20,30,30,30,0.421478048066082,0.421478048066082,0.436142684169148,0,0,0
uniform_32MHz,strong_drift,1,0,30,30,0.483611334301225,0.483611334301225,0.978370877325009,0,0,0
uniform_32MHz,strong_drift,1,10,30,30,0.392222807334643,0.392222807334643,0.653254693075665,0,0,0
uniform_32MHz,strong_drift,1,20,30,30,0.394130031297973,0.394130031297973,0.658749950777244,0,0,0
uniform_32MHz,strong_drift,1,30,30,30,0.392959593659325,0.392959593659325,0.644002345383281,0,0,0
uniform_32MHz,strong_drift,3,0,30,30,0.474042170253591,0.474042170253591,0.859547013264268,0,0,0
uniform_32MHz,strong_drift,3,10,30,30,0.393875634852955,0.393875634852955,0.642904384990645,0,0,0
uniform_32MHz,strong_drift,3,20,30,30,0.391758457969067,0.391758457969067,0.651294433376447,0,0,0
uniform_32MHz,strong_drift,3,30,30,30,0.392803755828235,0.392803755828235,0.650358792888817,0,0,0
uniform_32MHz,strong_drift,5,0,30,30,0.427770716428062,0.427770716428062,0.814921428665964,0,0,0
uniform_32MHz,strong_drift,5,10,30,30,0.39563643495249,0.39563643495249,0.664591713048975,0,0,0
uniform_32MHz,strong_drift,5,20,30,30,0.391838961521225,0.391838961521225,0.643951064499673,0,0,0
uniform_32MHz,strong_drift,5,30,30,30,0.397963744592601,0.397963744592601,0.658739167181425,0,0,0
uniform_32MHz,strong_drift,10,0,30,30,0.436613044976543,0.436613044976543,0.79970604547923,0,0,0
uniform_32MHz,strong_drift,10,10,30,30,0.398166068342012,0.398166068342012,0.674291645421691,0,0,0
uniform_32MHz,strong_drift,10,20,30,30,0.39023600902223,0.39023600902223,0.644780162629733,0,0,0
uniform_32MHz,strong_drift,10,30,30,30,0.392880864991139,0.392880864991139,0.64808606311448,0,0,0
uniform_32MHz,strong_drift,15,0,30,30,0.455323350012429,0.455323350012429,0.84462777951026,0,0,0
uniform_32MHz,strong_drift,15,10,30,30,0.396180681391989,0.396180681391989,0.6599540718534,0,0,0
uniform_32MHz,strong_drift,15,20,30,30,0.3904424612579,0.3904424612579,0.64099590666582,0,0,0
uniform_32MHz,strong_drift,15,30,30,30,0.394689639093931,0.394689639093931,0.650027629207093,0,0,0
uniform_32MHz,strong_drift,20,0,30,30,0.434425705268846,0.434425705268846,0.857292716984013,0,0,0
uniform_32MHz,strong_drift,20,10,30,30,0.397700206330102,0.397700206330102,0.674975685938175,0,0,0
uniform_32MHz,strong_drift,20,20,30,30,0.394388551101712,0.394388551101712,0.65315813538777,0,0,0
uniform_32MHz,strong_drift,20,30,30,30,0.393337483246434,0.393337483246434,0.65335113830605,0,0,0
uniform_32MHz,light_drift,1,0,30,30,0.521746540258552,0.521746540258552,0.939942578819305,0,0,0
uniform_32MHz,light_drift,1,10,30,30,0.516341812567665,0.516341812567665,0.902408431474368,0,0,0
uniform_32MHz,light_drift,1,20,30,30,0.48340430055467,0.48340430055467,0.842796024552017,0,0,0
uniform_32MHz,light_drift,1,30,30,30,0.481953206814768,0.481953206814768,0.843959580091322,0,0,0
uniform_32MHz,light_drift,3,0,30,30,0.554706458124719,0.554706458124719,0.974419135589489,0,0,0
uniform_32MHz,light_drift,3,10,30,30,0.515065583532815,0.515065583532815,0.895061142945069,0,0,0
uniform_32MHz,light_drift,3,20,30,30,0.485822669232398,0.485822669232398,0.841286791643124,0,0,0
uniform_32MHz,light_drift,3,30,30,30,0.479629250158744,0.479629250158744,0.832249575841648,0,0,0
uniform_32MHz,light_drift,5,0,30,30,0.525574077784647,0.525574077784647,0.955400805284615,0.0333333333333333,0,0
uniform_32MHz,light_drift,5,10,30,30,0.518655522539568,0.518655522539568,0.901166530063779,0,0,0
uniform_32MHz,light_drift,5,20,30,30,0.486071262582337,0.486071262582337,0.856684393005153,0,0,0
uniform_32MHz,light_drift,5,30,30,30,0.479939144887411,0.479939144887411,0.834792819427235,0,0,0
uniform_32MHz,light_drift,10,0,30,30,0.504538423108408,0.504538423108408,0.936676897828839,0,0,0
uniform_32MHz,light_drift,10,10,30,30,0.518179033402411,0.518179033402411,0.921886876764592,0,0,0
uniform_32MHz,light_drift,10,20,30,30,0.489051292967621,0.489051292967621,0.856148800552509,0,0,0
uniform_32MHz,light_drift,10,30,30,30,0.478397439362087,0.478397439362087,0.834137057537207,0,0,0
uniform_32MHz,light_drift,15,0,30,30,0.526294139154369,0.526294139154369,0.979740954758904,0.0333333333333333,0,0
uniform_32MHz,light_drift,15,10,30,30,0.511506940789656,0.511506940789656,0.891893574652073,0,0,0
uniform_32MHz,light_drift,15,20,30,30,0.485704028845122,0.485704028845122,0.843488820341708,0,0,0
uniform_32MHz,light_drift,15,30,30,30,0.481252758497109,0.481252758497109,0.837824083571299,0,0,0
uniform_32MHz,light_drift,20,0,30,30,0.524348564768149,0.524348564768149,0.942853358034142,0.0333333333333333,0,0
uniform_32MHz,light_drift,20,10,30,30,0.519435534793662,0.519435534793662,0.909856855939502,0,0,0
uniform_32MHz,light_drift,20,20,30,30,0.488236821663552,0.488236821663552,0.853592125256373,0,0,0
uniform_32MHz,light_drift,20,30,30,30,0.481164892627512,0.481164892627512,0.837324304106673,0,0,0
uniform_64MHz,LOS_stable,1,0,30,30,0.0290128715274732,0.0290128715274732,0.0533103376277448,0,0,0
uniform_64MHz,LOS_stable,1,10,30,30,0.00834514881338964,0.00834514881338964,0.0143625964375342,0,0,0
uniform_64MHz,LOS_stable,1,20,30,30,0.00385196684236196,0.00385196684236196,0.00624111274791306,0,0,0
uniform_64MHz,LOS_stable,1,30,30,30,0.00238909788790159,0.00238909788790159,0.00435103756707733,0,0,0
uniform_64MHz,LOS_stable,3,0,30,30,0.0351854220230566,0.0351854220230566,0.0675805736576129,0,0,0
uniform_64MHz,LOS_stable,3,10,30,30,0.0124168803373074,0.0124168803373074,0.0246962500614187,0,0,0
uniform_64MHz,LOS_stable,3,20,30,30,0.0053176307641457,0.0053176307641457,0.0104546887498698,0,0,0
uniform_64MHz,LOS_stable,3,30,30,30,0.00478662514046374,0.00478662514046374,0.00817157223403298,0,0,0
uniform_64MHz,LOS_stable,5,0,30,30,0.0330058921603081,0.0330058921603081,0.0670810612180839,0,0,0
uniform_64MHz,LOS_stable,5,10,30,30,0.0150451675117287,0.0150451675117287,0.0249321796076805,0,0,0
uniform_64MHz,LOS_stable,5,20,30,30,0.00312989702168956,0.00312989702168956,0.00544839820287635,0,0,0
uniform_64MHz,LOS_stable,5,30,30,30,0.00388581864274604,0.00388581864274604,0.00768677036667853,0,0,0
uniform_64MHz,LOS_stable,10,0,30,30,0.026236646298137,0.026236646298137,0.0485182142841865,0,0,0
uniform_64MHz,LOS_stable,10,10,30,30,0.00922628881621214,0.00922628881621214,0.0157253621779443,0,0,0
uniform_64MHz,LOS_stable,10,20,30,30,0.00382694340533926,0.00382694340533926,0.0102304614049071,0,0,0
uniform_64MHz,LOS_stable,10,30,30,30,0.00343471430193544,0.00343471430193544,0.00706539409591223,0,0,0
uniform_64MHz,LOS_stable,15,0,30,30,0.0353808197473511,0.0353808197473511,0.0677944331670925,0,0,0
uniform_64MHz,LOS_stable,15,10,30,30,0.0111683437973829,0.0111683437973829,0.0180814664370121,0,0,0
uniform_64MHz,LOS_stable,15,20,30,30,0.00394584377084858,0.00394584377084858,0.00851131774452085,0,0,0
uniform_64MHz,LOS_stable,15,30,30,30,0.00361403373915968,0.00361403373915968,0.00677683190339629,0,0,0
uniform_64MHz,LOS_stable,20,0,30,30,0.0322356057361104,0.0322356057361104,0.0546589873421652,0,0,0
uniform_64MHz,LOS_stable,20,10,30,30,0.0115825443776048,0.0115825443776048,0.0259630472301886,0,0,0
uniform_64MHz,LOS_stable,20,20,30,30,0.00520755069480031,0.00520755069480031,0.00777103494280951,0,0,0
uniform_64MHz,LOS_stable,20,30,30,30,0.00436731326492477,0.00436731326492477,0.00924015576437753,0,0,0
uniform_64MHz,light_stable,1,0,30,30,0.0799808716166922,0.0337008696904327,0.0659571510808059,0,30,6
uniform_64MHz,light_stable,1,10,30,30,0.0579351190223655,0.0450643973268261,0.0724097044988214,0,11,0
uniform_64MHz,light_stable,1,20,30,30,0.0600992237346299,0.0600992237346299,0.0716213812234452,0,0,0
uniform_64MHz,light_stable,1,30,30,30,0.0590532264794855,0.0590532264794855,0.0625951450791999,0,0,0
uniform_64MHz,light_stable,3,0,30,30,0.0819351525320672,0.0292873180677344,0.0547717076903318,0,30,3
uniform_64MHz,light_stable,3,10,30,30,0.0635256094471551,0.0517119323877921,0.0824139639284027,0,12,0
uniform_64MHz,light_stable,3,20,30,30,0.0619283710378538,0.0619283710378538,0.0700797594289972,0,0,0
uniform_64MHz,light_stable,3,30,30,30,0.059388120149121,0.059388120149121,0.0653279331660568,0,0,0
uniform_64MHz,light_stable,5,0,30,30,0.079378281297832,0.0294282059091417,0.0553909757026831,0,30,3
uniform_64MHz,light_stable,5,10,30,30,0.0609387606636173,0.0445582304240765,0.0882662421768199,0,13,0
uniform_64MHz,light_stable,5,20,30,30,0.0598982106786671,0.0598982106786671,0.0647842458713175,0,0,0
uniform_64MHz,light_stable,5,30,30,30,0.0593967465648625,0.0593967465648625,0.0629306777537844,0,0,0
uniform_64MHz,light_stable,10,0,30,30,0.0678532877442561,0.0350676326061894,0.0710045838056779,0,30,6
uniform_64MHz,light_stable,10,10,30,30,0.0604358699297609,0.0464115717785825,0.0981785641873412,0,15,0
uniform_64MHz,light_stable,10,20,30,30,0.0597243088978963,0.0597243088978963,0.0659312262331948,0,0,0
uniform_64MHz,light_stable,10,30,30,30,0.0590835631333624,0.0590835631333624,0.0645350814648236,0,0,0
uniform_64MHz,light_stable,15,0,30,30,0.0710364599065571,0.0225417802362871,0.03368184664183,0,30,3
uniform_64MHz,light_stable,15,10,30,30,0.0586987856819008,0.0525121285747526,0.0804294468201885,0,6,0
uniform_64MHz,light_stable,15,20,30,30,0.0587896010233441,0.0587896010233441,0.0678584562693363,0,0,0
uniform_64MHz,light_stable,15,30,30,30,0.0603260576080183,0.0603260576080183,0.0648160021791853,0,0,0
uniform_64MHz,light_stable,20,0,30,30,0.0894786377923414,0.046380544061458,0.102663377142939,0,30,5
uniform_64MHz,light_stable,20,10,30,30,0.0595579022462365,0.0492388596795246,0.0780536743741784,0,10,0
uniform_64MHz,light_stable,20,20,30,30,0.0564508325005601,0.0564508325005601,0.0619882362076147,0,0,0
uniform_64MHz,light_stable,20,30,30,30,0.0579657449691396,0.0579657449691396,0.0625189709166207,0,0,0
uniform_64MHz,linear_drift,1,0,30,30,0.659142186833997,0.659142186833997,1.0954306543002,0.2,0,0
uniform_64MHz,linear_drift,1,10,30,30,0.655107237443193,0.655107237443193,1.07556510907347,0.2,0,0
uniform_64MHz,linear_drift,1,20,30,30,0.654867364971614,0.654867364971614,1.07431175037867,0.2,0,0
uniform_64MHz,linear_drift,1,30,30,30,0.653442391689063,0.653442391689063,1.06879020167441,0.2,0,0
uniform_64MHz,linear_drift,3,0,30,30,0.648921657154463,0.648921657154463,1.08925534110156,0.2,0,0
uniform_64MHz,linear_drift,3,10,30,30,0.652624610202914,0.652624610202914,1.0630348548414,0.2,0,0
uniform_64MHz,linear_drift,3,20,30,30,0.652120143221834,0.652120143221834,1.06667199167574,0.2,0,0
uniform_64MHz,linear_drift,3,30,30,30,0.651967410772135,0.651967410772135,1.06444122311499,0.2,0,0
uniform_64MHz,linear_drift,5,0,30,30,0.677066247132303,0.677066247132303,1.09837647848503,0.2,0,0
uniform_64MHz,linear_drift,5,10,30,30,0.654331682919475,0.654331682919475,1.07334672739532,0.2,0,0
uniform_64MHz,linear_drift,5,20,30,30,0.651857041170774,0.651857041170774,1.06928824897101,0.2,0,0
uniform_64MHz,linear_drift,5,30,30,30,0.652645287388223,0.652645287388223,1.06691411697066,0.2,0,0
uniform_64MHz,linear_drift,10,0,30,30,0.650500415197395,0.650500415197395,1.07722325346002,0.2,0,0
uniform_64MHz,linear_drift,10,10,30,30,0.651603097240682,0.651603097240682,1.07049598205951,0.2,0,0
uniform_64MHz,linear_drift,10,20,30,30,0.651537567419544,0.651537567419544,1.06668291724876,0.2,0,0
uniform_64MHz,linear_drift,10,30,30,30,0.652686160363001,0.652686160363001,1.06850430104025,0.2,0,0
uniform_64MHz,linear_drift,15,0,30,30,0.658206661973461,0.658206661973461,1.09359567753079,0.166666666666667,0,0
uniform_64MHz,linear_drift,15,10,30,30,0.653360295163616,0.653360295163616,1.07380920847558,0.2,0,0
uniform_64MHz,linear_drift,15,20,30,30,0.653493076147323,0.653493076147323,1.07012055443117,0.2,0,0
uniform_64MHz,linear_drift,15,30,30,30,0.653026280368275,0.653026280368275,1.06956083310939,0.2,0,0
uniform_64MHz,linear_drift,20,0,30,30,0.656698975154857,0.656698975154857,1.11446440983534,0.166666666666667,0,0
uniform_64MHz,linear_drift,20,10,30,30,0.651725285935777,0.651725285935777,1.07056433711732,0.2,0,0
uniform_64MHz,linear_drift,20,20,30,30,0.652740283792274,0.652740283792274,1.07030028971629,0.2,0,0
uniform_64MHz,linear_drift,20,30,30,30,0.651188756954658,0.651188756954658,1.06313385705646,0.2,0,0
uniform_64MHz,quadratic_drift,1,0,30,30,0.703693022713878,0.703693022713878,1.60787392606866,0.2,0,0
uniform_64MHz,quadratic_drift,1,10,30,30,0.707829645020907,0.707829645020907,1.66270352689836,0.2,0,0
uniform_64MHz,quadratic_drift,1,20,30,30,0.707867897467035,0.707867897467035,1.65621978438609,0.2,0,0
uniform_64MHz,quadratic_drift,1,30,30,30,0.707614855476018,0.707614855476018,1.65858271444394,0.2,0,0
uniform_64MHz,quadratic_drift,3,0,30,30,0.696959320455736,0.696959320455736,1.63327199713966,0.2,0,0
uniform_64MHz,quadratic_drift,3,10,30,30,0.708363619095056,0.708363619095056,1.66144255334523,0.2,0,0
uniform_64MHz,quadratic_drift,3,20,30,30,0.70541339195992,0.70541339195992,1.65403719534399,0.2,0,0
uniform_64MHz,quadratic_drift,3,30,30,30,0.708266174285493,0.708266174285493,1.65822946614838,0.2,0,0
uniform_64MHz,quadratic_drift,5,0,30,30,0.706576952781238,0.706576952781238,1.65906115575367,0.2,0,0
uniform_64MHz,quadratic_drift,5,10,30,30,0.708164378708544,0.708164378708544,1.66099457949522,0.2,0,0
uniform_64MHz,quadratic_drift,5,20,30,30,0.707107783002834,0.707107783002834,1.65698647234078,0.2,0,0
uniform_64MHz,quadratic_drift,5,30,30,30,0.707645330231128,0.707645330231128,1.66025284795686,0.2,0,0
uniform_64MHz,quadratic_drift,10,0,30,30,0.718622902554304,0.718622902554304,1.67167818337178,0.2,0,0
uniform_64MHz,quadratic_drift,10,10,30,30,0.704637625624944,0.704637625624944,1.64823841480479,0.2,0,0
uniform_64MHz,quadratic_drift,10,20,30,30,0.707069057347696,0.707069057347696,1.66022622622854,0.2,0,0
uniform_64MHz,quadratic_drift,10,30,30,30,0.706765779646715,0.706765779646715,1.6576158140297,0.2,0,0
uniform_64MHz,quadratic_drift,15,0,30,30,0.716822683291919,0.716822683291919,1.67290391616369,0.2,0,0
uniform_64MHz,quadratic_drift,15,10,30,30,0.70615239666686,0.70615239666686,1.65830129852154,0.2,0,0
uniform_64MHz,quadratic_drift,15,20,30,30,0.706951205485053,0.706951205485053,1.65672583696544,0.2,0,0
uniform_64MHz,quadratic_drift,15,30,30,30,0.705746026611545,0.705746026611545,1.65298875131091,0.2,0,0
uniform_64MHz,quadratic_drift,20,0,30,30,0.712566225821362,0.712566225821362,1.66271635564148,0.2,0,0
uniform_64MHz,quadratic_drift,20,10,30,30,0.707273740398088,0.707273740398088,1.65547961681678,0.2,0,0
uniform_64MHz,quadratic_drift,20,20,30,30,0.706542191897849,0.706542191897849,1.65407234670379,0.2,0,0
uniform_64MHz,quadratic_drift,20,30,30,30,0.707135790005764,0.707135790005764,1.65703040624965,0.2,0,0
uniform_64MHz,sudden_jump,1,0,30,30,0.617580257010535,0.617580257010535,2.3884100848527,0.0666666666666667,0,0
uniform_64MHz,sudden_jump,1,10,30,30,0.620568075653144,0.620568075653144,2.3968850628882,0.0666666666666667,0,0
uniform_64MHz,sudden_jump,1,20,30,30,0.438242733628692,0.438242733628692,0.00979679291471047,0.0333333333333333,0,0
uniform_64MHz,sudden_jump,1,30,30,30,0.437537992965889,0.437537992965889,0.005896432824955,0.0333333333333333,0,0
uniform_64MHz,sudden_jump,3,0,30,30,0.620645374489527,0.620645374489527,2.40106498338543,0.0666666666666667,0,0
uniform_64MHz,sudden_jump,3,10,30,30,0.620587687853473,0.620587687853473,2.39155871491321,0.0666666666666667,0,0
uniform_64MHz,sudden_jump,3,20,30,30,0.437631044905466,0.437631044905466,0.00912205106173936,0.0333333333333333,0,0
uniform_64MHz,sudden_jump,3,30,30,30,0.4382213605381,0.4382213605381,0.00616692922560924,0.0333333333333333,0,0
uniform_64MHz,sudden_jump,5,0,30,30,0.614313157628394,0.614313157628394,2.34641151218749,0.0666666666666667,0,0
uniform_64MHz,sudden_jump,5,10,30,30,0.618970463889555,0.618970463889555,2.39658156632223,0.0666666666666667,0,0
uniform_64MHz,sudden_jump,5,20,30,30,0.436787122521429,0.436787122521429,0.00741642949492682,0.0333333333333333,0,0
uniform_64MHz,sudden_jump,5,30,30,30,0.438378566139758,0.438378566139758,0.00540084709417599,0.0333333333333333,0,0
uniform_64MHz,sudden_jump,10,0,30,30,0.616226357611999,0.616226357611999,2.3833626883992,0.0666666666666667,0,0
uniform_64MHz,sudden_jump,10,10,30,30,0.618628996707626,0.618628996707626,2.38440682211488,0.0666666666666667,0,0
uniform_64MHz,sudden_jump,10,20,30,30,0.436106424799365,0.436106424799365,0.00836888253641987,0.0333333333333333,0,0
uniform_64MHz,sudden_jump,10,30,30,30,0.438132093635183,0.438132093635183,0.00768063946385489,0.0333333333333333,0,0
uniform_64MHz,sudden_jump,15,0,30,30,0.61140719517796,0.61140719517796,2.34210152489179,0.0666666666666667,0,0
uniform_64MHz,sudden_jump,15,10,30,30,0.619284731995758,0.619284731995758,2.39389292924148,0.0666666666666667,0,0
uniform_64MHz,sudden_jump,15,20,30,30,0.436846045436825,0.436846045436825,0.00790118013137864,0.0333333333333333,0,0
uniform_64MHz,sudden_jump,15,30,30,30,0.438184176995747,0.438184176995747,0.00749420037476867,0.0333333333333333,0,0
uniform_64MHz,sudden_jump,20,0,30,30,0.517083277898176,0.517083277898176,2,0.0666666666666667,0,0
uniform_64MHz,sudden_jump,20,10,30,30,0.516456950160386,0.516456950160386,2,0.0666666666666667,0,0
uniform_64MHz,sudden_jump,20,20,30,30,0.365199502164453,0.365199502164453,0.0101943866539962,0.0333333333333333,0,0
uniform_64MHz,sudden_jump,20,30,30,30,0.365166784626616,0.365166784626616,0.00883674373186238,0.0333333333333333,0,0
uniform_64MHz,noisy_reference,1,0,30,30,1.42573111373142,1.42573111373142,2.39456168624936,0.6,0,0
uniform_64MHz,noisy_reference,1,10,30,30,0.65743797617879,0.65743797617879,1.10784855024168,0.166666666666667,0,0
uniform_64MHz,noisy_reference,1,20,30,30,0.649917105616273,0.649917105616273,1.07048877835005,0.2,0,0
uniform_64MHz,noisy_reference,1,30,30,30,0.653151546961789,0.653151546961789,1.07070381156663,0.2,0,0
uniform_64MHz,noisy_reference,3,0,30,30,1.41680666378839,1.41680666378839,2.43707843815738,0.6,0,0
uniform_64MHz,noisy_reference,3,10,30,30,0.656628438805416,0.656628438805416,1.10684313122605,0.166666666666667,0,0
uniform_64MHz,noisy_reference,3,20,30,30,0.65255940768346,0.65255940768346,1.07747251189354,0.2,0,0
uniform_64MHz,noisy_reference,3,30,30,30,0.651174206561064,0.651174206561064,1.06866304681953,0.2,0,0
uniform_64MHz,noisy_reference,5,0,30,30,1.41591091539982,1.41591091539982,2.39686417849279,0.6,0,0
uniform_64MHz,noisy_reference,5,10,30,30,0.659901901431855,0.659901901431855,1.10419134337968,0.166666666666667,0,0
uniform_64MHz,noisy_reference,5,20,30,30,0.650180420817703,0.650180420817703,1.07761747325637,0.2,0,0
uniform_64MHz,noisy_reference,5,30,30,30,0.653105634546199,0.653105634546199,1.0699981860061,0.2,0,0
uniform_64MHz,noisy_reference,10,0,30,30,1.42636187590747,1.42636187590747,2.40107209347641,0.6,0,0
uniform_64MHz,noisy_reference,10,10,30,30,0.652745884313958,0.652745884313958,1.09748790047579,0.166666666666667,0,0
uniform_64MHz,noisy_reference,10,20,30,30,0.649808443557904,0.649808443557904,1.07202082527839,0.2,0,0
uniform_64MHz,noisy_reference,10,30,30,30,0.65320530067955,0.65320530067955,1.07230548930195,0.2,0,0
uniform_64MHz,noisy_reference,15,0,30,30,1.42464657725064,1.42464657725064,2.39860050538057,0.6,0,0
uniform_64MHz,noisy_reference,15,10,30,30,0.656472083706149,0.656472083706149,1.10509472779041,0.166666666666667,0,0
uniform_64MHz,noisy_reference,15,20,30,30,0.651355386299208,0.651355386299208,1.07951273489201,0.2,0,0
uniform_64MHz,noisy_reference,15,30,30,30,0.651935048978203,0.651935048978203,1.06699999253119,0.2,0,0
uniform_64MHz,noisy_reference,20,0,30,30,1.33300454113881,1.33300454113881,2,0.6,0,0
uniform_64MHz,noisy_reference,20,10,30,30,0.660986955952127,0.660986955952127,1.11092701049173,0.166666666666667,0,0
uniform_64MHz,noisy_reference,20,20,30,30,0.651390321077408,0.651390321077408,1.07707495615718,0.2,0,0
uniform_64MHz,noisy_reference,20,30,30,30,0.653328724569947,0.653328724569947,1.06973948978047,0.2,0,0
uniform_64MHz,strong_stable,1,0,30,30,0.127843851429014,0.127843851429014,0.225453487064454,0,0,0
uniform_64MHz,strong_stable,1,10,30,30,0.126212602469174,0.126212602469174,0.149609615085446,0,0,0
uniform_64MHz,strong_stable,1,20,30,30,0.128423794432695,0.128423794432695,0.135332657875513,0,0,0
uniform_64MHz,strong_stable,1,30,30,30,0.127996623863045,0.127996623863045,0.132723943557874,0,0,0
uniform_64MHz,strong_stable,3,0,30,30,0.113764574514894,0.113764574514894,0.183522050440134,0,0,0
uniform_64MHz,strong_stable,3,10,30,30,0.131325374148024,0.131325374148024,0.16491151853979,0,0,0
uniform_64MHz,strong_stable,3,20,30,30,0.129099402542675,0.129099402542675,0.134699210092693,0,0,0
uniform_64MHz,strong_stable,3,30,30,30,0.126501846991071,0.126501846991071,0.13114646713466,0,0,0
uniform_64MHz,strong_stable,5,0,30,30,0.124619797614045,0.124619797614045,0.198660407286797,0,0,0
uniform_64MHz,strong_stable,5,10,30,30,0.128028131865803,0.128028131865803,0.157214884841395,0,0,0
uniform_64MHz,strong_stable,5,20,30,30,0.12692251264798,0.12692251264798,0.135779721178321,0,0,0
uniform_64MHz,strong_stable,5,30,30,30,0.126995875244226,0.126995875244226,0.130120710490738,0,0,0
uniform_64MHz,strong_stable,10,0,30,30,0.13458665680887,0.13458665680887,0.242461533278046,0,0,0
uniform_64MHz,strong_stable,10,10,30,30,0.126142069548369,0.126142069548369,0.155991031396054,0,0,0
uniform_64MHz,strong_stable,10,20,30,30,0.129452495380085,0.129452495380085,0.134325760213368,0,0,0
uniform_64MHz,strong_stable,10,30,30,30,0.127461877484986,0.127461877484986,0.132280327362183,0,0,0
uniform_64MHz,strong_stable,15,0,30,30,0.115749324325646,0.115749324325646,0.178998734950845,0,0,0
uniform_64MHz,strong_stable,15,10,30,30,0.124520963638396,0.124520963638396,0.157187926581956,0,0,0
uniform_64MHz,strong_stable,15,20,30,30,0.129973260096116,0.129973260096116,0.136070058755935,0,0,0
uniform_64MHz,strong_stable,15,30,30,30,0.129101056309904,0.129101056309904,0.137955182282608,0,0,0
uniform_64MHz,strong_stable,20,0,30,30,0.135745982816452,0.135745982816452,0.210335313857495,0,0,0
uniform_64MHz,strong_stable,20,10,30,30,0.131193200486548,0.131193200486548,0.161972040563214,0,0,0
uniform_64MHz,strong_stable,20,20,30,30,0.129412145247965,0.129412145247965,0.138559332894971,0,0,0
uniform_64MHz,strong_stable,20,30,30,30,0.127689937173871,0.127689937173871,0.131471557931992,0,0,0
uniform_64MHz,strong_drift,1,0,30,30,0.532124392376031,0.532124392376031,0.916673856147884,0,0,0
uniform_64MHz,strong_drift,1,10,30,30,0.551456605874836,0.551456605874836,0.940513958924128,0,0,0
uniform_64MHz,strong_drift,1,20,30,30,0.552690848138832,0.552690848138832,0.940938571670106,0,0,0
uniform_64MHz,strong_drift,1,30,30,30,0.553327034157389,0.553327034157389,0.93971487613084,0,0,0
uniform_64MHz,strong_drift,3,0,30,30,0.54651222470773,0.54651222470773,0.985120341654977,0,0,0
uniform_64MHz,strong_drift,3,10,30,30,0.547748463526536,0.547748463526536,0.943401589385764,0,0,0
uniform_64MHz,strong_drift,3,20,30,30,0.551917810753407,0.551917810753407,0.940822569826858,0,0,0
uniform_64MHz,strong_drift,3,30,30,30,0.553637491685846,0.553637491685846,0.940551985924475,0,0,0
uniform_64MHz,strong_drift,5,0,30,30,0.54208422298548,0.54208422298548,0.946946728298788,0,0,0
uniform_64MHz,strong_drift,5,10,30,30,0.551475208801818,0.551475208801818,0.942677390024009,0,0,0
uniform_64MHz,strong_drift,5,20,30,30,0.55314216937568,0.55314216937568,0.943737129297246,0,0,0
uniform_64MHz,strong_drift,5,30,30,30,0.552955458347601,0.552955458347601,0.939571931761585,0,0,0
uniform_64MHz,strong_drift,10,0,30,30,0.538251445832085,0.538251445832085,0.948475177646081,0,0,0
uniform_64MHz,strong_drift,10,10,30,30,0.546479186581125,0.546479186581125,0.936726190796531,0,0,0
uniform_64MHz,strong_drift,10,20,30,30,0.551207023483054,0.551207023483054,0.938009538667853,0,0,0
uniform_64MHz,strong_drift,10,30,30,30,0.552726047247687,0.552726047247687,0.938458135079665,0,0,0
uniform_64MHz,strong_drift,15,0,30,30,0.537719327924301,0.537719327924301,0.939767229054539,0,0,0
uniform_64MHz,strong_drift,15,10,30,30,0.551751028614049,0.551751028614049,0.948723501515238,0,0,0
uniform_64MHz,strong_drift,15,20,30,30,0.552036454306918,0.552036454306918,0.938530996176143,0,0,0
uniform_64MHz,strong_drift,15,30,30,30,0.552942609665895,0.552942609665895,0.937847903467357,0,0,0
uniform_64MHz,strong_drift,20,0,30,30,0.539858022972225,0.539858022972225,0.950234010060889,0.0333333333333333,0,0
uniform_64MHz,strong_drift,20,10,30,30,0.548583649787041,0.548583649787041,0.947268213072771,0,0,0
uniform_64MHz,strong_drift,20,20,30,30,0.553355174835468,0.553355174835468,0.941681038423976,0,0,0
uniform_64MHz,strong_drift,20,30,30,30,0.552625708900709,0.552625708900709,0.939208613295101,0,0,0
uniform_64MHz,light_drift,1,0,30,30,0.691533418056091,0.642309860778257,1.07281248018939,0.166666666666667,30,1
uniform_64MHz,light_drift,1,10,30,30,0.698632572189864,0.676120795285192,1.13674747427115,0.2,15,0
uniform_64MHz,light_drift,1,20,30,30,0.704316684033155,0.704316684033155,1.13165413003186,0.2,0,0
uniform_64MHz,light_drift,1,30,30,30,0.702005709001144,0.702005709001144,1.12752402349905,0.2,0,0
uniform_64MHz,light_drift,3,0,30,30,0.706361596840218,0.662278897107741,1.10587592825051,0.2,29,1
uniform_64MHz,light_drift,3,10,30,30,0.695881218459415,0.669914260573378,1.09252820542208,0.2,14,0
uniform_64MHz,light_drift,3,20,30,30,0.701850550079701,0.701850550079701,1.12508815313274,0.2,0,0
uniform_64MHz,light_drift,3,30,30,30,0.70280178710082,0.70280178710082,1.12692642560612,0.2,0,0
uniform_64MHz,light_drift,5,0,30,30,0.699434847761552,0.655992441545728,1.10447875158786,0.2,30,1
uniform_64MHz,light_drift,5,10,30,30,0.692928290990786,0.675862013265696,1.11996309327709,0.2,10,0
uniform_64MHz,light_drift,5,20,30,30,0.703698279088264,0.703698279088264,1.13218114860352,0.2,0,0
uniform_64MHz,light_drift,5,30,30,30,0.703607952277016,0.703607952277016,1.12899766817088,0.2,0,0
uniform_64MHz,light_drift,10,0,30,30,0.701757570480323,0.657044346748107,1.07957094137678,0.2,29,2
uniform_64MHz,light_drift,10,10,30,30,0.699737759198093,0.678914750377075,1.11556300862455,0.2,11,0
uniform_64MHz,light_drift,10,20,30,30,0.703089709400133,0.703089709400133,1.13230903535684,0.2,0,0
uniform_64MHz,light_drift,10,30,30,30,0.702007598598228,0.702007598598228,1.12589783768807,0.2,0,0
uniform_64MHz,light_drift,15,0,30,30,0.690219323923511,0.645436503021366,1.07310032659779,0.2,29,2
uniform_64MHz,light_drift,15,10,30,30,0.697323590580088,0.673176420192774,1.11144067886865,0.2,14,0
uniform_64MHz,light_drift,15,20,30,30,0.702335937461187,0.702335937461187,1.12784137717941,0.2,0,0
uniform_64MHz,light_drift,15,30,30,30,0.702321435596437,0.702321435596437,1.12809823265225,0.2,0,0
uniform_64MHz,light_drift,20,0,30,30,0.693111857632408,0.6481673338281,1.09385972880337,0.2,28,2
uniform_64MHz,light_drift,20,10,30,30,0.694314961293097,0.668789289832672,1.08967878068441,0.2,14,0
uniform_64MHz,light_drift,20,20,30,30,0.702062318578809,0.702062318578809,1.12593985753287,0.2,0,0
uniform_64MHz,light_drift,20,30,30,30,0.701941270890429,0.701941270890429,1.12543806113122,0.2,0,0
