Parameter,Value,Trial,TrueDistance_m,RTT_m,PBR_m,Fused_m,CFOEstimate_Hz,PBR_Usable,FusionValid,Status
CFO_Hz,-120000,1,10,NaN,0,NaN,-80000,0,0,invalid_cfo
CFO_Hz,-120000,2,10,NaN,0,NaN,-80000,0,0,invalid_cfo
CFO_Hz,-120000,3,10,NaN,0,NaN,-80000,0,0,invalid_cfo
CFO_Hz,-120000,4,10,NaN,0,NaN,-80000,0,0,invalid_cfo
CFO_Hz,-120000,5,10,NaN,0,NaN,-80000,0,0,invalid_cfo
CFO_Hz,-120000,6,10,NaN,0,NaN,-80000,0,0,invalid_cfo
CFO_Hz,-120000,7,10,NaN,0,NaN,-80000,0,0,invalid_cfo
CFO_Hz,-120000,8,10,NaN,0,NaN,-80000,0,0,invalid_cfo
CFO_Hz,-120000,9,10,NaN,0,NaN,-80000,0,0,invalid_cfo
CFO_Hz,-120000,10,10,NaN,0,NaN,-80000,0,0,invalid_cfo
CFO_Hz,-120000,11,10,NaN,0,NaN,-80000,0,0,invalid_cfo
CFO_Hz,-120000,12,10,NaN,0,NaN,-80000,0,0,invalid_cfo
CFO_Hz,-120000,13,10,NaN,0,NaN,-80000,0,0,invalid_cfo
CFO_Hz,-120000,14,10,NaN,0,NaN,-80000,0,0,invalid_cfo
CFO_Hz,-120000,15,10,NaN,0,NaN,-80000,0,0,invalid_cfo
CFO_Hz,-120000,16,10,NaN,0,NaN,-80000,0,0,invalid_cfo
CFO_Hz,-120000,17,10,NaN,0,NaN,-80000,0,0,invalid_cfo
CFO_Hz,-120000,18,10,NaN,0,NaN,-80000,0,0,invalid_cfo
CFO_Hz,-120000,19,10,NaN,0,NaN,-80000,0,0,invalid_cfo
CFO_Hz,-120000,20,10,NaN,0,NaN,-80000,0,0,invalid_cfo
CFO_Hz,-40000,1,10,9.96424681349641,9.99450602515299,9.9940870762629,-39978.4670530985,1,1,single_alias_soft_fusion
CFO_Hz,-40000,2,10,10.0318721137095,10.0056095476434,10.0059725501443,-40036.9855993998,1,1,single_alias_soft_fusion
CFO_Hz,-40000,3,10,9.87207827760745,9.99867940372555,9.99693025794398,-40036.2510471316,1,1,single_alias_soft_fusion
CFO_Hz,-40000,4,10,9.92653075174644,9.99074637243965,9.98986296750904,-40022.053916854,1,1,single_alias_soft_fusion
CFO_Hz,-40000,5,10,10.123526420174,10.0082239946892,10.009817460375,-39982.0791361971,1,1,single_alias_soft_fusion
CFO_Hz,-40000,6,10,10.1490237029544,9.98279253210745,9.98508149902716,-39953.8396585179,1,1,single_alias_soft_fusion
CFO_Hz,-40000,7,10,9.94396109923709,9.99066501778319,9.9900198993099,-40023.8793338448,1,1,single_alias_soft_fusion
CFO_Hz,-40000,8,10,9.87075462273819,9.98263899859703,9.98109954223961,-40003.4512026297,1,1,single_alias_soft_fusion
CFO_Hz,-40000,9,10,9.97905847804286,10.0329016180342,10.03215833544,-40022.9402368646,1,1,single_alias_soft_fusion
CFO_Hz,-40000,10,10,9.7873289813155,9.97257807134339,9.97002899095835,-39944.7803426091,1,1,single_alias_soft_fusion
CFO_Hz,-40000,11,10,10.0986653852216,10.0132409403311,10.0144218904238,-40007.7562305863,1,1,single_alias_soft_fusion
CFO_Hz,-40000,12,10,9.97637591857984,9.96125589338888,9.96146607148423,-39981.7799753587,1,1,single_alias_soft_fusion
CFO_Hz,-40000,13,10,9.85294630025101,10.0171838795388,10.0149178736094,-40024.0092226381,1,1,single_alias_soft_fusion
CFO_Hz,-40000,14,10,9.87104285174555,10.0326229134225,10.0303961785709,-39998.4343785305,1,1,single_alias_soft_fusion
CFO_Hz,-40000,15,10,10.0216685548842,9.99096635793297,9.99138950985697,-39954.2623442322,1,1,single_alias_soft_fusion
CFO_Hz,-40000,16,10,10.0854286821979,9.9999708629318,10.0011485433335,-39988.4027203193,1,1,single_alias_soft_fusion
CFO_Hz,-40000,17,10,9.85146219595528,10.0425297028716,10.0399007475218,-40086.1665197141,1,1,single_alias_soft_fusion
CFO_Hz,-40000,18,10,10.2216871379397,10.0015374909116,10.0045879637077,-39983.3707655319,1,1,single_alias_soft_fusion
CFO_Hz,-40000,19,10,9.89904084079536,9.98305033057615,9.98189283161109,-39991.4609009718,1,1,single_alias_soft_fusion
CFO_Hz,-40000,20,10,10.014773521136,10.0065641530546,10.0066774764643,-40000.5780538226,1,1,single_alias_soft_fusion
CFO_Hz,0,1,10,10.0763785058769,10.012195630468,10.0130824264722,-72.8069993619555,1,1,single_alias_soft_fusion
CFO_Hz,0,2,10,9.90920496182427,10.0013802741808,10.0001145299057,-11.0858330995113,1,1,single_alias_soft_fusion
CFO_Hz,0,3,10,9.90523086949404,10.0240241720631,10.0223804110603,-28.4754264637059,1,1,single_alias_soft_fusion
CFO_Hz,0,4,10,9.90859034995464,9.99689315932792,9.99567885431224,7.43056092769232,1,1,single_alias_soft_fusion
CFO_Hz,0,5,10,10.2144254847578,9.98781806432907,9.9909386358248,18.3930041559716,1,1,single_alias_soft_fusion
CFO_Hz,0,6,10,10.0042516333357,10.0110136790982,10.0109206208066,-76.4749537694212,1,1,single_alias_soft_fusion
CFO_Hz,0,7,10,9.90363003581528,9.9897993002224,9.98860808837107,-33.7169265251157,1,1,single_alias_soft_fusion
CFO_Hz,0,8,10,10.1099183212285,10.0098709552491,10.0112506066532,-23.8785552717154,1,1,single_alias_soft_fusion
CFO_Hz,0,9,10,10.0896501584424,10.0158317914036,10.0168518118863,-11.6472742170662,1,1,single_alias_soft_fusion
CFO_Hz,0,10,10,9.83848993893335,9.99741941368674,9.99522802829965,-56.9416383920312,1,1,single_alias_soft_fusion
CFO_Hz,0,11,10,9.97404718386009,9.99589409883155,9.99559393114535,55.89146067735,1,1,single_alias_soft_fusion
CFO_Hz,0,12,10,9.90710818957921,9.98951496039944,9.98837447493879,-54.7659549452768,1,1,single_alias_soft_fusion
CFO_Hz,0,13,10,10.0761426446343,9.98270590359277,9.9840017391504,4.96567597014639,1,1,single_alias_soft_fusion
CFO_Hz,0,14,10,9.95943485609276,10.039885981447,10.0387743464777,-44.0997319400226,1,1,single_alias_soft_fusion
CFO_Hz,0,15,10,9.91999559011083,9.94293952174753,9.94262316375832,36.875893754883,1,1,single_alias_soft_fusion
CFO_Hz,0,16,10,9.86690582100818,10.0058686270501,10.0039545409345,-14.3544230584029,1,1,single_alias_soft_fusion
CFO_Hz,0,17,10,10.0190142566723,9.99300000258611,9.99336024115486,-16.188841395694,1,1,single_alias_soft_fusion
CFO_Hz,0,18,10,9.85419243669132,10.0040873099007,10.0020153936657,15.9985097906929,1,1,single_alias_soft_fusion
CFO_Hz,0,19,10,10.0614993064929,10.0038032872731,10.0046018894225,-8.58918572362222,1,1,single_alias_soft_fusion
CFO_Hz,0,20,10,10.0200674394604,9.97256833133619,9.97322819047114,-13.1104978518312,1,1,single_alias_soft_fusion
CFO_Hz,12000,1,10,10.1504248749748,9.98833357050736,9.99056968109904,11952.4192956473,1,1,single_alias_soft_fusion
CFO_Hz,12000,2,10,10.0237826569587,9.98786956109971,9.98836430057093,11984.4487337652,1,1,single_alias_soft_fusion
CFO_Hz,12000,3,10,9.90144176970192,9.98621966346013,9.98504632054861,11979.4027534284,1,1,single_alias_soft_fusion
CFO_Hz,12000,4,10,10.0186684024549,10.0092474381887,10.0093775749627,11937.4818807357,1,1,single_alias_soft_fusion
CFO_Hz,12000,5,10,9.9610764535285,10.0005785039461,10.0000334851471,11952.3086279542,1,1,single_alias_soft_fusion
CFO_Hz,12000,6,10,9.76197586875902,10.0174907671509,10.0139729990553,12002.0640895632,1,1,single_alias_soft_fusion
CFO_Hz,12000,7,10,9.80098798481688,10.0197084915588,10.0166889211058,11982.1947696771,1,1,single_alias_soft_fusion
CFO_Hz,12000,8,10,10.0270333573474,9.99192906747406,9.99241444692537,11976.3872696236,1,1,single_alias_soft_fusion
CFO_Hz,12000,9,10,9.88990116761482,9.98168051827485,9.98041201562548,12026.5797875241,1,1,single_alias_soft_fusion
CFO_Hz,12000,10,10,10.2118574334981,9.98468686248076,9.98782393356718,12038.3720948527,1,1,single_alias_soft_fusion
CFO_Hz,12000,11,10,10.0644010567993,10.0064828469445,10.0072833180287,12022.5966930734,1,1,single_alias_soft_fusion
CFO_Hz,12000,12,10,10.1131748980584,9.99177717647598,9.99344953485913,12048.4761865517,1,1,single_alias_soft_fusion
CFO_Hz,12000,13,10,10.082361311591,9.9834450708679,9.98480280494675,12014.8853506633,1,1,single_alias_soft_fusion
CFO_Hz,12000,14,10,9.92463483409536,10.0071913982986,10.0060534485927,11971.3034175132,1,1,single_alias_soft_fusion
CFO_Hz,12000,15,10,10.0052578417871,9.99723781098871,9.99734893139302,11984.5706672576,1,1,single_alias_soft_fusion
CFO_Hz,12000,16,10,9.98047707492095,9.99409987302957,9.9939122062493,12001.9582360869,1,1,single_alias_soft_fusion
CFO_Hz,12000,17,10,9.89328429387947,10.0047067476617,10.0031689320015,11983.2586388099,1,1,single_alias_soft_fusion
CFO_Hz,12000,18,10,9.89661745819357,10.0214965675206,10.0197693675969,11966.6609944685,1,1,single_alias_soft_fusion
CFO_Hz,12000,19,10,10.0517090388015,10.0264512429775,10.0267998813629,11993.4050906805,1,1,single_alias_soft_fusion
CFO_Hz,12000,20,10,10.0814913252854,9.98205593178571,9.98342723804249,12028.1244012845,1,1,single_alias_soft_fusion
CFO_Hz,40000,1,10,9.96467866988771,9.98736255480659,9.98704942523806,40022.68630803,1,1,single_alias_soft_fusion
CFO_Hz,40000,2,10,10.1446597615599,9.977251927635,9.979566736773,39955.7248736449,1,1,single_alias_soft_fusion
CFO_Hz,40000,3,10,10.0360646260083,9.98473051505543,9.98543854730419,40048.9954083902,1,1,single_alias_soft_fusion
CFO_Hz,40000,4,10,10.1274904559159,9.96799593357305,9.97020048111782,40013.5822381962,1,1,single_alias_soft_fusion
CFO_Hz,40000,5,10,9.87901991253315,9.98602012731206,9.98454487849736,40063.4807351476,1,1,single_alias_soft_fusion
CFO_Hz,40000,6,10,9.8392168903096,9.99427414614685,9.99213607097449,40004.2993075519,1,1,single_alias_soft_fusion
CFO_Hz,40000,7,10,9.87735366579256,10.0141859807754,10.0123009192208,39999.9671340821,1,1,single_alias_soft_fusion
CFO_Hz,40000,8,10,9.97899042781458,9.98425295344283,9.98418037442953,40005.2136712287,1,1,single_alias_soft_fusion
CFO_Hz,40000,9,10,9.96121270713171,9.98459659336448,9.98427440071061,40047.8625588621,1,1,single_alias_soft_fusion
CFO_Hz,40000,10,10,9.96114002095674,9.9976248895372,9.99711899656955,40008.966572393,1,1,single_alias_soft_fusion
CFO_Hz,40000,11,10,9.93231871856103,9.99843981876234,9.99752356295996,39976.0502074339,1,1,single_alias_soft_fusion
CFO_Hz,40000,12,10,10.0193789136912,9.98547843361431,9.98594643164042,40017.8675993406,1,1,single_alias_soft_fusion
CFO_Hz,40000,13,10,9.93290597111683,9.99965056342955,9.99873016181667,39974.8883289777,1,1,single_alias_soft_fusion
CFO_Hz,40000,14,10,9.84994563041577,9.97826971376345,9.9764910982985,40074.4682619633,1,1,single_alias_soft_fusion
CFO_Hz,40000,15,10,9.76892210139502,10.0188577287573,10.0153917960628,39965.9131798915,1,1,single_alias_soft_fusion
CFO_Hz,40000,16,10,9.80909818146588,10.0170770342694,10.0142153718009,39957.6448223255,1,1,single_alias_soft_fusion
CFO_Hz,40000,17,10,9.84953598853003,10.0026855444006,10.0005597031436,40035.5489718806,1,1,single_alias_soft_fusion
CFO_Hz,40000,18,10,9.9913127732966,10.0069712328428,10.0067550620972,39971.3463332174,1,1,single_alias_soft_fusion
CFO_Hz,40000,19,10,9.94792101698473,9.9737100947404,9.97335320163922,39990.3558925702,1,1,single_alias_soft_fusion
CFO_Hz,40000,20,10,9.9270980497024,9.97979231629636,9.97906188417023,40028.6505276783,1,1,single_alias_soft_fusion
CFO_Hz,120000,1,10,NaN,22.0164169665799,NaN,80000,0,0,invalid_cfo
CFO_Hz,120000,2,10,NaN,22.0103109640721,NaN,80000,0,0,invalid_cfo
CFO_Hz,120000,3,10,NaN,21.969492910907,NaN,80000,0,0,invalid_cfo
CFO_Hz,120000,4,10,NaN,22.0237088235545,NaN,80000,0,0,invalid_cfo
CFO_Hz,120000,5,10,NaN,22.0025793725684,NaN,80000,0,0,invalid_cfo
CFO_Hz,120000,6,10,NaN,21.9995357314867,NaN,80000,0,0,invalid_cfo
CFO_Hz,120000,7,10,NaN,22.0138697650895,NaN,80000,0,0,invalid_cfo
CFO_Hz,120000,8,10,NaN,22.0025537031459,NaN,80000,0,0,invalid_cfo
CFO_Hz,120000,9,10,NaN,21.9752367239396,NaN,80000,0,0,invalid_cfo
CFO_Hz,120000,10,10,NaN,21.972285110151,NaN,80000,0,0,invalid_cfo
CFO_Hz,120000,11,10,NaN,21.9746803897547,NaN,80000,0,0,invalid_cfo
CFO_Hz,120000,12,10,NaN,22.0081601461731,NaN,80000,0,0,invalid_cfo
CFO_Hz,120000,13,10,NaN,22.0067663395003,NaN,80000,0,0,invalid_cfo
CFO_Hz,120000,14,10,NaN,21.9936432063131,NaN,80000,0,0,invalid_cfo
CFO_Hz,120000,15,10,NaN,22.0066756345382,NaN,80000,0,0,invalid_cfo
CFO_Hz,120000,16,10,NaN,21.9862935069125,NaN,80000,0,0,invalid_cfo
CFO_Hz,120000,17,10,NaN,22.0006412020874,NaN,80000,0,0,invalid_cfo
CFO_Hz,120000,18,10,NaN,21.9998768711663,NaN,80000,0,0,invalid_cfo
CFO_Hz,120000,19,10,NaN,21.9992518925597,NaN,80000,0,0,invalid_cfo
CFO_Hz,120000,20,10,NaN,21.9621302293088,NaN,80000,0,0,invalid_cfo
PhaseNoise_rad,0,1,10,10.1518248480261,10.0046409276269,10.0066737641158,-40.945776110834,1,1,single_alias_soft_fusion
PhaseNoise_rad,0,2,10,9.93472609323909,10.0132829543714,10.0121981076157,-13.3769602820656,1,1,single_alias_soft_fusion
PhaseNoise_rad,0,3,10,9.75229705184959,10.0019057286409,9.9984753254016,-10.1690613393362,1,1,single_alias_soft_fusion
PhaseNoise_rad,0,4,10,10.0747901216175,10.0059810726954,10.0069318108168,1.45918342042405,1,1,single_alias_soft_fusion
PhaseNoise_rad,0,5,10,9.97860474840292,10.0193243669381,10.0187608212431,-25.3639686151256,1,1,single_alias_soft_fusion
PhaseNoise_rad,0,6,10,9.85074528426752,9.99628712906181,9.99427920909135,-7.06053011152333,1,1,single_alias_soft_fusion
PhaseNoise_rad,0,7,10,10.0510894804563,9.99950462336747,10.0002182623483,-18.6927766102934,1,1,single_alias_soft_fusion
PhaseNoise_rad,0,8,10,9.97021201102252,9.99883599741368,9.99844181451169,-17.7798832733102,1,1,single_alias_soft_fusion
PhaseNoise_rad,0,9,10,9.9675538373153,9.98966962442004,9.98936253169746,25.6716532660339,1,1,single_alias_soft_fusion
PhaseNoise_rad,0,10,10,10.1096835595408,9.98743064401707,9.98911850778016,30.2316484228774,1,1,single_alias_soft_fusion
PhaseNoise_rad,0,11,10,9.9197949973676,9.98384622787157,9.98296245040277,60.9712211981916,1,1,single_alias_soft_fusion
PhaseNoise_rad,0,12,10,10.1198805737209,10.0105261148608,10.0120384456853,-41.8901849485944,1,1,single_alias_soft_fusion
PhaseNoise_rad,0,13,10,10.1092104358534,9.99549834975303,9.99707034741055,18.297708860035,1,1,single_alias_soft_fusion
PhaseNoise_rad,0,14,10,10.0250382940362,9.9871672578997,9.98769017903263,33.8030338513117,1,1,single_alias_soft_fusion
PhaseNoise_rad,0,15,10,9.96210782646014,9.98195439727518,9.98168078637459,51.3220420530557,1,1,single_alias_soft_fusion
PhaseNoise_rad,0,16,10,10.1300163571986,10.0006700887961,10.002463532378,-4.37596601437038,1,1,single_alias_soft_fusion
PhaseNoise_rad,0,17,10,10.1736062835802,9.98873208702354,9.99128732133777,39.0589001462251,1,1,single_alias_soft_fusion
PhaseNoise_rad,0,18,10,9.81936479571927,10.0037681554483,10.0012200106895,2.70272050238484,1,1,single_alias_soft_fusion
PhaseNoise_rad,0,19,10,9.8986034964313,10.0079997081422,10.0064946755229,8.86397426037273,1,1,single_alias_soft_fusion
PhaseNoise_rad,0,20,10,9.99732358666491,10.025213830306,10.024828546507,-79.3974622376739,1,1,single_alias_soft_fusion
PhaseNoise_rad,0.05,1,10,10.0215905509068,10.0012488792372,10.0015306171634,-15.0047378820261,1,1,single_alias_soft_fusion
PhaseNoise_rad,0.05,2,10,9.99380498030671,9.98733761696948,9.98742748705562,-10.1540321161621,1,1,single_alias_soft_fusion
PhaseNoise_rad,0.05,3,10,10.2880785469425,10.0397837856581,10.0432097821135,-6.45402487429002,1,1,single_alias_soft_fusion
PhaseNoise_rad,0.05,4,10,10.181218801089,9.96808560727189,9.97101373313824,23.0770962463861,1,1,single_alias_soft_fusion
PhaseNoise_rad,0.05,5,10,10.1564185387988,9.97562203982448,9.97812064521034,-32.0912985288651,1,1,single_alias_soft_fusion
PhaseNoise_rad,0.05,6,10,9.90416228238552,9.91669721191216,9.91652430008119,-12.2616948702551,1,1,single_alias_soft_fusion
PhaseNoise_rad,0.05,7,10,9.93051208263446,9.96333198246172,9.96287907452679,-25.5343232203976,1,1,single_alias_soft_fusion
PhaseNoise_rad,0.05,8,10,10.2010568287749,10.0092583176654,10.0119061550716,-61.6843411431985,1,1,single_alias_soft_fusion
PhaseNoise_rad,0.05,9,10,10.0739211142177,9.98361624426724,9.98486424326422,11.7838492028472,1,1,single_alias_soft_fusion
PhaseNoise_rad,0.05,10,10,10.1364760111386,10.1139970919292,10.1143088784605,1.94050125635569,1,1,single_alias_soft_fusion
PhaseNoise_rad,0.05,11,10,9.96304238851338,10.0741954669339,10.0726663422087,-57.5951939325737,1,1,single_alias_soft_fusion
PhaseNoise_rad,0.05,12,10,9.87243875291296,9.90572745702603,9.90526654228741,43.7299883590719,1,1,single_alias_soft_fusion
PhaseNoise_rad,0.05,13,10,10.0278528661106,10.0193468395078,10.0194647828834,-4.30454032044642,1,1,single_alias_soft_fusion
PhaseNoise_rad,0.05,14,10,9.96800547787808,10.0013786780332,10.0009162984019,20.1208123960743,1,1,single_alias_soft_fusion
PhaseNoise_rad,0.05,15,10,9.96364634586321,10.0943199237173,10.0925165909801,60.7336446214235,1,1,single_alias_soft_fusion
PhaseNoise_rad,0.05,16,10,9.95125799031627,10.0369117125972,10.0357277522981,3.46081644796909,1,1,single_alias_soft_fusion
PhaseNoise_rad,0.05,17,10,10.0577591272981,9.98734689232553,9.98832122092359,52.3977120395828,1,1,single_alias_soft_fusion
PhaseNoise_rad,0.05,18,10,9.930652136664,9.94656827681916,9.94634862595941,-10.7039787297434,1,1,single_alias_soft_fusion
PhaseNoise_rad,0.05,19,10,10.0919147818173,10.0411015545701,10.0418012423666,-2.44805313854375,1,1,single_alias_soft_fusion
PhaseNoise_rad,0.05,20,10,10.0817852154079,9.97899793216999,9.98042014429947,-56.0969566809443,1,1,single_alias_soft_fusion
PhaseNoise_rad,0.15,1,10,9.9331693419291,10.0663851654583,10.0645182641343,16.1329312766859,1,1,single_alias_soft_fusion
PhaseNoise_rad,0.15,2,10,10.08674587105,10.1383777549279,10.1376632482522,26.1023767376845,1,1,single_alias_soft_fusion
PhaseNoise_rad,0.15,3,10,10.2469850260176,9.88966464791374,9.89467312748349,43.3741796948484,1,1,single_alias_soft_fusion
PhaseNoise_rad,0.15,4,10,9.97649397543279,9.86864779678266,9.87016056342703,-29.9733491800848,1,1,single_alias_soft_fusion
PhaseNoise_rad,0.15,5,10,10.0947619844344,10.0415774971699,10.0423218349723,2.45272991313088,1,1,single_alias_soft_fusion
PhaseNoise_rad,0.15,6,10,10.0397029939887,9.79747100260717,9.80085519689774,30.4451846056741,1,1,single_alias_soft_fusion
PhaseNoise_rad,0.15,7,10,9.85534566612012,10.0303123395596,10.0278648406324,41.5810465560319,1,1,single_alias_soft_fusion
PhaseNoise_rad,0.15,8,10,9.90900019987537,10.1272439207128,10.1241982748432,-12.7177353868451,1,1,single_alias_soft_fusion
PhaseNoise_rad,0.15,9,10,9.8674548055789,10.0035604433856,10.00166195798,-37.2655728141489,1,1,single_alias_soft_fusion
PhaseNoise_rad,0.15,10,10,10.0737320110271,9.83603802579359,9.8393738548328,-44.6895580744474,1,1,single_alias_soft_fusion
PhaseNoise_rad,0.15,11,10,9.87425162465426,10.1112524913824,10.1079521896006,-27.3032354215259,1,1,single_alias_soft_fusion
PhaseNoise_rad,0.15,12,10,10.0248094886732,9.99342551921468,9.99386404524508,-24.2892791389636,1,1,single_alias_soft_fusion
PhaseNoise_rad,0.15,13,10,10.0976786662623,10.2790779805786,10.2765236572291,17.4569985259288,1,1,single_alias_soft_fusion
PhaseNoise_rad,0.15,14,10,10.0196437406083,9.84382236579799,9.84626374386954,54.9442949762905,1,1,single_alias_soft_fusion
PhaseNoise_rad,0.15,15,10,10.1578845540935,10.0228897827134,10.0247660896481,-6.74334036151938,1,1,single_alias_soft_fusion
PhaseNoise_rad,0.15,16,10,10.1613404116258,9.98519937838662,9.98764664839128,-49.5709342798524,1,1,single_alias_soft_fusion
PhaseNoise_rad,0.15,17,10,10.0897082393281,9.90849891660439,9.91101810099608,-18.7821359046011,1,1,single_alias_soft_fusion
PhaseNoise_rad,0.15,18,10,9.76705006516429,10.1489887878278,10.1436798154865,-3.14490688901396,1,1,single_alias_soft_fusion
PhaseNoise_rad,0.15,19,10,9.82929391957219,10.0022015586054,9.99979600003659,-1.13284303044433,1,1,single_alias_soft_fusion
PhaseNoise_rad,0.15,20,10,10.0251914051047,10.3209826830039,10.3168639557472,7.01575944038532,1,1,single_alias_soft_fusion
PhaseNoise_rad,0.35,1,10,9.96039350824939,9.57434823671284,9.57974692743397,41.5319617109976,1,1,single_alias_soft_fusion
PhaseNoise_rad,0.35,2,10,10.0914109296267,9.79947156801737,9.80372722672665,14.7075043676493,1,1,single_alias_soft_fusion
PhaseNoise_rad,0.35,3,10,9.95164915657117,10.0265345138981,10.0254449247464,5.16644936516329,1,1,single_alias_soft_fusion
PhaseNoise_rad,0.35,4,10,10.1332455061483,10.7713313165613,10.7620452274193,25.4816322092455,1,1,single_alias_soft_fusion
PhaseNoise_rad,0.35,5,10,10.0413088421162,10.1158007557214,10.1147498767444,1.89124016871635,1,1,single_alias_soft_fusion
PhaseNoise_rad,0.35,6,10,10.1609688431242,9.4485130025592,9.4590395711178,-13.7370209099919,1,1,single_alias_soft_fusion
PhaseNoise_rad,0.35,7,10,10.0817789461897,9.95201225125127,9.95389207890407,-49.0506794773653,1,1,single_alias_soft_fusion
PhaseNoise_rad,0.35,8,10,9.99077126274354,9.36806288821467,9.37697285818633,13.715081496477,1,1,single_alias_soft_fusion
PhaseNoise_rad,0.35,9,10,10.2219581517557,9.74711029019196,9.7541973271454,-32.3267125966235,1,1,single_alias_soft_fusion
PhaseNoise_rad,0.35,10,10,10.0825777764397,9.91750673671841,9.91988321306669,-49.543946837633,1,1,single_alias_soft_fusion
PhaseNoise_rad,0.35,11,10,9.8665842088869,9.6301962330132,9.63362961254319,27.8893427414111,1,1,single_alias_soft_fusion
PhaseNoise_rad,0.35,12,10,10.0456391537678,10.072180969865,10.0718006718159,92.8353651504255,1,1,single_alias_soft_fusion
PhaseNoise_rad,0.35,13,10,9.81521526843641,9.8574378991584,9.85683290093718,-61.5994873013477,1,1,single_alias_soft_fusion
PhaseNoise_rad,0.35,14,10,10.0009354168103,10.7301075906896,10.7197135130947,-33.9672755607848,1,1,single_alias_soft_fusion
PhaseNoise_rad,0.35,15,10,9.79753643105305,10.2653016334906,10.2585042908394,2.72891969414579,1,1,single_alias_soft_fusion
PhaseNoise_rad,0.35,16,10,10.0095577005841,10.0995802174051,10.0983127778949,50.5518113570163,1,1,single_alias_soft_fusion
PhaseNoise_rad,0.35,17,10,10.0317074958453,10.7861220105542,10.7751560737343,-10.9314775546388,1,1,single_alias_soft_fusion
PhaseNoise_rad,0.35,18,10,10.2280618569177,10.4028290908096,10.4002180373487,-8.62884792786514,1,1,single_alias_soft_fusion
PhaseNoise_rad,0.35,19,10,9.9706422449233,9.34407971852428,9.35340269464277,38.8089234730363,1,1,single_alias_soft_fusion
PhaseNoise_rad,0.35,20,10,9.86516673676009,10.111188513808,10.1076918401894,8.85508841013552,1,1,single_alias_soft_fusion
PhaseNoise_rad,0.7,1,10,10.1620800373887,11.3706961064779,10.1620800373887,28.915175363762,1,0,range_phase_disagreement_rtt_only
PhaseNoise_rad,0.7,2,10,9.80173293452944,9.32872513751478,9.33731411874052,-9.93128627384118,1,1,single_alias_soft_fusion
PhaseNoise_rad,0.7,3,10,10.0578706740895,8.47999331741779,10.0578706740895,-11.150886454166,1,0,range_phase_disagreement_rtt_only
PhaseNoise_rad,0.7,4,10,10.1234302244092,10.4593308139734,10.4535719114081,8.39429479973104,1,1,single_alias_soft_fusion
PhaseNoise_rad,0.7,5,10,9.92704856685438,9.9297609267406,9.92971918010775,-12.1789775560578,1,1,single_alias_soft_fusion
PhaseNoise_rad,0.7,6,10,9.96912099911849,9.99219540179682,9.99180230056521,45.7894749490671,1,1,single_alias_soft_fusion
PhaseNoise_rad,0.7,7,10,9.90318973500428,10.7800613550349,9.90318973500428,-48.5334613521966,1,0,range_phase_disagreement_rtt_only
PhaseNoise_rad,0.7,8,10,9.89464261310842,10.263375217181,10.2573218878772,16.8395803343109,1,1,single_alias_soft_fusion
PhaseNoise_rad,0.7,9,10,10.0570728994435,8.95593762262685,10.0570728994435,-19.9283618672913,1,0,range_phase_disagreement_rtt_only
PhaseNoise_rad,0.7,10,10,9.91269948867322,10.6689841105922,10.6547892143137,-6.29202698155226,1,1,single_alias_soft_fusion
PhaseNoise_rad,0.7,11,10,9.81322382788501,9.38997841359606,9.39673403035254,62.3425793289925,1,1,single_alias_soft_fusion
PhaseNoise_rad,0.7,12,10,10.070632799068,10.1418109977922,10.070632799068,14.04725968331,0,0,low_phase_coherence_rtt_only
PhaseNoise_rad,0.7,13,10,10.117112776584,9.30804738417763,9.32091243687091,-10.5794380683928,1,1,single_alias_soft_fusion
PhaseNoise_rad,0.7,14,10,9.82199964271602,9.44845774511811,9.45515201235879,60.3330683304903,1,1,single_alias_soft_fusion
PhaseNoise_rad,0.7,15,10,10.0343866024202,10.2797166610243,10.2757654281914,-21.9333922567592,1,1,single_alias_soft_fusion
PhaseNoise_rad,0.7,16,10,9.94762587673859,11.565501053656,9.94762587673859,15.7021924951214,1,0,range_phase_disagreement_rtt_only
PhaseNoise_rad,0.7,17,10,9.84366819583415,11.1175437023373,9.84366819583415,-4.8829392815077,1,0,range_phase_disagreement_rtt_only
PhaseNoise_rad,0.7,18,10,10.0393524645705,9.95775392436267,9.95926950937885,24.6163107908259,1,1,single_alias_soft_fusion
PhaseNoise_rad,0.7,19,10,10.142352180271,10.4262344829168,10.4211766133963,17.8010710062721,1,1,single_alias_soft_fusion
PhaseNoise_rad,0.7,20,10,9.97606140529573,10.0753830739093,10.0734877707474,6.64771179884459,1,1,single_alias_soft_fusion
EchoAmplitude,0,1,10,9.83946734718796,9.99561002461837,9.9934580190446,-6.46598310140639,1,1,single_alias_soft_fusion
EchoAmplitude,0,2,10,10.1788803530795,10.0170601720823,10.0192871594789,37.1339074906919,1,1,single_alias_soft_fusion
EchoAmplitude,0,3,10,9.94925497777917,9.96719125180556,9.96694364519334,29.02631554877,1,1,single_alias_soft_fusion
EchoAmplitude,0,4,10,9.85800480363113,10.0145376454795,10.012364012186,-26.2777569987601,1,1,single_alias_soft_fusion
EchoAmplitude,0,5,10,9.91884717028103,9.99264434554619,9.99162619696,50.2455948685439,1,1,single_alias_soft_fusion
EchoAmplitude,0,6,10,10.0641803433082,10.0116291677562,10.0123526269893,-16.9262529845231,1,1,single_alias_soft_fusion
EchoAmplitude,0,7,10,10.2757029649527,9.98679992693889,9.99077679390893,5.75863776921592,1,1,single_alias_soft_fusion
EchoAmplitude,0,8,10,9.80402867924556,9.97691754691457,9.97451590446463,10.5349861529569,1,1,single_alias_soft_fusion
EchoAmplitude,0,9,10,10.0627114302334,9.99013834112986,9.99114134873154,10.7375612017864,1,1,single_alias_soft_fusion
EchoAmplitude,0,10,10,9.83234294007914,9.99681929667542,9.99455576475783,-59.3588521426634,1,1,single_alias_soft_fusion
EchoAmplitude,0,11,10,10.0435892261358,10.0153104909031,10.015700498661,-2.44604702608466,1,1,single_alias_soft_fusion
EchoAmplitude,0,12,10,9.85366229855817,9.99075556377639,9.98885503899807,-8.04659407479439,1,1,single_alias_soft_fusion
EchoAmplitude,0,13,10,10.0577517040876,9.9797685280211,9.98085192169175,32.9827043181358,1,1,single_alias_soft_fusion
EchoAmplitude,0,14,10,10.0630507384789,10.0217445941773,10.02231384551,-21.8464789183481,1,1,single_alias_soft_fusion
EchoAmplitude,0,15,10,10.0370507392901,9.97216235781284,9.97305903803497,30.407309036968,1,1,single_alias_soft_fusion
EchoAmplitude,0,16,10,9.97528534839314,10.0123291048979,10.0118192215878,-10.0772843645246,1,1,single_alias_soft_fusion
EchoAmplitude,0,17,10,10.1958960924507,10.0053393554402,10.0079648080162,-8.8855295716239,1,1,single_alias_soft_fusion
EchoAmplitude,0,18,10,9.82068875327391,10.0036594728018,10.0011318510082,-3.48922993740358,1,1,single_alias_soft_fusion
EchoAmplitude,0,19,10,9.95175543999353,10.0090037657589,10.0082117912924,-16.1607258765394,1,1,single_alias_soft_fusion
EchoAmplitude,0,20,10,9.79547467977648,9.97930185491645,9.97675472778968,7.16080670574942,1,1,single_alias_soft_fusion
EchoAmplitude,0.1,1,10,10.6158373894395,10.5187497887851,10.5201241596068,17.2609527263988,1,1,single_alias_soft_fusion
EchoAmplitude,0.1,2,10,10.7301420034297,10.5147954711224,10.5178378870727,-26.757116127448,1,1,single_alias_soft_fusion
EchoAmplitude,0.1,3,10,10.6722630607716,10.5007823722335,10.5032076105823,1.7894190415555,1,1,single_alias_soft_fusion
EchoAmplitude,0.1,4,10,10.4778861988688,10.5118821611753,10.5114013332037,16.9205592529441,1,1,single_alias_soft_fusion
EchoAmplitude,0.1,5,10,10.4395250367523,10.530384780315,10.5291017646215,-13.9640724537788,1,1,single_alias_soft_fusion
EchoAmplitude,0.1,6,10,10.7083156151224,10.4884470437081,10.4915514441472,42.2846520650519,1,1,single_alias_soft_fusion
EchoAmplitude,0.1,7,10,10.5080395792677,10.5125322161949,10.5124688967367,-3.21010917151288,1,1,single_alias_soft_fusion
EchoAmplitude,0.1,8,10,10.4878401798584,10.5128305254965,10.5124771869732,32.9701311913119,1,1,single_alias_soft_fusion
EchoAmplitude,0.1,9,10,10.4452994666718,10.5087293216332,10.5078355503305,-19.336696508622,1,1,single_alias_soft_fusion
EchoAmplitude,0.1,10,10,10.6480081444427,10.5239793687783,10.5257312767305,-39.8979859514579,1,1,single_alias_soft_fusion
EchoAmplitude,0.1,11,10,10.4631392010739,10.5088981230062,10.5082544109818,-19.3506508572364,1,1,single_alias_soft_fusion
EchoAmplitude,0.1,12,10,10.4918951228261,10.5109504229133,10.510681338543,-27.1419102223655,1,1,single_alias_soft_fusion
EchoAmplitude,0.1,13,10,10.6494552123296,10.5232881985108,10.5250678983162,21.6907812655132,1,1,single_alias_soft_fusion
EchoAmplitude,0.1,14,10,10.7081353420854,10.5014894836466,10.5044123774361,84.3414888695389,1,1,single_alias_soft_fusion
EchoAmplitude,0.1,15,10,10.7288292186622,10.5178192617575,10.5208007661829,19.3253458968823,1,1,single_alias_soft_fusion
EchoAmplitude,0.1,16,10,10.5378412729143,10.5419026954755,10.5418452734558,7.45580307619299,1,1,single_alias_soft_fusion
EchoAmplitude,0.1,17,10,10.5955256934141,10.5213078612189,10.5223563713031,14.8676452569865,1,1,single_alias_soft_fusion
EchoAmplitude,0.1,18,10,10.5226051050301,10.5027722895278,10.5030529197732,32.3333256495505,1,1,single_alias_soft_fusion
EchoAmplitude,0.1,19,10,10.5433973541109,10.4735769076305,10.4745618491949,23.7526419688554,1,1,single_alias_soft_fusion
EchoAmplitude,0.1,20,10,10.5668892740784,10.5169946895809,10.5176986928847,38.4550635213727,1,1,single_alias_soft_fusion
EchoAmplitude,0.25,1,10,11.1981013024261,11.2541191100573,11.2533155601276,11.3384999277184,1,1,single_alias_soft_fusion
EchoAmplitude,0.25,2,10,11.3351957765026,11.2388647108902,11.2402537375506,-8.01086442230455,1,1,single_alias_soft_fusion
EchoAmplitude,0.25,3,10,11.3269292993159,11.2205959679079,11.2221262946261,14.9159614952107,1,1,single_alias_soft_fusion
EchoAmplitude,0.25,4,10,11.320727523805,11.2396752371965,11.2408408919776,-22.3364552314581,1,1,single_alias_soft_fusion
EchoAmplitude,0.25,5,10,11.1842919225232,11.2287297242937,11.2280897288689,-59.2319836794501,1,1,single_alias_soft_fusion
EchoAmplitude,0.25,6,10,11.2453149080622,11.2388971567938,11.2389894432448,-0.446208962099216,1,1,single_alias_soft_fusion
EchoAmplitude,0.25,7,10,11.2929350129343,11.2228543179693,11.2238641035717,34.9115977218025,1,1,single_alias_soft_fusion
EchoAmplitude,0.25,8,10,11.3725865304781,11.2132572874255,11.2155471214651,18.7767079141809,1,1,single_alias_soft_fusion
EchoAmplitude,0.25,9,10,11.3426602749186,11.2212108056373,11.222956279074,-10.6995437876489,1,1,single_alias_soft_fusion
EchoAmplitude,0.25,10,10,11.2682201711789,11.2295555487441,11.230111020759,-27.0428954435264,1,1,single_alias_soft_fusion
EchoAmplitude,0.25,11,10,11.2967525243756,11.2472495191756,11.2479617872409,-42.4795134594956,1,1,single_alias_soft_fusion
EchoAmplitude,0.25,12,10,11.3290650258425,11.2269416163672,11.2284101299466,-11.1981775349207,1,1,single_alias_soft_fusion
EchoAmplitude,0.25,13,10,11.3336022653119,11.2360427927854,11.2374491544389,-13.6657127509463,1,1,single_alias_soft_fusion
EchoAmplitude,0.25,14,10,11.3177721407032,11.2349558374647,11.2361460304468,20.4360430894823,1,1,single_alias_soft_fusion
EchoAmplitude,0.25,15,10,11.2862871270169,11.2174462273394,11.2184375308196,13.1289627692768,1,1,single_alias_soft_fusion
EchoAmplitude,0.25,16,10,11.390606685453,11.2394849621995,11.2416624578609,31.3868927188356,1,1,single_alias_soft_fusion
EchoAmplitude,0.25,17,10,11.2524015411385,11.204458351298,11.2051472259281,49.2040714539174,1,1,single_alias_soft_fusion
EchoAmplitude,0.25,18,10,11.2678569211783,11.225124531643,11.2257408304106,21.6412135619601,1,1,single_alias_soft_fusion
EchoAmplitude,0.25,19,10,11.2707963586758,11.2374959543734,11.2379767644294,-3.77261244372855,1,1,single_alias_soft_fusion
EchoAmplitude,0.25,20,10,11.2008790864514,11.2398130160207,11.2392518996373,-7.60245348057173,1,1,single_alias_soft_fusion
EchoAmplitude,0.5,1,10,12.3851682139722,12.249141943188,12.2511129390995,36.5931799182518,1,1,single_alias_soft_fusion
EchoAmplitude,0.5,2,10,12.3290290232585,12.2567646675685,12.2578109938717,29.0527336891853,1,1,single_alias_soft_fusion
EchoAmplitude,0.5,3,10,12.2999473885039,12.2480904669455,12.2488423408773,3.60311335582052,1,1,single_alias_soft_fusion
EchoAmplitude,0.5,4,10,12.3598779724226,12.2575999362032,12.2590820795842,2.99133139107252,1,1,single_alias_soft_fusion
EchoAmplitude,0.5,5,10,12.2253652178845,12.2767976861174,12.2760509177365,8.87436441941903,1,1,single_alias_soft_fusion
EchoAmplitude,0.5,6,10,12.3310061775024,12.28077143013,12.2815003147513,20.9744387331708,1,1,single_alias_soft_fusion
EchoAmplitude,0.5,7,10,12.3989450320897,12.2567651537215,12.2588259230794,-22.091172663661,1,1,single_alias_soft_fusion
EchoAmplitude,0.5,8,10,12.324332916244,12.2562805583177,12.2572685878921,24.9765872163738,1,1,single_alias_soft_fusion
EchoAmplitude,0.5,9,10,12.2712804697481,12.2699577262368,12.2699768667933,-27.4701135658076,1,1,single_alias_soft_fusion
EchoAmplitude,0.5,10,10,12.3454931972334,12.2437936620403,12.2452681065171,1.13805548877347,1,1,single_alias_soft_fusion
EchoAmplitude,0.5,11,10,12.4234332789479,12.264509588684,12.2668106379165,-20.7704606050002,1,1,single_alias_soft_fusion
EchoAmplitude,0.5,12,10,12.3418489652018,12.2641014518496,12.2652278491633,-4.51658611712408,1,1,single_alias_soft_fusion
EchoAmplitude,0.5,13,10,12.4035311072388,12.2505157111,12.2527326763197,26.6879237318711,1,1,single_alias_soft_fusion
EchoAmplitude,0.5,14,10,12.3694885723178,12.2561492438129,12.257790592817,1.12721658199514,1,1,single_alias_soft_fusion
EchoAmplitude,0.5,15,10,12.2903411602263,12.2383790164212,12.2391310204284,38.0377388391903,1,1,single_alias_soft_fusion
EchoAmplitude,0.5,16,10,12.3328503629025,12.2794173934547,12.2801919323306,9.2232209486063,1,1,single_alias_soft_fusion
EchoAmplitude,0.5,17,10,12.3983367483388,12.2486130864393,12.2507806168775,20.0577769649536,1,1,single_alias_soft_fusion
EchoAmplitude,0.5,18,10,12.383365703083,12.2480371317419,12.2499985230657,38.3063227925966,1,1,single_alias_soft_fusion
EchoAmplitude,0.5,19,10,12.3483616113448,12.2736117145945,12.2746943630045,3.70963786456445,1,1,single_alias_soft_fusion
EchoAmplitude,0.5,20,10,12.3309125048512,12.2784784709813,12.2792381409611,-10.8324184734508,1,1,single_alias_soft_fusion
EchoAmplitude,0.8,1,10,13.192690992297,13.2494669161693,13.2486500691515,-9.69239297241214,1,1,single_alias_soft_fusion
EchoAmplitude,0.8,2,10,13.2253977212287,13.2001046220515,13.2004694030962,14.8085781107633,1,1,single_alias_soft_fusion
EchoAmplitude,0.8,3,10,13.2705280154911,13.2491156346766,13.2494237294285,18.6667885576746,1,1,single_alias_soft_fusion
EchoAmplitude,0.8,4,10,13.2309525235929,13.2373667932742,13.2372744253878,-34.7915384827946,1,1,single_alias_soft_fusion
EchoAmplitude,0.8,5,10,13.3273230367838,13.2580054772509,13.2590026704501,-3.05624254502038,1,1,single_alias_soft_fusion
EchoAmplitude,0.8,6,10,13.3212982561793,13.249485886183,13.2505190772931,9.11481925541736,1,1,single_alias_soft_fusion
EchoAmplitude,0.8,7,10,13.2256917552872,13.2328484235656,13.2327454385736,-0.389746317168401,1,1,single_alias_soft_fusion
EchoAmplitude,0.8,8,10,13.2321124442866,13.2301353074273,13.2301637512901,20.5776303719744,1,1,single_alias_soft_fusion
EchoAmplitude,0.8,9,10,13.2881135604825,13.2125629106608,13.2136497386133,-2.66769548552811,1,1,single_alias_soft_fusion
EchoAmplitude,0.8,10,10,13.2551773541685,13.2564248415972,13.2564068255672,-5.41818077196745,1,1,single_alias_soft_fusion
EchoAmplitude,0.8,11,10,13.2754429970061,13.228502564635,13.2291780761582,18.5434025508042,1,1,single_alias_soft_fusion
EchoAmplitude,0.8,12,10,13.2672300726072,13.2638573813432,13.2639058651816,4.45106020735097,1,1,single_alias_soft_fusion
EchoAmplitude,0.8,13,10,13.2519722292891,13.2349785494422,13.2352233312977,-21.1109154841275,1,1,single_alias_soft_fusion
EchoAmplitude,0.8,14,10,13.2622724462098,13.2302670938089,13.2307278408633,6.87689714308827,1,1,single_alias_soft_fusion
EchoAmplitude,0.8,15,10,13.2773954220331,13.2330894242975,13.2337268107987,-34.5510826822037,1,1,single_alias_soft_fusion
EchoAmplitude,0.8,16,10,13.252567799716,13.2424164234372,13.2425623532812,-30.5148336190977,1,1,single_alias_soft_fusion
EchoAmplitude,0.8,17,10,13.1862049913788,13.2526472407728,13.2516908687541,-12.073509032611,1,1,single_alias_soft_fusion
EchoAmplitude,0.8,18,10,13.2939174106509,13.2189501692635,13.2200285697653,19.8390828419758,1,1,single_alias_soft_fusion
EchoAmplitude,0.8,19,10,13.2447139028855,13.2296515267224,13.2298687253048,-19.7343542436433,1,1,single_alias_soft_fusion
EchoAmplitude,0.8,20,10,13.2929330749118,13.2632429411026,13.2636698537558,-17.5965613639663,1,1,single_alias_soft_fusion
ClockB_Drift_ppm,0,1,10,10.131361550162,9.99480993549562,9.9966908350757,-48.0305885767496,1,1,single_alias_soft_fusion
ClockB_Drift_ppm,0,2,10,9.86546906838105,9.98964083721211,9.98792587584522,3.88331399985353,1,1,single_alias_soft_fusion
ClockB_Drift_ppm,0,3,10,9.94237209068176,10.0050924216735,10.004227237697,-4.23173570593228,1,1,single_alias_soft_fusion
ClockB_Drift_ppm,0,4,10,10.1061753288909,9.99521420025153,9.99675219144989,31.7064467395993,1,1,single_alias_soft_fusion
ClockB_Drift_ppm,0,5,10,10.0172863642198,10.0283157519594,10.0281641267118,-19.7292255630978,1,1,single_alias_soft_fusion
ClockB_Drift_ppm,0,6,10,10.1018288273728,9.98652164543459,9.98811029051613,39.4496871489416,1,1,single_alias_soft_fusion
ClockB_Drift_ppm,0,7,10,9.89821353833385,9.99385937734237,9.99253732620912,-9.70974943125563,1,1,single_alias_soft_fusion
ClockB_Drift_ppm,0,8,10,9.99128223591638,10.0128109639111,10.0125132678344,-22.6996674853172,1,1,single_alias_soft_fusion
ClockB_Drift_ppm,0,9,10,9.94705018718124,9.98776363070886,9.98720196068042,24.2440690024008,1,1,single_alias_soft_fusion
ClockB_Drift_ppm,0,10,10,9.95259215563734,9.99974031082276,9.99908931105136,-3.79030053737133,1,1,single_alias_soft_fusion
ClockB_Drift_ppm,0,11,10,9.89580378455542,10.0070113355077,10.0054820482052,-54.6102583114112,1,1,single_alias_soft_fusion
ClockB_Drift_ppm,0,12,10,9.95225858116867,10.0203181348006,10.0193779367334,-16.4801549994522,1,1,single_alias_soft_fusion
ClockB_Drift_ppm,0,13,10,9.98722017811578,10.005277658608,10.0050292559831,11.4634103881559,1,1,single_alias_soft_fusion
ClockB_Drift_ppm,0,14,10,9.92949680392758,9.98973502404382,9.98889784592796,-5.83583955029333,1,1,single_alias_soft_fusion
ClockB_Drift_ppm,0,15,10,10.0568871872094,9.98272244379769,9.98374434737558,-17.6162294667121,1,1,single_alias_soft_fusion
ClockB_Drift_ppm,0,16,10,10.0596883750092,9.98582524718714,9.98684100046308,43.3662128614945,1,1,single_alias_soft_fusion
ClockB_Drift_ppm,0,17,10,9.92999983970992,9.98379878896072,9.98305929505831,1.93842845384483,1,1,single_alias_soft_fusion
ClockB_Drift_ppm,0,18,10,10.0934797564699,9.9711708737337,9.9728569488926,18.4229592013593,1,1,single_alias_soft_fusion
ClockB_Drift_ppm,0,19,10,9.98197953696318,9.99562942668408,9.99544032670773,-2.43248848232761,1,1,single_alias_soft_fusion
ClockB_Drift_ppm,0,20,10,10.1840613521556,10.0112369438897,10.0136188904413,20.3426564193132,1,1,single_alias_soft_fusion
ClockB_Drift_ppm,10,1,10,9.98954643862162,9.98747631769401,9.98750479761211,-7.42938449820388,1,1,single_alias_soft_fusion
ClockB_Drift_ppm,10,2,10,9.80301071955538,9.98813738952586,9.98557153814616,-15.3995245675694,1,1,single_alias_soft_fusion
ClockB_Drift_ppm,10,3,10,9.72124979054663,10.0141752148217,10.0101087933375,-30.8810117672339,1,1,single_alias_soft_fusion
ClockB_Drift_ppm,10,4,10,9.95200699730441,9.99681124796279,9.99619087597209,40.791939168793,1,1,single_alias_soft_fusion
ClockB_Drift_ppm,10,5,10,9.83809878618165,9.98980253216073,9.987710723163,16.3222688615682,1,1,single_alias_soft_fusion
ClockB_Drift_ppm,10,6,10,9.97406498408922,9.99185234257031,9.99160766429058,10.4807257637239,1,1,single_alias_soft_fusion
ClockB_Drift_ppm,10,7,10,9.75201663602646,10.0204844917654,10.0167735824851,1.05858586305818,1,1,single_alias_soft_fusion
ClockB_Drift_ppm,10,8,10,9.99097944977575,9.97839778969683,9.97857167383945,24.5409782898719,1,1,single_alias_soft_fusion
ClockB_Drift_ppm,10,9,10,9.64949276669672,9.98673517049598,9.98206062804151,6.85603194139023,1,1,single_alias_soft_fusion
ClockB_Drift_ppm,10,10,10,9.79933186365137,9.98919069986477,9.98656538107483,10.4747476884177,1,1,single_alias_soft_fusion
ClockB_Drift_ppm,10,11,10,9.88389943278633,10.0038407755008,10.0021850456011,-29.740711687444,1,1,single_alias_soft_fusion
ClockB_Drift_ppm,10,12,10,9.73888450288202,10.0065529771457,10.0028565032143,-47.3361944261585,1,1,single_alias_soft_fusion
ClockB_Drift_ppm,10,13,10,9.95510783293227,9.9809422127522,9.98058533143715,35.9215626965366,1,1,single_alias_soft_fusion
ClockB_Drift_ppm,10,14,10,10.0260541596314,9.96923255086144,9.97001790497434,41.9337929823947,1,1,single_alias_soft_fusion
ClockB_Drift_ppm,10,15,10,10.0788161946885,10.0008099032937,10.0018892240407,19.6513738949958,1,1,single_alias_soft_fusion
ClockB_Drift_ppm,10,16,10,9.89719199834568,9.98169830783604,9.98053399109224,12.3726513744311,1,1,single_alias_soft_fusion
ClockB_Drift_ppm,10,17,10,9.82850431389235,10.0159386588933,10.0133496329883,20.9026958624866,1,1,single_alias_soft_fusion
ClockB_Drift_ppm,10,18,10,9.85561282756702,9.99919757448316,9.99721076243852,-1.46505470286914,1,1,single_alias_soft_fusion
ClockB_Drift_ppm,10,19,10,9.97139444685734,9.99748856812876,9.99712673144246,23.3621891814436,1,1,single_alias_soft_fusion
ClockB_Drift_ppm,10,20,10,9.77774479094344,10.0302232148479,10.0267438968758,-18.9357563651228,1,1,single_alias_soft_fusion
ClockB_Drift_ppm,30,1,10,9.87241721471919,9.99325844314313,9.99158005152564,7.44706615724162,1,1,single_alias_soft_fusion
ClockB_Drift_ppm,30,2,10,9.57460887450354,10.0130683891346,10.0069900916543,3.19300130695778,1,1,single_alias_soft_fusion
ClockB_Drift_ppm,30,3,10,9.8591788412257,10.003534048504,10.0015357399361,42.4698543780629,1,1,single_alias_soft_fusion
ClockB_Drift_ppm,30,4,10,9.76640503824363,10.0141613768896,10.0107349798427,-39.5458229015631,1,1,single_alias_soft_fusion
ClockB_Drift_ppm,30,5,10,9.79375784455071,9.99095826980589,9.98823272882696,-38.5557421299694,1,1,single_alias_soft_fusion
ClockB_Drift_ppm,30,6,10,9.66215698949376,10.0087865777795,10.0039884503423,-26.5613838292955,1,1,single_alias_soft_fusion
ClockB_Drift_ppm,30,7,10,9.63640181138027,9.99192290985731,9.98701771881323,-8.32682591803365,1,1,single_alias_soft_fusion
ClockB_Drift_ppm,30,8,10,9.59682510768422,10.0252994378819,10.019370707035,-13.0036284596328,1,1,single_alias_soft_fusion
ClockB_Drift_ppm,30,9,10,9.71103847839642,9.98368109286972,9.97989837366126,42.5507104457369,1,1,single_alias_soft_fusion
ClockB_Drift_ppm,30,10,10,9.95083960033818,10.0007211546586,10.0000323370718,6.43333019977178,1,1,single_alias_soft_fusion
ClockB_Drift_ppm,30,11,10,9.66238374660403,10.0063415737525,10.0015968157535,40.7545802546601,1,1,single_alias_soft_fusion
ClockB_Drift_ppm,30,12,10,9.51355451932655,10.0013376596891,9.99458074552635,-26.1246467051339,1,1,single_alias_soft_fusion
ClockB_Drift_ppm,30,13,10,9.71402133449933,10.0091922305363,10.00511494454,44.7292526803744,1,1,single_alias_soft_fusion
ClockB_Drift_ppm,30,14,10,9.67810522994733,9.98303938385724,9.97880526441245,43.1133189366753,1,1,single_alias_soft_fusion
ClockB_Drift_ppm,30,15,10,9.69672544157623,10.0098652986348,10.0055454489698,-37.9837942088444,1,1,single_alias_soft_fusion
ClockB_Drift_ppm,30,16,10,9.65568450370347,10.0131739061332,10.008202384757,5.55943923727561,1,1,single_alias_soft_fusion
ClockB_Drift_ppm,30,17,10,9.58903248104382,9.98378731627303,9.97833978326365,55.9669718944887,1,1,single_alias_soft_fusion
ClockB_Drift_ppm,30,18,10,9.60392269867673,10.0056542355581,10.0001177379316,1.50297606131661,1,1,single_alias_soft_fusion
ClockB_Drift_ppm,30,19,10,9.61051522331617,9.97994653382889,9.97483820355578,11.5674363785687,1,1,single_alias_soft_fusion
ClockB_Drift_ppm,30,20,10,9.5951695100719,10.0038563116902,9.99822543090493,-30.6797578976517,1,1,single_alias_soft_fusion
ClockB_Drift_ppm,60,1,10,9.45548708124361,10.0002527198109,9.99269291900199,-26.3417112690915,1,1,single_alias_soft_fusion
ClockB_Drift_ppm,60,2,10,9.36496836116405,9.98329646907579,9.97477214731577,32.2288797066047,1,1,single_alias_soft_fusion
ClockB_Drift_ppm,60,3,10,9.48240319677032,10.0285888155981,10.0210464565561,-11.2811386659439,1,1,single_alias_soft_fusion
ClockB_Drift_ppm,60,4,10,9.3545865435496,10.0121262284304,10.0030622055651,-36.5728846816489,1,1,single_alias_soft_fusion
ClockB_Drift_ppm,60,5,10,9.52092141929671,10.0098084526261,10.0030752444354,-3.91683825266582,1,1,single_alias_soft_fusion
ClockB_Drift_ppm,60,6,10,9.26266844669862,9.99612825614879,9.98602255606334,-2.79306047125631,1,1,single_alias_soft_fusion
ClockB_Drift_ppm,60,7,10,9.33424341349459,9.98845414897892,9.97943108429929,75.5063657397685,1,1,single_alias_soft_fusion
ClockB_Drift_ppm,60,8,10,9.40502816838473,9.99159300023791,9.98347461997026,36.8311810456849,1,1,single_alias_soft_fusion
ClockB_Drift_ppm,60,9,10,9.36683941833464,9.97452489686777,9.96614299835309,14.8418679335269,1,1,single_alias_soft_fusion
ClockB_Drift_ppm,60,10,10,9.44167246347274,10.0173791905873,10.0094051664236,-21.5947453313975,1,1,single_alias_soft_fusion
ClockB_Drift_ppm,60,11,10,9.47047677227416,9.98950531972716,9.98233286864733,-6.8544428062644,1,1,single_alias_soft_fusion
ClockB_Drift_ppm,60,12,10,9.48948345212135,10.0189104142242,10.011587238125,-43.2386918848514,1,1,single_alias_soft_fusion
ClockB_Drift_ppm,60,13,10,9.45681521576008,9.98001358652157,9.97274988379018,3.38915579944973,1,1,single_alias_soft_fusion
ClockB_Drift_ppm,60,14,10,9.31039626889391,10.0280814056502,10.0181977712521,-55.1070794663323,1,1,single_alias_soft_fusion
ClockB_Drift_ppm,60,15,10,9.36950356863662,9.98896038028156,9.98039387291382,4.78437067333515,1,1,single_alias_soft_fusion
ClockB_Drift_ppm,60,16,10,9.32380768232919,10.0100333017923,10.0005647017789,-6.25536627961442,1,1,single_alias_soft_fusion
ClockB_Drift_ppm,60,17,10,9.18463147794172,10.0006772129612,9.18463147794172,-23.0794816333174,1,0,range_phase_disagreement_rtt_only
ClockB_Drift_ppm,60,18,10,9.43380241066068,9.97927624204549,9.97171821119418,3.10391583052172,1,1,single_alias_soft_fusion
ClockB_Drift_ppm,60,19,10,9.46122908241874,10.0180089260651,10.0103165746423,-15.2476561702438,1,1,single_alias_soft_fusion
ClockB_Drift_ppm,60,20,10,9.42488057006262,10.0175925771379,10.0093963798642,-2.96133039953633,1,1,single_alias_soft_fusion
ClockB_Drift_ppm,150,1,10,8.41809404533894,10.0017580093876,8.41809404533894,-32.2700986304304,1,0,range_phase_disagreement_rtt_only
ClockB_Drift_ppm,150,2,10,8.47321458130832,10.0105496411936,8.47321458130832,-47.5336732558034,1,0,range_phase_disagreement_rtt_only
ClockB_Drift_ppm,150,3,10,8.58970930716939,10.0157834103491,8.58970930716939,12.7036430705823,1,0,range_phase_disagreement_rtt_only
ClockB_Drift_ppm,150,4,10,8.42711719151988,9.9623346364544,8.42711719151988,53.3469402305522,1,0,range_phase_disagreement_rtt_only
ClockB_Drift_ppm,150,5,10,8.62958424323449,9.99333761914065,8.62958424323449,-1.30102950422397,1,0,range_phase_disagreement_rtt_only
ClockB_Drift_ppm,150,6,10,8.43118754745788,9.98521677739841,8.43118754745788,74.1095090361858,1,0,range_phase_disagreement_rtt_only
ClockB_Drift_ppm,150,7,10,8.60849885382749,9.98833168797307,8.60849885382749,58.7802250927751,1,0,range_phase_disagreement_rtt_only
ClockB_Drift_ppm,150,8,10,8.48467711088635,9.9760323528921,8.48467711088635,-7.46737161517025,1,0,range_phase_disagreement_rtt_only
ClockB_Drift_ppm,150,9,10,8.49648274842728,9.99664956650874,8.49648274842728,-27.5532035683439,1,0,range_phase_disagreement_rtt_only
ClockB_Drift_ppm,150,10,10,8.33867687897702,10.0101711247813,8.33867687897702,-13.9586279394353,1,0,range_phase_disagreement_rtt_only
ClockB_Drift_ppm,150,11,10,8.48351119181042,9.99844944694971,8.48351119181042,-45.6668053196198,1,0,range_phase_disagreement_rtt_only
ClockB_Drift_ppm,150,12,10,8.26953960940703,10.0133983785082,8.26953960940703,13.5126464849848,1,0,range_phase_disagreement_rtt_only
ClockB_Drift_ppm,150,13,10,8.80900757093657,10.019579014202,8.80900757093657,-22.1009091213409,1,0,range_phase_disagreement_rtt_only
ClockB_Drift_ppm,150,14,10,8.28843228707657,9.97314780332606,8.28843228707657,28.3730289932406,1,0,range_phase_disagreement_rtt_only
ClockB_Drift_ppm,150,15,10,8.54279478542055,9.99659343448388,8.54279478542055,-24.8305291238929,1,0,range_phase_disagreement_rtt_only
ClockB_Drift_ppm,150,16,10,8.58025468704423,10.0277706543544,8.58025468704423,-41.6991345727051,1,0,range_phase_disagreement_rtt_only
ClockB_Drift_ppm,150,17,10,8.58477419960645,9.99342342160189,8.58477419960645,7.64941517664111,1,0,range_phase_disagreement_rtt_only
ClockB_Drift_ppm,150,18,10,8.60819063903108,9.98315611759923,8.60819063903108,19.2500202013284,1,0,range_phase_disagreement_rtt_only
ClockB_Drift_ppm,150,19,10,8.48609951386874,9.98809564991786,8.48609951386874,50.856735762841,1,0,range_phase_disagreement_rtt_only
ClockB_Drift_ppm,150,20,10,8.43918150793495,10.0174922083906,8.43918150793495,-12.4106494694616,1,0,range_phase_disagreement_rtt_only
ClockB_Drift_ppm,300,1,10,7.01176364152115,9.99119908945099,7.01176364152115,16.357486431971,1,0,range_phase_disagreement_rtt_only
ClockB_Drift_ppm,300,2,10,7.15544154203665,9.98495604893292,7.15544154203665,59.7794051247666,1,0,range_phase_disagreement_rtt_only
ClockB_Drift_ppm,300,3,10,7.17745609043766,9.96236317395928,7.17745609043766,50.3887556214002,1,0,range_phase_disagreement_rtt_only
ClockB_Drift_ppm,300,4,10,6.92715459461328,9.97597985585819,6.92715459461328,-14.3818248156049,1,0,range_phase_disagreement_rtt_only
ClockB_Drift_ppm,300,5,10,7.07646618992476,10.004860331831,7.07646618992476,65.5991808635044,1,0,range_phase_disagreement_rtt_only
ClockB_Drift_ppm,300,6,10,7.11718139865098,10.0201459878688,7.11718139865098,34.1023237306223,1,0,range_phase_disagreement_rtt_only
ClockB_Drift_ppm,300,7,10,7.07258181733709,10.0084218256206,7.07258181733709,16.6379887250258,1,0,range_phase_disagreement_rtt_only
ClockB_Drift_ppm,300,8,10,7.08407306624304,9.96133235228127,7.08407306624304,51.3075602124792,1,0,range_phase_disagreement_rtt_only
ClockB_Drift_ppm,300,9,10,7.15845030188897,9.9634529636633,7.15845030188897,30.3636261126913,1,0,range_phase_disagreement_rtt_only
ClockB_Drift_ppm,300,10,10,6.97631338646468,10.0050274239598,6.97631338646468,-2.59872920827719,1,0,range_phase_disagreement_rtt_only
ClockB_Drift_ppm,300,11,10,7.18261895481079,10.0019800479802,7.18261895481079,-13.5063767490368,1,0,range_phase_disagreement_rtt_only
ClockB_Drift_ppm,300,12,10,7.06610645500175,9.98674786872942,7.06610645500175,15.2588295042877,1,0,range_phase_disagreement_rtt_only
ClockB_Drift_ppm,300,13,10,7.15706521174803,10.0380167677386,7.15706521174803,-30.6471541353407,1,0,range_phase_disagreement_rtt_only
ClockB_Drift_ppm,300,14,10,7.10262166326226,10.0286207494061,7.10262166326226,-24.0233807778634,1,0,range_phase_disagreement_rtt_only
ClockB_Drift_ppm,300,15,10,7.12939256558053,10.0009648260695,7.12939256558053,-53.3955160339418,1,0,range_phase_disagreement_rtt_only
ClockB_Drift_ppm,300,16,10,6.94345761633718,9.99545899720452,6.94345761633718,73.700256304924,1,0,range_phase_disagreement_rtt_only
ClockB_Drift_ppm,300,17,10,6.97423717699974,9.97583133253525,6.97423717699974,41.5960813050021,1,0,range_phase_disagreement_rtt_only
ClockB_Drift_ppm,300,18,10,7.21968888157534,9.99063384834504,7.21968888157534,41.6798664559094,1,0,range_phase_disagreement_rtt_only
ClockB_Drift_ppm,300,19,10,7.11709623969875,10.0064227632325,7.11709623969875,-0.338785955783536,1,0,range_phase_disagreement_rtt_only
ClockB_Drift_ppm,300,20,10,6.93793668690949,9.9955651959322,6.93793668690949,-23.5247996657972,1,0,range_phase_disagreement_rtt_only
DelayDrift_ns,0,1,10,9.98619756234905,9.96864323351185,9.96888498471023,15.6069589953268,1,1,single_alias_soft_fusion
DelayDrift_ns,0,2,10,10.091920421923,10.0067469829541,10.0079189144173,-34.4346223580576,1,1,single_alias_soft_fusion
DelayDrift_ns,0,3,10,10.032615549077,9.99435971042378,9.99488907140327,-30.6950753547351,1,1,single_alias_soft_fusion
DelayDrift_ns,0,4,10,9.95101571260413,9.98425251019397,9.98379186096302,34.857748693517,1,1,single_alias_soft_fusion
DelayDrift_ns,0,5,10,10.0070366939724,9.99127958495733,9.99149740740811,-38.7668743665431,1,1,single_alias_soft_fusion
DelayDrift_ns,0,6,10,9.90832531796447,10.0282433140067,10.0265863899505,-13.9935821765958,1,1,single_alias_soft_fusion
DelayDrift_ns,0,7,10,9.9799069385771,10.0183569223031,10.0178260052627,-47.1798596823828,1,1,single_alias_soft_fusion
DelayDrift_ns,0,8,10,10.096999615615,10.0462875334185,10.046991677911,-27.7795665890344,1,1,single_alias_soft_fusion
DelayDrift_ns,0,9,10,9.98406624916846,10.0057768122528,10.0054772061581,-29.851081477292,1,1,single_alias_soft_fusion
DelayDrift_ns,0,10,10,9.93684429066506,9.98341881440729,9.98277241125741,9.4684643055865,1,1,single_alias_soft_fusion
DelayDrift_ns,0,11,10,9.9029572717736,9.99120861778675,9.98999190342494,46.5069238977148,1,1,single_alias_soft_fusion
DelayDrift_ns,0,12,10,9.95080806705081,10.0003879089074,9.99970052137509,14.0278637985034,1,1,single_alias_soft_fusion
DelayDrift_ns,0,13,10,9.92775484833705,10.0182023093092,10.016947655579,-25.7728228820279,1,1,single_alias_soft_fusion
DelayDrift_ns,0,14,10,10.06383006524,10.0048721091041,10.0056884342995,-36.0213145036016,1,1,single_alias_soft_fusion
DelayDrift_ns,0,15,10,9.94176993609535,9.99648011505942,9.99572187427759,38.4337210776956,1,1,single_alias_soft_fusion
DelayDrift_ns,0,16,10,9.91486511714961,9.9769167895722,9.97606001574832,35.5003786436938,1,1,single_alias_soft_fusion
DelayDrift_ns,0,17,10,10.1878440031067,10.0131827409451,10.0156003650801,-18.2912131577334,1,1,single_alias_soft_fusion
DelayDrift_ns,0,18,10,9.86307176192553,9.99535573513164,9.99352864798773,-2.08410855651337,1,1,single_alias_soft_fusion
DelayDrift_ns,0,19,10,10.0283304495002,9.98919132764522,9.98973294117345,-28.2454867614309,1,1,single_alias_soft_fusion
DelayDrift_ns,0,20,10,9.9816837267028,9.99905391081365,9.99881508755562,24.5941439810846,1,1,single_alias_soft_fusion
DelayDrift_ns,4,1,10,10.6184447141536,10.5877467916189,10.5881723074224,38.2847999592918,1,1,single_alias_soft_fusion
DelayDrift_ns,4,2,10,10.5543194155556,10.6467240805278,10.6454456881715,-52.9914854431425,1,1,single_alias_soft_fusion
DelayDrift_ns,4,3,10,10.5795522135555,10.641626462966,10.6407703874746,-66.6614433638443,1,1,single_alias_soft_fusion
DelayDrift_ns,4,4,10,10.6490659835837,10.5889369759996,10.5897696135025,-30.6023705655572,1,1,single_alias_soft_fusion
DelayDrift_ns,4,5,10,10.4857151089039,10.597614107758,10.5960643820848,7.67566777262117,1,1,single_alias_soft_fusion
DelayDrift_ns,4,6,10,10.7755706293738,10.6035210178074,10.6058985037867,-30.857614337448,1,1,single_alias_soft_fusion
DelayDrift_ns,4,7,10,10.7359087720175,10.5887542381667,10.5907765552811,15.5220841602621,1,1,single_alias_soft_fusion
DelayDrift_ns,4,8,10,10.5762821366794,10.6125405153187,10.6120405867661,-46.8733211149955,1,1,single_alias_soft_fusion
DelayDrift_ns,4,9,10,10.621417452722,10.6186362991042,10.6186745836037,-46.9566317439318,1,1,single_alias_soft_fusion
DelayDrift_ns,4,10,10,10.641019401101,10.5991097511016,10.5996861963593,-38.8049671275266,1,1,single_alias_soft_fusion
DelayDrift_ns,4,11,10,10.6112743873024,10.5868576410488,10.5871956595229,9.21180269993727,1,1,single_alias_soft_fusion
DelayDrift_ns,4,12,10,10.656417166925,10.5710768395013,10.572258459972,34.4020421989137,1,1,single_alias_soft_fusion
DelayDrift_ns,4,13,10,10.4142329934368,10.5820020602037,10.5796911726348,19.5253567368889,1,1,single_alias_soft_fusion
DelayDrift_ns,4,14,10,10.626687739741,10.6162425618403,10.6163869476049,-40.500658674232,1,1,single_alias_soft_fusion
DelayDrift_ns,4,15,10,10.5261652834622,10.561951198316,10.5614570021344,43.3708423424038,1,1,single_alias_soft_fusion
DelayDrift_ns,4,16,10,10.4389998386022,10.5832657428197,10.5812848046076,-0.108141463309515,1,1,single_alias_soft_fusion
DelayDrift_ns,4,17,10,10.5482370004937,10.5787000143957,10.578278924136,11.0946300395741,1,1,single_alias_soft_fusion
DelayDrift_ns,4,18,10,10.6553052784312,10.6092404924469,10.6098756923175,-15.2582788775105,1,1,single_alias_soft_fusion
DelayDrift_ns,4,19,10,10.5623702229104,10.6355679190309,10.6345605991171,-49.5940752667539,1,1,single_alias_soft_fusion
DelayDrift_ns,4,20,10,10.657006583755,10.5919247979013,10.59281704805,-16.9586695366366,1,1,single_alias_soft_fusion
DelayDrift_ns,8,1,10,11.4417405091387,11.2148573956276,11.2179888185933,-58.3077369318233,1,1,single_alias_soft_fusion
DelayDrift_ns,8,2,10,11.091631242408,11.2126941542018,11.2110188036275,-13.4446400996367,1,1,single_alias_soft_fusion
DelayDrift_ns,8,3,10,11.2874852929533,11.1882008926984,11.1895724588702,34.2929250714365,1,1,single_alias_soft_fusion
DelayDrift_ns,8,4,10,11.1639001872916,11.1909311146541,11.1905571063135,-29.5410316086016,1,1,single_alias_soft_fusion
DelayDrift_ns,8,5,10,11.2323559800914,11.2060931995881,11.2064547587793,22.2423074908361,1,1,single_alias_soft_fusion
DelayDrift_ns,8,6,10,11.0049946783356,11.1810284778284,11.1785997219948,16.5298759322637,1,1,single_alias_soft_fusion
DelayDrift_ns,8,7,10,11.126369683916,11.1747158912091,11.1740470613504,-39.6292367846337,1,1,single_alias_soft_fusion
DelayDrift_ns,8,8,10,11.068054987224,11.189128690527,11.1874523801162,1.60516659821297,1,1,single_alias_soft_fusion
DelayDrift_ns,8,9,10,11.1432403408467,11.2090255523893,11.2081163389203,23.5309297421301,1,1,single_alias_soft_fusion
DelayDrift_ns,8,10,10,11.1858616353076,11.1970754255734,11.1969205989793,15.7331032326068,1,1,single_alias_soft_fusion
DelayDrift_ns,8,11,10,11.1722022370606,11.2270945218334,11.2263341108367,13.9354521366755,1,1,single_alias_soft_fusion
DelayDrift_ns,8,12,10,11.0753249265516,11.1867181883085,11.1851806324176,-10.0707099525414,1,1,single_alias_soft_fusion
DelayDrift_ns,8,13,10,11.203632185032,11.1733003685883,11.1737204308355,16.2842667351543,1,1,single_alias_soft_fusion
DelayDrift_ns,8,14,10,11.2614783058965,11.1964638659067,11.1973644277446,19.2624719357652,1,1,single_alias_soft_fusion
DelayDrift_ns,8,15,10,11.1544601321736,11.2014399210699,11.2007921687417,-27.6968833151711,1,1,single_alias_soft_fusion
DelayDrift_ns,8,16,10,11.0204804328823,11.2032731143133,11.2007496425299,17.3257359898482,1,1,single_alias_soft_fusion
DelayDrift_ns,8,17,10,11.0426439548391,11.1500992107469,11.1486204192719,60.2763784428432,1,1,single_alias_soft_fusion
DelayDrift_ns,8,18,10,11.2570044667992,11.2091861438552,11.2098480340735,30.4478748248356,1,1,single_alias_soft_fusion
DelayDrift_ns,8,19,10,11.1949707002238,11.1964701607688,11.1964493843163,15.464933350033,1,1,single_alias_soft_fusion
DelayDrift_ns,8,20,10,11.1314653490549,11.1801036342459,11.1794345592434,17.2639285569051,1,1,single_alias_soft_fusion
DelayDrift_ns,16,1,10,12.2853836331862,12.3729028624547,12.3716907831086,5.36476532422051,1,1,single_alias_soft_fusion
DelayDrift_ns,16,2,10,12.1966875251949,12.4337510022425,12.4304851607333,-24.0779006459985,1,1,single_alias_soft_fusion
DelayDrift_ns,16,3,10,12.1922447356791,12.4297908913942,12.4265030952226,-91.0686065265767,1,1,single_alias_soft_fusion
DelayDrift_ns,16,4,10,12.4038463443163,12.3893579705455,12.3895582688157,-24.6500098902121,1,1,single_alias_soft_fusion
DelayDrift_ns,16,5,10,12.2960944224113,12.4030459161335,12.4015655135229,-19.7303226730753,1,1,single_alias_soft_fusion
DelayDrift_ns,16,6,10,12.4243872359018,12.377164518354,12.3778158360421,7.1356597451852,1,1,single_alias_soft_fusion
DelayDrift_ns,16,7,10,12.4799131207168,12.4183700400862,12.419218023554,21.1590925712499,1,1,single_alias_soft_fusion
DelayDrift_ns,16,8,10,12.3870858459478,12.3883285784433,12.3883114010377,0.223953417387399,1,1,single_alias_soft_fusion
DelayDrift_ns,16,9,10,12.407213436823,12.3969867488125,12.3971278311824,13.4295137685637,1,1,single_alias_soft_fusion
DelayDrift_ns,16,10,10,12.5896447416956,12.4139642226042,12.4163895847807,-33.3155486043123,1,1,single_alias_soft_fusion
DelayDrift_ns,16,11,10,12.4391005616485,12.3761924230574,12.3770602127311,59.2430788890737,1,1,single_alias_soft_fusion
DelayDrift_ns,16,12,10,12.437257554789,12.4031218966902,12.4035936225765,11.0362358205376,1,1,single_alias_soft_fusion
DelayDrift_ns,16,13,10,12.4369325175824,12.3710767204927,12.3719863706399,37.4770001305452,1,1,single_alias_soft_fusion
DelayDrift_ns,16,14,10,12.3546757178098,12.384321634541,12.3839119520166,3.04454268499758,1,1,single_alias_soft_fusion
DelayDrift_ns,16,15,10,12.1534256070669,12.3755662082467,12.3725094036614,32.161088050227,1,1,single_alias_soft_fusion
DelayDrift_ns,16,16,10,12.4066067879262,12.4040330731527,12.4040685804267,-2.90887867201941,1,1,single_alias_soft_fusion
DelayDrift_ns,16,17,10,12.3798046120708,12.3878467319091,12.3877354233268,31.1823832587147,1,1,single_alias_soft_fusion
DelayDrift_ns,16,18,10,12.3610772464948,12.3924304434028,12.3919972977874,14.9626238025036,1,1,single_alias_soft_fusion
DelayDrift_ns,16,19,10,12.4739885279341,12.4280308309687,12.4286646994602,-13.916489225672,1,1,single_alias_soft_fusion
DelayDrift_ns,16,20,10,12.4186444829091,12.3883684500706,12.3887854645771,14.5897835649654,1,1,single_alias_soft_fusion
DelayDrift_ns,32,1,10,14.9811241187842,14.79536441907,14.7979343324892,21.7687351850287,1,1,single_alias_soft_fusion
DelayDrift_ns,32,2,10,14.8915695869108,14.7860590466429,14.7875130301652,20.2808433636207,1,1,single_alias_soft_fusion
DelayDrift_ns,32,3,10,14.8089317934464,14.8065409369315,14.8065739713689,26.7205977995587,1,1,single_alias_soft_fusion
DelayDrift_ns,32,4,10,14.7720452187163,14.8033998059706,14.8029675116509,12.7250415503933,1,1,single_alias_soft_fusion
DelayDrift_ns,32,5,10,14.9970674418224,14.7842443597568,14.7871748512682,-28.4936457940352,1,1,single_alias_soft_fusion
DelayDrift_ns,32,6,10,14.8664718600487,14.7835795879272,14.7847246510654,-37.2316123224153,1,1,single_alias_soft_fusion
DelayDrift_ns,32,7,10,14.897216690219,14.7819795731883,14.7835730441086,57.7682594972178,1,1,single_alias_soft_fusion
DelayDrift_ns,32,8,10,14.9195170157251,14.7788773140345,14.7808147172194,16.4527585655244,1,1,single_alias_soft_fusion
DelayDrift_ns,32,9,10,14.675325684756,14.827915742171,14.825805762696,-35.6793256455779,1,1,single_alias_soft_fusion
DelayDrift_ns,32,10,10,14.8083356475804,14.8158019087341,14.8156987689673,-33.6284493995393,1,1,single_alias_soft_fusion
DelayDrift_ns,32,11,10,14.7272816251263,14.79087083598,14.7899933554029,24.2052131424254,1,1,single_alias_soft_fusion
DelayDrift_ns,32,12,10,14.6337033372249,14.7930971512848,14.790904402425,17.464056752973,1,1,single_alias_soft_fusion
DelayDrift_ns,32,13,10,14.7531032159121,14.7899304166351,14.7894219589493,-19.3130806975335,1,1,single_alias_soft_fusion
DelayDrift_ns,32,14,10,14.8312357948333,14.78033902241,14.7810417486513,30.7355905448695,1,1,single_alias_soft_fusion
DelayDrift_ns,32,15,10,14.7837592263026,14.7955502019802,14.7953883640577,6.90264666759674,1,1,single_alias_soft_fusion
DelayDrift_ns,32,16,10,14.6454458056789,14.8180259826677,14.8156471338809,10.1514336923812,1,1,single_alias_soft_fusion
DelayDrift_ns,32,17,10,14.9871323740672,14.8147797507625,14.8171763996238,12.0478918745969,1,1,single_alias_soft_fusion
DelayDrift_ns,32,18,10,14.8124996067197,14.7791147891222,14.7795758465753,31.5850423645908,1,1,single_alias_soft_fusion
DelayDrift_ns,32,19,10,14.8484635791863,14.7986450646929,14.7993307066511,30.0048296692544,1,1,single_alias_soft_fusion
DelayDrift_ns,32,20,10,14.8044998424287,14.7968492638395,14.7969550385307,-16.2933776644548,1,1,single_alias_soft_fusion
