Scenario,SNR_dB,N,FusionAcceptedRate,RTTFallbackRate,UnavailableRate,PBRUsableRate,ComparedN,FusionWorseThanPBRRate,AliasDecisionN,AliasBranchWrongRate,MedianEstimator_ms,MeanPBRCoherence
LOS,0,300,1,0,0,1,300,0.483333333333333,0,NaN,9.10135,0.998131128428273
LOS,10,300,1,0,0,1,300,0.453333333333333,0,NaN,11.41695,0.999771433222653
LOS,20,300,1,0,0,1,300,0.386666666666667,0,NaN,11.04815,0.999936192504612
LOS,30,300,1,0,0,1,300,0.356666666666667,0,NaN,10.6519,0.99995034841312
CFO_clock,0,300,1,0,0,1,300,0.446666666666667,0,NaN,10.2038,0.998158718197965
CFO_clock,10,300,1,0,0,1,300,0.473333333333333,0,NaN,10.1375,0.999768181077155
CFO_clock,20,300,1,0,0,1,300,0.433333333333333,0,NaN,9.91465,0.99993883384711
CFO_clock,30,300,1,0,0,1,300,0.416666666666667,0,NaN,9.86345,0.999950252403435
Light_multipath,0,300,1,0,0,1,300,0.6,0,NaN,10.8632,0.998103726014269
Light_multipath,10,300,1,0,0,1,300,0.656666666666667,0,NaN,10.94545,0.999206411813117
Light_multipath,20,300,1,0,0,1,300,0.923333333333333,0,NaN,10.79325,0.99934236366338
Light_multipath,30,300,1,0,0,1,300,1,0,NaN,10.6221,0.999327415152583
Sparse_alias,0,300,1,0,0,1,300,0.38,300,0,8.64775,0.9987845107027
Sparse_alias,10,300,1,0,0,1,300,0.45,300,0,8.7684,0.999849837173663
Sparse_alias,20,300,1,0,0,1,300,0.456666666666667,300,0,8.7687,0.999956197194012
Sparse_alias,30,300,1,0,0,1,300,0.323333333333333,300,0,8.4791,0.999963032246276
Calibration_drift,0,300,1,0,0,1,300,0.333333333333333,0,NaN,4.6671,0.998177174198444
Calibration_drift,10,300,1,0,0,1,300,0.0633333333333333,0,NaN,4.6907,0.999787700734923
Calibration_drift,20,300,0.976666666666667,0.0233333333333333,0,1,300,0,0,NaN,10.08285,0.999937310793147
Calibration_drift,30,300,1,0,0,1,300,0,0,NaN,9.5412,0.999952512857518
Random_hop_phase,0,300,0,1,0,0,0,NaN,0,NaN,9.1286,0.41293879483767
Random_hop_phase,10,300,0,1,0,0,0,NaN,0,NaN,10.835,0.418071568841214
Random_hop_phase,20,300,0,1,0,0,0,NaN,0,NaN,10.4582,0.418920799554915
Random_hop_phase,30,300,0,1,0,0,0,NaN,0,NaN,9.73455,0.418401591746907
