Plan,Echo,Count,Bandwidth_MHz,ExcessDelay_ns,EchoAmplitude,BaselineRMSE_m,V2RMSE_m,V3RMSE_m,V3SelectRate
uniform_16MHz,LOS,120,16,0,0,0.0711621229877308,0.566616019558484,0.0963334579297013,0.00833333333333333
uniform_16MHz,weak_close,120,16,15,0.15,0.556796336659883,0.696406402510356,0.556796336659883,0
uniform_16MHz,original_echo,120,16,25,0.25,1.23806519957709,0.788056580323508,0.839526712132549,0.608333333333333
uniform_16MHz,strong_late,120,16,60,0.4,4.25376264193566,1.84648898952378,4.10401394120188,0.183333333333333
uniform_32MHz,LOS,120,32,0,0,0.0320293301155301,0.214645251118845,0.0771543558792544,0.00833333333333333
uniform_32MHz,weak_close,120,32,15,0.15,0.354629151035261,0.323517563644127,0.256537822054781,0.733333333333333
uniform_32MHz,original_echo,120,32,25,0.25,1.0643839828512,0.247346562617397,0.164583973917518,0.983333333333333
uniform_32MHz,strong_late,120,32,60,0.4,4.34778491012794,2.41014300909371,4.34778491012794,0
uniform_64MHz,LOS,120,64,0,0,0.0206776735179789,0.0221772209011932,0.0206776735179789,0
uniform_64MHz,weak_close,120,64,15,0.15,0.150322296221818,0.117335770558024,0.0806507450668579,0.983333333333333
uniform_64MHz,original_echo,120,64,25,0.25,1.09710439505231,0.105905787470789,0.121409196753392,0.991666666666667
uniform_64MHz,strong_late,120,64,60,0.4,4.49692009638111,4.36217725738345,4.58238039862178,0.725
nonuniform_32MHz,LOS,120,32,0,0,0.0365285629167094,0.157122165034325,0.0365285629167094,0
nonuniform_32MHz,weak_close,120,32,15,0.15,0.359123886555957,0.285756015191686,0.290107234029079,0.725
nonuniform_32MHz,original_echo,120,32,25,0.25,1.0818065714438,0.304614791708219,0.267156950820466,0.991666666666667
nonuniform_32MHz,strong_late,120,32,60,0.4,4.56423624284975,6.34749759031089,4.5881679951113,0.0583333333333333
