Parameter,Value,N,FiniteN,PBRUsableN,RTT_RMSE_m,PBR_RMSE_m,Fused_RMSE_m,FusionAcceptedRate,RTTFallbackRate,UnavailableRate
CFO_Hz,-120000,20,0,0,NaN,10,NaN,0,0,1
CFO_Hz,-40000,20,20,20,0.115102117624772,0.0199935780243412,0.0197374805869499,1,0,0
CFO_Hz,0,20,20,20,0.0998922718268145,0.0195009039542253,0.0193170045026996,1,0,0
CFO_Hz,12000,20,20,20,0.111800460349213,0.0139146693816098,0.0130394235015396,1,0,0
CFO_Hz,40000,20,20,20,0.11208714015842,0.0163449119748043,0.0158657705129036,1,0,0
CFO_Hz,120000,20,0,0,NaN,11.9962172051551,NaN,0,0,1
PhaseNoise_rad,0,20,20,20,0.113651190036754,0.0114336819565835,0.0112593477533166,1,0,0
PhaseNoise_rad,0.05,20,20,20,0.11527033441586,0.0525183423675809,0.052319126234499,1,0,0
PhaseNoise_rad,0.15,20,20,20,0.123635323602067,0.139423729435307,0.137120862584885,1,0,0
PhaseNoise_rad,0.35,20,20,20,0.119929760933649,0.424588085372319,0.418599559328923,1,0,0
PhaseNoise_rad,0.7,20,20,19,0.113537461786455,0.781460217211299,0.360674040271787,0.65,0.35,0
EchoAmplitude,0,20,20,20,0.138738042374764,0.0162514041719758,0.0165816107186477,1,0,0
EchoAmplitude,0.1,20,20,20,0.585083348814552,0.512304618893964,0.513213834022125,1,0,0
EchoAmplitude,0.25,20,20,20,1.29282121240458,1.23089472096422,1.23176713866237,1,0,0
EchoAmplitude,0.5,20,20,20,2.34512817142772,2.25992381326289,2.26114968065038,1,0,0
EchoAmplitude,0.8,20,20,20,3.25889886720166,3.23869804383171,3.23898556571755,1,0,0
ClockB_Drift_ppm,0,20,20,20,0.0863177320915488,0.0138776357649144,0.0136347589197094,1,0,0
ClockB_Drift_ppm,10,20,20,20,0.169132217922195,0.0153877564722953,0.0150433718855642,1,0,0
ClockB_Drift_ppm,30,20,20,20,0.331426859800608,0.0121598043116851,0.0123497949255714,1,0,0
ClockB_Drift_ppm,60,20,20,20,0.609920974937321,0.0165101514704059,0.183167007040053,0.95,0.05,0
ClockB_Drift_ppm,150,20,20,20,1.50562209181521,0.0169028982935552,1.50562209181521,0,1,0
ClockB_Drift_ppm,300,20,20,20,2.9219463606776,0.0210381782694822,2.9219463606776,0,1,0
DelayDrift_ns,0,20,20,20,0.0779596903638012,0.0176931087340169,0.017825383059387,1,0,0
DelayDrift_ns,4,20,20,20,0.6029681714134,0.600519752596171,0.600466194216069,1,0,0
DelayDrift_ns,8,20,20,20,1.16734575399414,1.1945174461509,1.19408888040047,1,0,0
DelayDrift_ns,16,20,20,20,2.37846384422538,2.3968083586017,2.39652282869556,1,0,0
DelayDrift_ns,32,20,20,20,4.82333842003388,4.79606862947268,4.79642927007029,1,0,0
