Scenario,Distance_m,SNR_dB,Trial,Baseline_m,Candidate_m,BaselineError_m,CandidateError_m,SingleCost,TwoPathCost,RelativeImprovement,ExcessDelay_ns,EstimatedEchoAmplitude,Reason
LOS,1,0,1,0.829020366670827,0.77071083672045,-0.170979633329173,-0.22928916327955,0.00684046010176442,0.00511904144037501,0.251652467199596,99.9994654320961,0.0307668303082206,candidate_diagnostic_only
LOS,1,0,2,1.30384453191036,1.29661786807018,0.303844531910355,0.296617868070178,0.00359224675122438,0.00347820806135113,0.0317457841208663,99.9999887340448,0.00820132100964812,weak_or_boundary_solution
LOS,1,0,3,0.899804948327794,0.8993739018035,-0.100195051672206,-0.1006260981965,0.00271412943983473,0.00236690392838068,0.127932554121367,88.8586134663336,0.0134718069644749,weak_or_boundary_solution
LOS,3,0,1,2.99739738734921,3.00105263743083,-0.00260261265079409,0.00105263743082951,0.00226067264680307,0.00129716028443982,0.426206051427127,87.17395997842,0.0222188498279716,candidate_diagnostic_only
LOS,3,0,2,3.11937455642868,3.6977572003115,0.119374556428685,0.697757200311498,0.00451397265126285,0.00416912067697917,0.0763965581818957,20.0480034003767,0.110295181629133,candidate_diagnostic_only
LOS,3,0,3,3.1898060911318,3.17101407791195,0.189806091131796,0.171014077911951,0.00546177262717951,0.00514491376984538,0.0580139231276919,99.8358414260216,0.0130662582741808,weak_or_boundary_solution
LOS,5,0,1,5.01523885021695,5.00180929546482,0.0152388502169529,0.00180929546482034,0.00552286295177362,0.00332177472290396,0.398541163901741,94.4253618669078,0.0365627862776358,candidate_diagnostic_only
LOS,5,0,2,5.11785567225459,5.01881116717789,0.117855672254592,0.0188111671778906,0.00243554195092321,0.00127305048724469,0.477302993380128,71.2521433711417,0.0292725507807579,candidate_diagnostic_only
LOS,5,0,3,5.08947099979397,5.16965740521237,0.0894709997939733,0.169657405212366,0.00321495918937043,0.00319234110217659,0.00703526417026362,26.8074930287371,0.0139563290239085,weak_or_boundary_solution
LOS,10,0,1,10.07201041744,10.0759309811175,0.0720104174399907,0.0759309811174926,0.00628186288358168,0.00596493357811712,0.050451484111965,85.796095230405,0.0125388005368226,weak_or_boundary_solution
LOS,10,0,2,9.94663069387743,10.9547270865822,-0.0533693061225708,0.954727086582171,0.00452725861440362,0.0042899933199867,0.0524081601307367,12.4232782007859,0.23458424640101,candidate_diagnostic_only
LOS,10,0,3,10.1042081803218,10.14859487486,0.104208180321789,0.148594874860045,0.00581851999125815,0.00579351592892596,0.0042973234378771,98.8284124553696,0.00481811107092547,weak_or_boundary_solution
LOS,15,0,1,15.0599628804188,14.5895699182252,0.0599628804187518,-0.410430081774757,0.00299721839340039,0.00268598644668927,0.103840263157475,26.880671188406,0.0824448428595206,candidate_diagnostic_only
LOS,15,0,2,15.0393857754197,15.0024840097331,0.0393857754196958,0.0024840097330916,0.00316586486730586,0.00277814184073644,0.122469859839397,99.7128875089918,0.0131587739222515,weak_or_boundary_solution
LOS,15,0,3,15.278975894577,15.2799570231374,0.278975894577016,0.279957023137403,0.00292252767929768,0.00292252767929724,1.51953807998418e-13,96.980365661263,2.44945772425256e-14,weak_or_boundary_solution
LOS,20,0,1,20.1176427612019,19.8455141508458,0.117642761201925,-0.154485849154248,0.00298401722845942,0.00294038866858659,0.0146207466420551,16.4510033818595,0.065829561771562,candidate_diagnostic_only
LOS,20,0,2,20.0252387022526,20.0010284837694,0.0252387022526293,0.00102848376936038,0.00496533792443077,0.00300401841738607,0.395002220774238,99.9999812208189,0.0257224459164285,candidate_diagnostic_only
LOS,20,0,3,20.0694227392676,20.0716256163624,0.069422739267619,0.0716256163623612,0.00566023432379059,0.00351895646990674,0.378301980340959,86.0274593499363,0.0334531971171745,candidate_diagnostic_only
LOS,1,10,1,1.07094394405257,1.08735237198016,0.0709439440525663,0.0873523719801603,0.000344101508166883,0.000343008868443961,0.00317534127863138,5.00099729702166,0.0509571856718674,candidate_diagnostic_only
LOS,1,10,2,1.06411320893842,0.979648513861849,0.0641132089384242,-0.0203514861381509,0.000481664723846142,0.000476333928169037,0.0110674405103584,11.7929603761379,0.0247046863494812,candidate_diagnostic_only
LOS,1,10,3,1.03186009443222,1.31011040559017,0.0318600944322225,0.310110405590173,0.000563689619662577,0.000549346549287399,0.025444978716769,5.00011158883485,0.202589378371402,candidate_diagnostic_only
LOS,3,10,1,3.08665780394882,3.10127501827036,0.0866578039488171,0.10127501827036,0.000345714124422303,0.000276775168237764,0.199410296873862,99.9913786977299,0.00618804119207366,weak_or_boundary_solution
LOS,3,10,2,2.9547249277334,3.78288024411227,-0.0452750722665973,0.78288024411227,0.000272635702612378,0.000242492314421083,0.110562878971693,8.08432226813945,0.266785427724924,candidate_diagnostic_only
LOS,3,10,3,2.99403233415954,3.60123892249763,-0.00596766584045794,0.601238922497634,0.000277582372298468,0.000258737044622093,0.0678909381756861,11.263143864065,0.161113158160879,candidate_diagnostic_only
LOS,5,10,1,5.031948690539,4.60716235873756,0.0319486905390018,-0.392837641262444,0.00070164032132114,0.000650532325708886,0.0728407334345056,24.8707625474595,0.0722555626104157,candidate_diagnostic_only
LOS,5,10,2,5.09162476958904,5.50686740404055,0.0916247695890355,0.506867404040547,0.000471164766728149,0.000429093124354907,0.0892928447629805,9.24048428566383,0.1473851327881,candidate_diagnostic_only
LOS,5,10,3,5.00337078195578,5.80078832568196,0.00337078195578311,0.80078832568196,0.000293562999693853,0.000223252603062551,0.239507011117292,13.6662992999454,0.177041266733585,candidate_diagnostic_only
LOS,10,10,1,10.0470955460048,10.0226219668788,0.0470955460047815,0.0226219668787522,0.000470183805902913,0.000469800629163908,0.000814950949382825,5.13065260833859,0.0480396070023035,candidate_diagnostic_only
LOS,10,10,2,10.0485524102963,10.6385497540836,0.0485524102962867,0.638549754083581,0.000878762007134881,0.000539724161584765,0.385813044712204,9.21105542782311,0.234045724919212,candidate_diagnostic_only
LOS,10,10,3,10.0444958631877,10.5970164057597,0.0444958631876879,0.597016405759739,0.000326132260198619,0.000278108890584772,0.147251209017473,10.2055840594801,0.167048853290456,candidate_diagnostic_only
LOS,15,10,1,15.0114836865957,14.9439861946759,0.0114836865957173,-0.0560138053240617,0.000551939330957651,0.000550479038413876,0.00264574829491125,5.22046133122633,0.0516684756515455,candidate_diagnostic_only
LOS,15,10,2,14.9920679734313,14.550966864273,-0.00793202656869241,-0.449033135727049,0.000793501547858844,0.000693877573018753,0.125549817903837,9.21957887040123,0.300683383369855,candidate_diagnostic_only
LOS,15,10,3,14.9635241769223,15.9937988500574,-0.0364758230776818,0.993798850057352,0.00058188148697158,0.000509422675571747,0.12452503305604,12.027342689098,0.238659696168319,candidate_diagnostic_only
LOS,20,10,1,20.050520524745,20.0923239950851,0.0505205247449574,0.0923239950850885,0.000207246751129597,0.000194754093250316,0.0602791494254578,5.680650648283,0.116942382757718,candidate_diagnostic_only
LOS,20,10,2,19.9923503943051,20.003740998284,-0.00764960569486917,0.00374099828397334,0.000630819143956129,0.000445298193898047,0.294095307403962,99.9992172847887,0.0103587029807561,weak_or_boundary_solution
LOS,20,10,3,20.0272141328855,20.0245915115604,0.0272141328854794,0.0245915115604269,0.000230957973290868,0.000184019709167149,0.203232923526763,90.7554886990426,0.00515858904233218,weak_or_boundary_solution
LOS,1,20,1,1.02394609525274,1.03490322750947,0.0239460952527364,0.0349032275094654,0.000127720722396862,8.71555582302452e-05,0.317608320759182,50.5619899634556,0.00513038719784414,weak_or_boundary_solution
LOS,1,20,2,0.994487541188176,0.00053575094929796,-0.00551245881182383,-0.999464249050702,0.000126959788510073,5.99486484571532e-05,0.527813891621306,19.3632254356871,0.223043275151119,candidate_diagnostic_only
LOS,1,20,3,0.999009843901965,0.862428273391711,-0.000990156098034878,-0.137571726608289,0.000120668777836341,9.14692935396477e-05,0.241980442830836,32.5094901439186,0.0200568100703849,candidate_diagnostic_only
LOS,3,20,1,2.99449475450278,2.38194930972781,-0.00550524549721798,-0.618050690272187,0.00011922359992167,7.76320356228322e-05,0.348853451214048,12.485936063397,0.216491216468859,candidate_diagnostic_only
LOS,3,20,2,3.00094238946511,2.74955964410544,0.000942389465110161,-0.250440355894565,7.73941692588931e-05,6.29735814079435e-05,0.186326540991879,12.1670491277865,0.0858787726457667,candidate_diagnostic_only
LOS,3,20,3,3.01694660211514,3.48696398852605,0.016946602115143,0.486963988526047,0.000148830829307389,0.00014119574446525,0.0513004253061706,12.2490589892913,0.120364332330623,candidate_diagnostic_only
LOS,5,20,1,4.99646833267298,5.60462616553315,-0.00353166732702093,0.604626165533154,0.000138569005497802,7.75818773481873e-05,0.440120991923998,18.2560668324968,0.112482023044881,candidate_diagnostic_only
LOS,5,20,2,5.01373949262851,4.96119111208993,0.0137394926285097,-0.0388088879100739,0.000113636513939364,9.6993984392002e-05,0.146454066306909,44.9858454674181,0.0077839561785837,weak_or_boundary_solution
LOS,5,20,3,5.01245209183248,5.34998280280583,0.0124520918324791,0.349982802805834,0.000130204793397093,0.000126294088876433,0.0300350272722541,10.27197153766,0.103533452913979,candidate_diagnostic_only
LOS,10,20,1,9.98371475028834,9.95822875840782,-0.0162852497116628,-0.0417712415921763,6.69751084321213e-05,5.51541999527227e-05,0.17649704130571,7.40696319376589,0.0756010080071284,candidate_diagnostic_only
LOS,10,20,2,10.0056450282287,10.2514765762138,0.00564502822873081,0.251476576213781,7.68567787139407e-05,7.67509237087349e-05,0.00137730213231755,5.00000075216492,0.143618124102488,candidate_diagnostic_only
LOS,10,20,3,9.99842464900931,10.1937565181794,-0.00157535099068618,0.193756518179352,8.41911050790678e-05,6.92650514870774e-05,0.177287773785279,10.1036039651389,0.0731304165197198,candidate_diagnostic_only
LOS,15,20,1,14.9891009270819,14.9846267960109,-0.0108990729180896,-0.0153732039890713,0.000108059213805189,9.52146323676129e-05,0.118866138159519,65.4059958870457,0.00275237838417933,weak_or_boundary_solution
LOS,15,20,2,14.9858977953932,15.6830719308608,-0.0141022046068269,0.683071930860773,0.000119665045906547,0.000116031505816405,0.0303642560165797,7.00941444637793,0.254815631416793,candidate_diagnostic_only
LOS,15,20,3,14.9691111160301,14.9681829094243,-0.0308888839699133,-0.0318170905756503,0.00014639252021964,0.000146392520222305,0,44.8754681982752,6.51596001246759e-13,weak_or_boundary_solution
LOS,20,20,1,19.9922879789292,19.9323297414801,-0.00771202107083724,-0.0676702585198612,9.44760251309074e-05,8.11959957640607e-05,0.140565072974288,14.0441104392627,0.023352213795795,candidate_diagnostic_only
LOS,20,20,2,19.9682093940533,19.97403364008,-0.031790605946707,-0.0259663599199982,0.000164280780883264,0.00014405262573236,0.123131598487331,69.2866032068776,0.00343431477488298,weak_or_boundary_solution
LOS,20,20,3,20.0226433982519,20.5161277683284,0.0226433982519474,0.516127768328374,0.00016380549931938,0.0001616353087317,0.0132485819871589,6.96482965928872,0.195134850922551,candidate_diagnostic_only
LOS,1,30,1,0.993822474172581,0.994486056566705,-0.00617752582741937,-0.00551394343329548,8.45850049568941e-05,8.45850049573382e-05,0,33.1083463896956,9.02707258434446e-13,weak_or_boundary_solution
LOS,1,30,2,1.00209661835984,1.03932000605071,0.00209661835984432,0.0393200060507128,0.000123044587456933,0.00011884506898463,0.0341300544712951,34.2054031261061,0.00539708114559201,weak_or_boundary_solution
LOS,1,30,3,1.00352827130045,1.50158796702241,0.00352827130044853,0.501587967022414,3.58465686531861e-05,2.06921538850047e-05,0.422757751649808,13.5111946252153,0.117063668763589,candidate_diagnostic_only
LOS,3,30,1,2.9887744865019,2.98662609388722,-0.0112255134980983,-0.0133739061127809,0.000116782591113473,0.000112283320499396,0.038526894900851,99.9999956333493,0.00159641414169993,weak_or_boundary_solution
LOS,3,30,2,3.01255356887146,3.04315753871847,0.0125535688714633,0.0431575387184671,0.00018688769307551,0.000185906074568809,0.00525245130135292,5.00000142959947,0.0605292104792886,candidate_diagnostic_only
LOS,3,30,3,3.01255059395922,3.23246787579389,0.0125505939592183,0.232467875793894,7.33757371484955e-05,6.51576258385855e-05,0.112000391809059,9.6717105599278,0.0783268955749847,candidate_diagnostic_only
LOS,5,30,1,5.0036508368741,5.56813293985534,0.00365083687410017,0.568132939855342,0.000166765733456309,0.000118371704208364,0.290191685335785,18.8032456506402,0.102816936475786,candidate_diagnostic_only
LOS,5,30,2,5.00390674808973,4.88174174487636,0.00390674808973301,-0.118258255123639,9.13762190972722e-05,8.58803847776368e-05,0.0601451271887815,13.3150097417839,0.0379335613149116,candidate_diagnostic_only
LOS,5,30,3,4.99341013548697,4.97057035819313,-0.00658986451303178,-0.0294296418068711,0.000113083338442843,0.000111226975678891,0.0164158822114238,14.1641432071687,0.00848423817855953,weak_or_boundary_solution
LOS,10,30,1,10.0003289833393,10.0593102913213,0.000328983339265676,0.0593102913213244,8.27169056700772e-05,7.95400623219145e-05,0.0384062160259451,5.00162562149822,0.0909044643724942,candidate_diagnostic_only
LOS,10,30,2,10.0015227545194,10.0022417811083,0.0015227545194314,0.00224178110834927,5.42675727162045e-05,5.42314375364672e-05,0.000665870572953389,13.2723204418886,0.00131231017342623,weak_or_boundary_solution
LOS,10,30,3,9.99921325950161,10.0013252953921,-0.000786740498394778,0.00132529539209969,0.000125376051903103,0.000117741568392615,0.0608926776254552,98.8149447666751,0.00217787584510585,weak_or_boundary_solution
LOS,15,30,1,14.9934240544414,14.8946730621146,-0.0065759455585912,-0.105326937885422,0.000182717233920382,0.000131492993384663,0.280347066539107,45.2217904187136,0.0139504558875782,weak_or_boundary_solution
LOS,15,30,2,14.9943778414739,14.9924681044286,-0.00562215852605874,-0.00753189557137013,0.000128768338366392,0.000110721190063057,0.140152063250087,87.8488354428591,0.00303436233397784,weak_or_boundary_solution
LOS,15,30,3,15.0106729598228,15.7505729578811,0.010672959822795,0.750572957881118,0.000129466635014452,0.000103965756771407,0.196968726654545,12.5846158664058,0.17469435471069,candidate_diagnostic_only
LOS,20,30,1,19.9791956373404,19.890685659203,-0.0208043626596179,-0.109314340796956,0.00017664321817934,0.000167128876330302,0.0538619141289519,10.4403536226115,0.0467642731601545,candidate_diagnostic_only
LOS,20,30,2,20.0086290595508,20.4396751478846,0.00862905955080961,0.439675147884586,7.31883800624278e-05,5.29641248776525e-05,0.27633150463946,15.3948558261526,0.0931776852000319,candidate_diagnostic_only
LOS,20,30,3,20.0103060571555,20.5252512717166,0.0103060571554998,0.525251271716563,0.000117482487963505,7.912774699248e-05,0.326471984343229,18.1491486334478,0.0968746601034469,candidate_diagnostic_only
Light_multipath,1,0,1,2.23265030552099,3.22680095465967,1.23265030552099,2.22680095465967,0.00334273720093714,0.0021814336300825,0.347410969228772,19.4058219904979,0.182185781775169,candidate_diagnostic_only
Light_multipath,1,0,2,2.23729977723791,2.24723174970628,1.23729977723791,1.24723174970628,0.00185341774753334,0.00147566634382001,0.203813416708705,99.9999930509882,0.0140479288257579,weak_or_boundary_solution
Light_multipath,1,0,3,2.30909770622137,1.8740640345772,1.30909770622137,0.874064034577197,0.004571462946104,0.00178889383426983,0.60868241625049,18.4976400335742,0.25355889721197,candidate_diagnostic_only
Light_multipath,3,0,1,4.48813669767029,5.10954792970546,1.48813669767029,2.10954792970546,0.00449916957646268,0.00173279818198391,0.614862664646159,14.5444779725943,0.247604562366935,candidate_diagnostic_only
Light_multipath,3,0,2,4.08992005505057,5.25828595433394,1.08992005505057,2.25828595433394,0.00314954163065284,0.00278265945331513,0.116487483056912,14.9542885478947,0.232376844242405,candidate_diagnostic_only
Light_multipath,3,0,3,4.44225881727287,4.4856868120034,1.44225881727287,1.4856868120034,0.00503728559073457,0.00377094323145744,0.251393798597882,31.1473126978383,0.0514382109040372,candidate_diagnostic_only
Light_multipath,5,0,1,6.45272423590296,5.48817886685201,1.45272423590296,0.48817886685201,0.00287716109223135,0.00187313780575704,0.348963180819205,25.3141038352138,0.189400452205868,candidate_diagnostic_only
Light_multipath,5,0,2,6.17500874782539,6.13876284720279,1.17500874782539,1.13876284720279,0.00530379559848937,0.00170322369044151,0.678867019135008,72.0643091878444,0.040029650839181,candidate_diagnostic_only
Light_multipath,5,0,3,6.3268988411474,4.85871847080149,1.3268988411474,-0.141281529198512,0.00378537326870032,0.00198966995233207,0.474379457163755,29.1986963381417,0.255298242495059,candidate_diagnostic_only
Light_multipath,10,0,1,11.1338906888291,12.0017092024958,1.13389068882914,2.00170920249582,0.00299498658569797,0.00194677049095926,0.349990246949445,13.6085192726149,0.224693587261639,candidate_diagnostic_only
Light_multipath,10,0,2,11.2995875316353,10.6887645394394,1.29958753163526,0.688764539439376,0.0032146794595409,0.00221955912701643,0.309555072301543,14.8516219400907,0.306281866006036,candidate_diagnostic_only
Light_multipath,10,0,3,11.2139719221904,11.89013074488,1.21397192219043,1.89013074487998,0.00229650093009326,0.00167707145162943,0.269727510381924,12.2649212009351,0.207782231860737,candidate_diagnostic_only
Light_multipath,15,0,1,16.3146094066967,17.5422005975217,1.31460940669671,2.54220059752167,0.0023306603945068,0.00118321487729034,0.492326346610132,16.8492037364383,0.231175827387047,candidate_diagnostic_only
Light_multipath,15,0,2,16.1122996990873,13.1255837118379,1.11229969908726,-1.87441628816212,0.00792824066756359,0.00458302125394394,0.42193716788969,27.6773594664814,0.68893335022905,candidate_diagnostic_only
Light_multipath,15,0,3,16.2681824522414,15.6456263420303,1.26818245224138,0.645626342030315,0.00422741395735859,0.00335539994342615,0.206275993486406,18.6790922162976,0.197708960265815,candidate_diagnostic_only
Light_multipath,20,0,1,21.2842832333609,18.2855829246875,1.28428323336095,-1.71441707531254,0.00372997332212655,0.00178279576681439,0.522035249893428,28.6460538574031,0.621642865130918,candidate_diagnostic_only
Light_multipath,20,0,2,21.1410088399176,20.4604073215472,1.14100883991757,0.460407321547166,0.00378392178293629,0.00149331573208444,0.605352378366119,23.6084238196192,0.187209543894005,candidate_diagnostic_only
Light_multipath,20,0,3,21.2641184329321,21.3341248131045,1.26411843293215,1.33412481310452,0.00196719434796178,0.00119011293419979,0.395020153736778,45.4729645332088,0.0256803095844509,candidate_diagnostic_only
Light_multipath,1,10,1,2.22288801993171,1.66308113659152,1.22288801993171,0.663081136591515,0.0012916686021669,0.000403770630670985,0.687403851116593,27.588707220008,0.10676736684244,candidate_diagnostic_only
Light_multipath,1,10,2,2.2219493472375,1.73902116416811,1.2219493472375,0.73902116416811,0.00144502293561111,0.000349932287331933,0.757836170825935,29.1163115302526,0.0949494623176898,candidate_diagnostic_only
Light_multipath,1,10,3,2.23146513827434,1.84956258360625,1.23146513827434,0.849562583606253,0.00178856222465562,0.000240020055393808,0.865802792832649,37.9166156637573,0.0670815301822987,candidate_diagnostic_only
Light_multipath,3,10,1,4.16697817521016,3.00859141830236,1.16697817521016,0.00859141830235899,0.00152234679925911,0.000451825488036794,0.703204625741857,25.7400323307808,0.222699046788902,candidate_diagnostic_only
Light_multipath,3,10,2,4.22340208977619,3.80245285017975,1.22340208977619,0.802452850179748,0.00134281750305854,0.000521004592012542,0.612006403829374,33.8718104362816,0.0693912010279976,candidate_diagnostic_only
Light_multipath,3,10,3,4.23434876351415,3.54330703708385,1.23434876351415,0.543307037083855,0.000979078751605744,0.000145412890912411,0.851479882824619,18.5750324125363,0.218187292514253,candidate_diagnostic_only
Light_multipath,5,10,1,6.18995968406636,5.55341760856379,1.18995968406636,0.553417608563795,0.00138267796338676,0.000274363579322978,0.801570874355337,20.5555187230805,0.186945950464574,candidate_diagnostic_only
Light_multipath,5,10,2,6.29785159164512,5.89939908348607,1.29785159164512,0.899399083486069,0.0013620979435911,0.000326601995481068,0.760221357782834,37.845412553408,0.0636028744448869,candidate_diagnostic_only
Light_multipath,5,10,3,6.2591749565994,5.57819825345211,1.2591749565994,0.578198253452111,0.00142202286067916,0.000265985584291917,0.81295266648183,31.7277358818186,0.111814855783623,candidate_diagnostic_only
Light_multipath,10,10,1,11.2736879940215,11.0901120677918,1.27368799402147,1.09011206779179,0.00110950114113462,0.000192946161510887,0.826096473128839,41.5607675880415,0.0383371702544389,candidate_diagnostic_only
Light_multipath,10,10,2,11.2218958507832,11.0643155136352,1.22189585078318,1.06431551363516,0.00217972170632086,0.000783457737498772,0.640569832732837,35.9054027402499,0.05117205698031,candidate_diagnostic_only
Light_multipath,10,10,3,11.1575919541228,11.1947845641439,1.15759195412275,1.19478456414387,0.00117492889728399,0.000230792966361637,0.803568567514896,27.2151597290277,0.0585233857868052,candidate_diagnostic_only
Light_multipath,15,10,1,16.255345313018,15.2369900979115,1.25534531301802,0.236990097911509,0.00204292652227012,0.00023695672302404,0.884011137727689,34.0551376195265,0.155588957494187,candidate_diagnostic_only
Light_multipath,15,10,2,16.2929429120884,14.8908130487377,1.29294291208838,-0.109186951262309,0.00161733827719091,0.000255287538308391,0.842155755596294,29.5855973201697,0.23567703136439,candidate_diagnostic_only
Light_multipath,15,10,3,16.2014069895451,15.9125707345647,1.20140698954507,0.91257073456466,0.00180189554924581,0.000138437764301447,0.923171038210628,38.8005232638596,0.0581230929073097,candidate_diagnostic_only
Light_multipath,20,10,1,21.2055597715224,20.0490474010225,1.20555977152237,0.0490474010224773,0.00114261104961844,0.000150217862191715,0.868531061167421,25.6202771997173,0.221932341559865,candidate_diagnostic_only
Light_multipath,20,10,2,21.2375192631542,20.1206334583536,1.23751926315423,0.120633458353574,0.00192648879916058,0.000582212565617635,0.697785647198509,20.062888997255,0.320658118194651,candidate_diagnostic_only
Light_multipath,20,10,3,21.2291298363611,21.1530247588365,1.22912983636108,1.15302475883652,0.00176572052773949,0.000213948586324619,0.878832135117939,52.2548969024395,0.0321004774715149,candidate_diagnostic_only
Light_multipath,1,20,1,2.23355749224484,0.189807282803858,1.23355749224484,-0.810192717196142,0.00129422811706759,0.000118325139866648,0.908574741727335,24.4016213624503,0.454547220719132,candidate_diagnostic_only
Light_multipath,1,20,2,2.25958462802203,1.42911836980622,1.25958462802203,0.42911836980622,0.000877116301990943,0.000124762438273862,0.857758386213245,18.4157401125789,0.246252024345115,candidate_diagnostic_only
Light_multipath,1,20,3,2.26789047308647,1.01658541513137,1.26789047308647,0.0165854151313711,0.00117465472669731,4.16922224331095e-05,0.964506827848612,23.9683750967677,0.264386736901705,candidate_diagnostic_only
Light_multipath,3,20,1,4.21346717937253,3.6891881289907,1.21346717937253,0.689188128990695,0.00156974649278152,0.000114003528314699,0.927374560899518,32.5119815349544,0.0929978309683712,candidate_diagnostic_only
Light_multipath,3,20,2,4.26201970275182,2.94977620299608,1.26201970275182,-0.0502237970039232,0.00136610374734536,4.67928362997139e-05,0.965747230844917,25.0786320378182,0.266721113819969,candidate_diagnostic_only
Light_multipath,3,20,3,4.21743224698039,2.75675364220168,1.21743224698039,-0.243246357798323,0.00142456231926613,0.000223786713783536,0.842908442293476,21.9611368242728,0.354109029510831,candidate_diagnostic_only
Light_multipath,5,20,1,6.21543582558807,4.92555693725303,1.21543582558807,-0.074443062746969,0.00120741014063985,0.000105573243053048,0.912562235896826,17.8197922369137,0.435172514723115,candidate_diagnostic_only
Light_multipath,5,20,2,6.23186598122722,5.79670094909974,1.23186598122722,0.79670094909974,0.00108323742259797,0.000106826819203709,0.901381897472207,30.4456569221819,0.0817808123419044,candidate_diagnostic_only
Light_multipath,5,20,3,6.23835301412804,5.10385168750306,1.23835301412804,0.103851687503063,0.00138749279144501,7.08012715668893e-05,0.948971791418712,27.7357742179313,0.203939018291132,candidate_diagnostic_only
Light_multipath,10,20,1,11.2534646043904,10.381980652703,1.25346460439043,0.381980652702961,0.001157047494734,7.54403698806083e-05,0.934799245299821,27.5827250567087,0.156920699795909,candidate_diagnostic_only
Light_multipath,10,20,2,11.2226394119008,9.14103553807483,1.22263941190079,-0.858964461925165,0.00134929206470336,6.47320552151776e-05,0.952025171637388,23.727112714025,0.489834558983191,candidate_diagnostic_only
Light_multipath,10,20,3,11.2463480877861,11.0312944594402,1.24634808778612,1.03129445944017,0.00158716469140407,0.000102022522965095,0.935720266763973,32.602408912581,0.0627523963213986,candidate_diagnostic_only
Light_multipath,15,20,1,16.2433792602437,15.3492332501754,1.24337926024369,0.349233250175416,0.00165551772415951,0.00019887154084075,0.879873505466868,28.1522550921291,0.163390955919406,candidate_diagnostic_only
Light_multipath,15,20,2,16.2417739587093,15.4725849056939,1.24177395870935,0.472584905693864,0.00143617703337529,0.000147025389157118,0.897627252253449,26.9481137687249,0.148385938313023,candidate_diagnostic_only
Light_multipath,15,20,3,16.2205766690622,15.9997845560089,1.22057666906219,0.999784556008933,0.00125999137688537,7.90370550054487e-05,0.937271749271155,44.0382511743867,0.0418985829881771,candidate_diagnostic_only
Light_multipath,20,20,1,21.217940047606,20.1857834353365,1.21794004760603,0.185783435336489,0.0011506101847587,4.91316361024285e-05,0.957299494865212,22.6072205900387,0.236233961573708,candidate_diagnostic_only
Light_multipath,20,20,2,21.2475229334513,20.1389437858066,1.2475229334513,0.138943785806624,0.00132110441350552,0.000134262179293909,0.898371258228071,23.8167365063706,0.237400397909609,candidate_diagnostic_only
Light_multipath,20,20,3,21.229875963757,19.7004319398188,1.22987596375696,-0.299568060181201,0.00144405043716045,0.0001101736918796,0.923705094334348,25.8510200499987,0.301874291004678,candidate_diagnostic_only
Light_multipath,1,30,1,2.23439202402276,1.56542730211714,1.23439202402276,0.565427302117135,0.00146351764883823,5.56414523169568e-05,0.961981017201175,31.9102779408663,0.112115169703622,candidate_diagnostic_only
Light_multipath,1,30,2,2.22223296942672,0.297942466303234,1.22223296942672,-0.702057533696766,0.00142015318409983,5.15995034908734e-05,0.963666241030484,25.8430559645115,0.393522145021667,candidate_diagnostic_only
Light_multipath,1,30,3,2.23124533191399,1.43789968816954,1.23124533191399,0.437899688169539,0.00141157510613299,6.44367706921223e-05,0.954351156794875,21.4340085947398,0.21302144833687,candidate_diagnostic_only
Light_multipath,3,30,1,4.23538311486378,3.31443979845054,1.23538311486378,0.31443979845054,0.00135393112612103,4.5216554467542e-05,0.966603504716605,24.5609727875368,0.195503497277102,candidate_diagnostic_only
Light_multipath,3,30,2,4.23735295399317,2.95607122465582,1.23735295399317,-0.0439287753441793,0.00143219235248848,8.89468841653862e-05,0.937894596343265,23.9791478540077,0.276200114041767,candidate_diagnostic_only
Light_multipath,3,30,3,4.235317930382,3.11375436086939,1.235317930382,0.113754360869389,0.00122334242235866,0.000123711348596123,0.898874308341567,23.8015190177924,0.238455178942811,candidate_diagnostic_only
Light_multipath,5,30,1,6.22624019453393,4.88538277702366,1.22624019453393,-0.114617222976342,0.00111609127100265,6.02437096877129e-05,0.946022595774275,23.675910461368,0.287035076055993,candidate_diagnostic_only
Light_multipath,5,30,2,6.2496130853509,5.17752026266977,1.2496130853509,0.177520262669766,0.00151253066480228,0.000127056023635053,0.915997720514538,27.3558094231096,0.197157193739427,candidate_diagnostic_only
Light_multipath,5,30,3,6.23882991351071,5.66689840040457,1.23882991351071,0.666898400404571,0.00135515048271073,7.72917118521121e-05,0.942964480448323,31.7908504625738,0.0990549025642481,candidate_diagnostic_only
Light_multipath,10,30,1,11.2559611669636,10.4903613621314,1.25596116696364,0.490361362131441,0.00129842440002248,6.00054815129702e-05,0.953785925840633,24.1177697304814,0.170313260466017,candidate_diagnostic_only
Light_multipath,10,30,2,11.2199787905848,10.500894947328,1.21997879058482,0.500894947327954,0.00120878186261852,6.58124614392186e-05,0.945554724574827,26.3759387000549,0.142149194513993,candidate_diagnostic_only
Light_multipath,10,30,3,11.2425299587828,10.2926445339598,1.2425299587828,0.292644533959802,0.00138084559679519,7.15400213946449e-05,0.948191150726278,22.6646458258973,0.225512159642828,candidate_diagnostic_only
Light_multipath,15,30,1,16.2530177075834,15.5055417187311,1.2530177075834,0.505541718731067,0.00139355795574536,9.00283925295842e-05,0.935396735989045,23.019191851802,0.180503152826327,candidate_diagnostic_only
Light_multipath,15,30,2,16.229986331798,15.8294436841985,1.229986331798,0.829443684198544,0.00167113302780253,9.82535722140465e-05,0.941205415380219,33.6800188108171,0.0779861200150862,candidate_diagnostic_only
Light_multipath,15,30,3,16.232426567153,15.1195053690226,1.23242656715302,0.119505369022583,0.00112968988375117,0.0001358573538357,0.879739248983463,25.413545130395,0.215392439335321,candidate_diagnostic_only
Light_multipath,20,30,1,21.2424539107753,20.2842987287249,1.24245391077531,0.284298728724892,0.00132641212856899,6.15877564063005e-05,0.95356815948845,23.2406196651013,0.217357975801861,candidate_diagnostic_only
Light_multipath,20,30,2,21.2609989343514,20.2865885707751,1.26099893435138,0.286588570775081,0.00142586208844286,0.000104607594311634,0.926635545499444,25.3530831373242,0.197033749244388,candidate_diagnostic_only
Light_multipath,20,30,3,21.2416741060526,19.3399958529529,1.24167410605263,-0.660004147047111,0.00102151610384627,7.50462009195818e-05,0.926534490609581,25.2689131603547,0.38967032947354,candidate_diagnostic_only
