Plan,Echo,Count,Bandwidth_MHz,ExcessDelay_ns,EchoAmplitude,BaselineRMSE_m,V2RMSE_m,V3RMSE_m,V3SelectRate,V7RMSE_m,V7SelectRate,V7RescueCount,RTTRMSE_m,PBRRMSE_m
uniform_16MHz,LOS,120,16,0,0,0.0678774246176164,0.52029198545392,0.0678774246176164,0,0.0678774246176164,0,0,0.598642856055003,0.0688915082835541
uniform_16MHz,weak_close,120,16,15,0.15,0.547629428722931,0.70272070176838,0.547629428722931,0,0.547629428722931,0,0,0.674960749684104,0.548658586629944
uniform_16MHz,original_echo,120,16,25,0.25,1.24567878188663,0.752137926242745,0.866699865204848,0.608333333333333,0.866699865204848,0.608333333333333,0,1.37178114141201,1.24480637065538
uniform_16MHz,strong_late,120,16,60,0.4,4.55579834735019,2.00123329499711,4.37358698084688,0.166666666666667,3.78423455670767,0.433333333333333,32,4.55579834735019,1.46787469381922
uniform_32MHz,LOS,120,32,0,0,0.0362261168424466,0.184602341653949,0.0362261168424466,0,0.0362261168424466,0,0,0.637983988698122,0.0361368156143845
uniform_32MHz,weak_close,120,32,15,0.15,0.361329381310227,0.359826965941368,0.319103010830745,0.766666666666667,0.319103010830745,0.766666666666667,0,0.779042912088625,0.360732615739995
uniform_32MHz,original_echo,120,32,25,0.25,1.11426198162786,0.164429342501745,0.164429342501745,1,0.164429342501745,1,0,1.31153396777465,0.21655551357013
uniform_32MHz,strong_late,120,32,60,0.4,4.30806780055401,2.25338569681947,4.3078374314356,0.0166666666666667,4.3078374314356,0.0166666666666667,0,4.34795240346107,0.418188728180724
uniform_64MHz,LOS,120,64,0,0,0.0191552159010374,0.0202903892382592,0.0191552159010374,0,0.0191552159010374,0,0,0.588844847481826,0.0192336728382307
uniform_64MHz,weak_close,120,64,15,0.15,0.164238133452366,0.13833117947666,0.0690064897135206,0.941666666666667,0.0690064897135206,0.941666666666667,0,0.685093574914204,0.131970060312465
uniform_64MHz,original_echo,120,64,25,0.25,1.09036817345042,0.0577940851015321,0.149484081532235,0.991666666666667,0.149484081532235,0.991666666666667,0,1.46963683383688,0.0563770017204692
uniform_64MHz,strong_late,120,64,60,0.4,4.34477002095654,4.27076274103474,4.42654669387574,0.708333333333333,4.42654669387574,0.708333333333333,0,4.39810991075351,0.115974936759489
nonuniform_32MHz,LOS,120,32,0,0,0.0335285907300925,0.282551752507422,0.0335285907300925,0,0.0335285907300925,0,0,0.739526620090999,0.0337381891071344
nonuniform_32MHz,weak_close,120,32,15,0.15,0.366219453153125,0.349612236629131,0.337857252678228,0.775,0.337857252678228,0.775,0,0.828634262346757,0.36518173460714
nonuniform_32MHz,original_echo,120,32,25,0.25,1.0557240914186,0.423000707382292,0.310864774369126,0.966666666666667,0.310864774369126,0.966666666666667,0,1.39469431891753,0.153965862317621
nonuniform_32MHz,strong_late,120,32,60,0.4,4.4493939487683,5.8369399660728,4.47888210337626,0.0666666666666667,4.19236372334866,0.208333333333333,17,4.45494375676421,0.352781850579409
