Scenario,SNR_dB,N,FusionAcceptedRate,RTTFallbackRate,PBRFallbackRate,UnavailableRate,PBRUsableRate,ComparedN,FusionWorseThanPBRRate,AliasDecisionN,AliasBranchWrongRate,MedianEstimator_ms,MeanPBRCoherence
LOS,0,300,1,0,0,0,1,300,0.483333333333333,0,NaN,3.72915,0.998131128428781
LOS,10,300,1,0,0,0,1,300,0.453333333333333,0,NaN,3.60755,0.999771433222632
LOS,20,300,1,0,0,0,1,300,0.386666666666667,0,NaN,3.58305,0.999936192504606
LOS,30,300,1,0,0,0,1,300,0.356666666666667,0,NaN,3.6146,0.999950348413121
CFO_clock,0,300,1,0,0,0,1,300,0.446666666666667,0,NaN,3.62615,0.998158718196862
CFO_clock,10,300,1,0,0,0,1,300,0.473333333333333,0,NaN,3.4621,0.99976818107696
CFO_clock,20,300,1,0,0,0,1,300,0.433333333333333,0,NaN,3.40015,0.999938833847106
CFO_clock,30,300,1,0,0,0,1,300,0.416666666666667,0,NaN,3.38745,0.999950252403436
Light_multipath,0,300,1,0,0,0,1,300,0.6,0,NaN,3.4199,0.99810372600118
Light_multipath,10,300,1,0,0,0,1,300,0.656666666666667,0,NaN,3.38645,0.999206411813669
Light_multipath,20,300,1,0,0,0,1,300,0.923333333333333,0,NaN,3.4744,0.999342363663491
Light_multipath,30,300,1,0,0,0,1,300,1,0,NaN,3.52395,0.999327415152587
Sparse_alias,0,300,1,0,0,0,1,300,0.38,300,0,2.6462,0.998784510703463
Sparse_alias,10,300,1,0,0,0,1,300,0.45,300,0,2.8538,0.999849837173563
Sparse_alias,20,300,1,0,0,0,1,300,0.456666666666667,300,0,2.7152,0.999956197194008
Sparse_alias,30,300,1,0,0,0,1,300,0.323333333333333,300,0,2.7699,0.999963032246273
Calibration_drift,0,300,1,0,0,0,1,300,0.333333333333333,0,NaN,3.32685,0.998177174196638
Calibration_drift,10,300,1,0,0,0,1,300,0.0633333333333333,0,NaN,3.3036,0.99978770073463
Calibration_drift,20,300,0.976666666666667,0.0233333333333333,0,0,1,300,0,0,NaN,3.1758,0.999937310793146
Calibration_drift,30,300,1,0,0,0,1,300,0,0,NaN,3.2628,0.999952512857515
Random_hop_phase,0,300,0,1,0,0,0,0,NaN,0,NaN,3.32085,0.412938794885822
Random_hop_phase,10,300,0,1,0,0,0,0,NaN,0,NaN,3.66095,0.418071569100739
Random_hop_phase,20,300,0,1,0,0,0,0,NaN,0,NaN,3.33015,0.418920799403652
Random_hop_phase,30,300,0,1,0,0,0,0,NaN,0,NaN,3.21945,0.418401594321935
