Scenario,Distance_m,SNR_dB,Trial,Seed,Baseline_m,Candidate_m,V3_m,V4_m,V5_m,BaselineError_m,CandidateError_m,V3Error_m,V4Error_m,V5Error_m,SelectedTwoPath,V4Selected,V5Selected,GateReason,V4Reason,V5Reason,PhaseNoise_rad,SplitRange_m,V5BicGain,V5SplitRange_m,V5Confidence,V5Weight,RelativeImprovement,EstimatedEchoAmplitude,ExcessDelay_ns,SingleCost,TwoPathCost
LOS,1,0,1,202610093,1.22215683470622,2.7335281437377,1.22215683470622,1.22215683470622,1.22215683470622,0.22215683470622,1.7335281437377,0.22215683470622,0.22215683470622,0.22215683470622,0,0,0,insufficient_gain,insufficient_gain,v3_insufficient_gain,NaN,NaN,NaN,NaN,0,0,0.14724092750326,0.28916913591118,13.894681849333,0.00208042885072612,0.00177410457714067
LOS,1,0,2,202610093,1.16848844580169,0.00260818088449688,1.16848844580169,1.16848844580169,1.16848844580169,0.168488445801693,-0.997391819115503,0.168488445801693,0.168488445801693,0.168488445801693,0,0,0,insufficient_gain,insufficient_gain,v3_insufficient_gain,NaN,NaN,NaN,NaN,0,0,0.066265174292308,0.304383575370147,18.7534041067394,0.00495008242308947,0.00462206434856216
LOS,1,0,3,202610093,0.903473583876953,1.04880587435791,0.903473583876953,0.903473583876953,0.903473583876953,-0.096526416123047,0.0488058743579074,-0.096526416123047,-0.096526416123047,-0.096526416123047,0,0,0,insufficient_gain,insufficient_gain,v3_insufficient_gain,NaN,NaN,NaN,NaN,0,0,0.0568565341435328,0.058225553187056,18.7897145992993,0.00410624969282791,0.00387278256696577
LOS,3,0,1,202610093,3.13520817437493,2.54393035639739,3.13520817437493,3.13520817437493,3.13520817437493,0.135208174374931,-0.456069643602612,0.135208174374931,0.135208174374931,0.135208174374931,0,0,0,insufficient_gain,insufficient_gain,v3_insufficient_gain,NaN,NaN,NaN,NaN,0,0,0.160343809700093,0.0837290199983461,35.5463933896643,0.00239951854276721,0.0020147705981739
LOS,3,0,2,202610093,3.07263935228867,3.85755766770409,3.07263935228867,3.07263935228867,3.07263935228867,0.0726393522886704,0.857557667704087,0.0726393522886704,0.0726393522886704,0.0726393522886704,0,0,0,insufficient_gain,insufficient_gain,v3_insufficient_gain,NaN,NaN,NaN,NaN,0,0,0.442539041423136,0.153205085236783,18.0491272319653,0.00112138425619257,0.000625127942390113
LOS,3,0,3,202610093,3.27875895231044,3.26714347810732,3.27875895231044,3.27875895231044,3.27875895231044,0.27875895231044,0.267143478107317,0.27875895231044,0.27875895231044,0.27875895231044,0,0,0,insufficient_gain,insufficient_gain,v3_insufficient_gain,NaN,NaN,NaN,NaN,0,0,0.21090907336443,0.0223161395226322,90.701432014641,0.00478867362834801,0.00377869891074845
LOS,5,0,1,202610093,5.01973031781317,4.30105690565153,5.01973031781317,5.01973031781317,5.01973031781317,0.0197303178131731,-0.698943094348472,0.0197303178131731,0.0197303178131731,0.0197303178131731,0,0,0,insufficient_gain,insufficient_gain,v3_insufficient_gain,NaN,NaN,NaN,NaN,0,0,0.183002473800908,0.103559278099967,35.3452488496417,0.00380677156073039,0.00311012294792179
LOS,5,0,2,202610093,4.96913396362592,2.76835592783666,4.96913396362592,4.96913396362592,4.96913396362592,-0.0308660363740803,-2.23164407216334,-0.0308660363740803,-0.0308660363740803,-0.0308660363740803,0,0,0,insufficient_gain,insufficient_gain,v3_insufficient_gain,NaN,NaN,NaN,NaN,0,0,0.148731129272264,0.402157057688543,27.9398112775698,0.00282594990181506,0.00240564318165126
LOS,5,0,3,202610093,5.0551531697135,4.68744853397197,5.0551531697135,5.0551531697135,5.0551531697135,0.0551531697135044,-0.31255146602803,0.0551531697135044,0.0551531697135044,0.0551531697135044,0,0,0,insufficient_gain,insufficient_gain,v3_insufficient_gain,NaN,NaN,NaN,NaN,0,0,0.286189070997365,0.0537819304405078,43.681744376557,0.00220067132981372,0.0015708632463638
LOS,10,0,1,202610093,10.142257847844,9.91250662625185,10.142257847844,10.142257847844,10.142257847844,0.142257847844032,-0.0874933737481491,0.142257847844032,0.142257847844032,0.142257847844032,0,0,0,insufficient_gain,insufficient_gain,v3_insufficient_gain,NaN,NaN,NaN,NaN,0,0,0.0462852835561437,0.3496717917358,8.46293727869098,0.00604276084262301,0.00576306994356024
LOS,10,0,2,202610093,9.90378730952545,10.4335729242793,9.90378730952545,9.90378730952545,9.90378730952545,-0.0962126904745464,0.433572924279257,-0.0962126904745464,-0.0962126904745464,-0.0962126904745464,0,0,0,insufficient_gain,insufficient_gain,v3_insufficient_gain,NaN,NaN,NaN,NaN,0,0,0.384656259583558,0.0791401474457035,30.4611056107638,0.00196692354911976,0.00121033409382854
LOS,10,0,3,202610093,10.0302424363213,9.72157248261243,10.0302424363213,10.0302424363213,10.0302424363213,0.0302424363212719,-0.27842751738757,0.0302424363212719,0.0302424363212719,0.0302424363212719,0,0,0,insufficient_gain,insufficient_gain,v3_insufficient_gain,NaN,NaN,NaN,NaN,0,0,0.245300670173045,0.0534360676079833,37.0349344722636,0.0032300343055065,0.00243770472568383
LOS,15,0,1,202610093,14.9038411935752,14.8479643316423,14.9038411935752,14.9038411935752,14.9038411935752,-0.0961588064248229,-0.152035668357698,-0.0961588064248229,-0.0961588064248229,-0.0961588064248229,0,0,0,insufficient_gain,insufficient_gain,v3_insufficient_gain,NaN,NaN,NaN,NaN,0,0,0.0513261429031733,0.0786395311601581,17.1657406545786,0.00579859571057151,0.00550097615849299
LOS,15,0,2,202610093,15.0688840833201,15.9507893903507,15.0688840833201,15.0688840833201,15.0688840833201,0.0688840833200874,0.950789390350671,0.0688840833200874,0.0688840833200874,0.0688840833200874,0,0,0,insufficient_gain,insufficient_gain,v3_insufficient_gain,NaN,NaN,NaN,NaN,0,0,0.0376282461991725,0.156083186490711,18.7054493866057,0.00409862536949746,0.00394440128501583
LOS,15,0,3,202610093,15.2182983708811,16.1826427722334,15.2182983708811,15.2182983708811,15.2182983708811,0.218298370881094,1.18264277223344,0.218298370881094,0.218298370881094,0.218298370881094,0,0,0,insufficient_gain,insufficient_gain,v3_insufficient_gain,NaN,NaN,NaN,NaN,0,0,0.169333886876863,0.151985668411488,21.6937133961716,0.00206064796313932,0.00171171043405605
LOS,20,0,1,202610093,19.90987646555,19.5826616146472,19.90987646555,19.90987646555,19.90987646555,-0.0901235344500293,-0.417338385352828,-0.0901235344500293,-0.0901235344500293,-0.0901235344500293,0,0,0,insufficient_gain,insufficient_gain,v3_insufficient_gain,NaN,NaN,NaN,NaN,0,0,0.0843615224581926,0.162096622805787,14.0858871271563,0.0035597547333468,0.0032594484044639
LOS,20,0,2,202610093,19.9684161532734,20.9185063059747,19.9684161532734,19.9684161532734,19.9684161532734,-0.0315838467265834,0.918506305974745,-0.0315838467265834,-0.0315838467265834,-0.0315838467265834,0,0,0,insufficient_gain,insufficient_gain,v3_insufficient_gain,NaN,NaN,NaN,NaN,0,0,0.501225466771536,0.174916805879542,19.9750835285552,0.00244808704929245,0.00122104347531349
LOS,20,0,3,202610093,20.2541869873024,20.7451404843087,20.2541869873024,20.2541869873024,20.2541869873024,0.254186987302401,0.745140484308735,0.254186987302401,0.254186987302401,0.254186987302401,0,0,0,insufficient_gain,insufficient_gain,v3_insufficient_gain,NaN,NaN,NaN,NaN,0,0,0.258090229622308,0.0767036436643782,29.1877599918967,0.0025776787680496,0.00191240506291113
LOS,1,10,1,202610093,0.98050435040748,1.40786437370824,0.98050435040748,0.98050435040748,0.98050435040748,-0.0194956495925199,0.407864373708235,-0.0194956495925199,-0.0194956495925199,-0.0194956495925199,0,0,0,insufficient_gain,insufficient_gain,v3_insufficient_gain,NaN,NaN,NaN,NaN,0,0,0.134948694591084,0.198748458636773,7.51947862846315,0.000572097988783105,0.00049489411201864
LOS,1,10,2,202610093,0.958376861185391,2.07147971373878,0.958376861185391,0.958376861185391,0.958376861185391,-0.0416231388146091,1.07147971373878,-0.0416231388146091,-0.0416231388146091,-0.0416231388146091,0,0,0,insufficient_gain,insufficient_gain,v3_insufficient_gain,NaN,NaN,NaN,NaN,0,0,0.359342520241538,0.292341806154667,9.81330700361261,0.000370642310655755,0.000237454768636569
LOS,1,10,3,202610093,1.03187136782968,1.5695804420763,1.03187136782968,1.03187136782968,1.03187136782968,0.0318713678296805,0.569580442076302,0.0318713678296805,0.0318713678296805,0.0318713678296805,0,0,0,insufficient_gain,insufficient_gain,v3_insufficient_gain,NaN,NaN,NaN,NaN,0,0,0.0235332776438545,0.13424264296265,12.2936559816921,0.000424520142259022,0.000414529791885832
LOS,3,10,1,202610093,3.07235981752922,2.28097548711951,3.07235981752922,3.07235981752922,3.07235981752922,0.0723598175292164,-0.719024512880487,0.0723598175292164,0.0723598175292164,0.0723598175292164,0,0,0,insufficient_gain,insufficient_gain,v3_insufficient_gain,NaN,NaN,NaN,NaN,0,0,0.0701002349171605,0.156374001114914,21.1049659539088,0.000527195148433135,0.000490238644680785
LOS,3,10,2,202610093,3.02370630568378,3.32133706569124,3.02370630568378,3.02370630568378,3.02370630568378,0.0237063056837772,0.321337065691243,0.0237063056837772,0.0237063056837772,0.0237063056837772,0,0,0,insufficient_gain,insufficient_gain,v3_insufficient_gain,NaN,NaN,NaN,NaN,0,0,0.30702783577766,0.0416521689106821,33.0675919955744,0.00037788260766658,0.000261862128456691
LOS,3,10,3,202610093,3.0277546145339,3.8700719499983,3.0277546145339,3.0277546145339,3.0277546145339,0.0277546145338952,0.870071949998304,0.0277546145338952,0.0277546145338952,0.0277546145338952,0,0,0,insufficient_gain,insufficient_gain,v3_insufficient_gain,NaN,NaN,NaN,NaN,0,0,0.0967596123276981,0.25124636983993,8.78795363110899,0.000186409228248419,0.000168372343588796
LOS,5,10,1,202610093,5.01893792713635,5.82207849243051,5.01893792713635,5.01893792713635,5.01893792713635,0.0189379271363492,0.822078492430506,0.0189379271363492,0.0189379271363492,0.0189379271363492,0,0,0,insufficient_gain,insufficient_gain,v3_insufficient_gain,NaN,NaN,NaN,NaN,0,0,0.186300352405977,0.158687100724167,15.940251955863,0.000385743185008725,0.000313879093703395
LOS,5,10,2,202610093,5.00465710491951,3.87904648246461,5.00465710491951,5.00465710491951,5.00465710491951,0.00465710491951121,-1.12095351753539,0.00465710491951121,0.00465710491951121,0.00465710491951121,0,0,0,insufficient_gain,insufficient_gain,v3_insufficient_gain,NaN,NaN,NaN,NaN,0,0,0.00602641926584113,0.482093908880219,11.6789409055722,0.000347069742419048,0.000344978154636744
LOS,5,10,3,202610093,4.93939992827322,5.32398162240314,4.93939992827322,4.93939992827322,4.93939992827322,-0.0606000717267836,0.323981622403139,-0.0606000717267836,-0.0606000717267836,-0.0606000717267836,0,0,0,insufficient_gain,insufficient_gain,v3_insufficient_gain,NaN,NaN,NaN,NaN,0,0,0.310903373229006,0.195770220927157,7.89900066008988,0.000373587841596246,0.000257438121446629
LOS,10,10,1,202610093,10.1126767367406,10.5000651513577,10.1126767367406,10.1126767367406,10.1126767367406,0.112676736740603,0.500065151357653,0.112676736740603,0.112676736740603,0.112676736740603,0,0,0,insufficient_gain,insufficient_gain,v3_insufficient_gain,NaN,NaN,NaN,NaN,0,0,0.114683282163856,0.104939732856153,12.804107416132,0.000473038647536228,0.000418789022846422
LOS,10,10,2,202610093,9.99155886773706,10.5573423642675,9.99155886773706,9.99155886773706,9.99155886773706,-0.00844113226294496,0.557342364267477,-0.00844113226294496,-0.00844113226294496,-0.00844113226294496,0,0,0,insufficient_gain,insufficient_gain,v3_insufficient_gain,NaN,NaN,NaN,NaN,0,0,0.0341260327447723,0.152675955794459,11.1262850240502,0.000543193514962459,0.000524656475284102
LOS,10,10,3,202610093,10.0038445359538,10.9385577638781,10.0038445359538,10.0038445359538,10.0038445359538,0.00384453595381906,0.938557763878123,0.00384453595381906,0.00384453595381906,0.00384453595381906,0,0,0,insufficient_gain,insufficient_gain,v3_insufficient_gain,NaN,NaN,NaN,NaN,0,0,0.26757840006342,0.268261910162963,9.45038308152387,0.000600831321225126,0.000440061837583716
LOS,15,10,1,202610093,15.0228392970913,15.533821140608,15.0228392970913,15.0228392970913,15.0228392970913,0.0228392970913198,0.533821140607955,0.0228392970913198,0.0228392970913198,0.0228392970913198,0,0,0,insufficient_gain,insufficient_gain,v3_insufficient_gain,NaN,NaN,NaN,NaN,0,0,0.0126434978959893,0.154045244864822,9.73103551208451,0.000334074507915894,0.000329850637577955
LOS,15,10,2,202610093,15.0698975519694,15.5523093787614,15.0698975519694,15.0698975519694,15.0698975519694,0.069897551969424,0.552309378761386,0.069897551969424,0.069897551969424,0.069897551969424,0,0,0,insufficient_gain,insufficient_gain,v3_insufficient_gain,NaN,NaN,NaN,NaN,0,0,0.015929891169223,0.142251301328594,10.3206400532705,0.000275261028865437,0.000270876150632482
LOS,15,10,3,202610093,14.9130234642797,14.8838901140581,14.9130234642797,14.9130234642797,14.9130234642797,-0.0869765357203143,-0.116109885941896,-0.0869765357203143,-0.0869765357203143,-0.0869765357203143,0,0,0,insufficient_gain,insufficient_gain,v3_insufficient_gain,NaN,NaN,NaN,NaN,0,0,0.108040417062983,0.0710688044933392,11.3673198388204,0.000479218071204768,0.000427443150927687
LOS,20,10,1,202610093,20.0890802327937,19.9155629804676,20.0890802327937,20.0890802327937,20.0890802327937,0.0890802327937301,-0.0844370195323876,0.0890802327937301,0.0890802327937301,0.0890802327937301,0,0,0,insufficient_gain,insufficient_gain,v3_insufficient_gain,NaN,NaN,NaN,NaN,0,0,0.231422675546134,0.0868109255120123,13.1090144547382,0.000346268053930343,0.00026613377443363
LOS,20,10,2,202610093,19.8991549832554,20.437068886065,19.8991549832554,19.8991549832554,19.8991549832554,-0.100845016744632,0.437068886064978,-0.100845016744632,-0.100845016744632,-0.100845016744632,0,0,0,insufficient_gain,insufficient_gain,v3_insufficient_gain,NaN,NaN,NaN,NaN,0,0,0.189591631074529,0.213184629200356,7.49931067222319,0.000285198713792179,0.000231127424463962
LOS,20,10,3,202610093,20.030367749398,20.515977612373,20.030367749398,20.030367749398,20.030367749398,0.030367749398021,0.51597761237305,0.030367749398021,0.030367749398021,0.030367749398021,0,0,0,insufficient_gain,insufficient_gain,v3_insufficient_gain,NaN,NaN,NaN,NaN,0,0,0.173140466599204,0.0865270082357587,20.0738697455941,0.00049899833838829,0.000412601533247514
LOS,1,20,1,202610093,0.992331016999667,0.410836185957478,0.992331016999667,0.992331016999667,0.992331016999667,-0.00766898300033325,-0.589163814042522,-0.00766898300033325,-0.00766898300033325,-0.00766898300033325,0,0,0,insufficient_gain,insufficient_gain,v3_insufficient_gain,NaN,NaN,NaN,NaN,0,0,0.156387599874116,0.120126627960886,19.4960257790925,0.000112943848899816,9.52808314498288e-05
LOS,1,20,2,202610093,0.996948022865993,1.09387936699799,0.996948022865993,0.996948022865993,0.996948022865993,-0.00305197713400729,0.0938793669979883,-0.00305197713400729,-0.00305197713400729,-0.00305197713400729,0,0,0,insufficient_gain,insufficient_gain,v3_insufficient_gain,NaN,NaN,NaN,NaN,0,0,0.0265021967807982,0.0396010540282636,9.45982118510851,0.000114202561579013,0.000111175942819175
LOS,1,20,3,202610093,0.974004024760777,1.25350418845068,0.974004024760777,0.974004024760777,0.974004024760777,-0.0259959752392235,0.25350418845068,-0.0259959752392235,-0.0259959752392235,-0.0259959752392235,0,0,0,insufficient_gain,insufficient_gain,v3_insufficient_gain,NaN,NaN,NaN,NaN,0,0,0.127394555007805,0.0806756365684922,11.6497216486069,8.0909235053106e-05,7.06018390574936e-05
LOS,3,20,1,202610093,2.98009303613508,2.99705978668042,2.98009303613508,2.98009303613508,2.98009303613508,-0.0199069638649183,-0.00294021331957595,-0.0199069638649183,-0.0199069638649183,-0.0199069638649183,0,0,0,candidate_invalid,candidate_invalid,v3_candidate_invalid,NaN,NaN,NaN,NaN,0,0,0.0103621928827978,0.0173521927095438,9.0979592521979,0.00012541242288977,0.000124112875173887
LOS,3,20,2,202610093,2.99470455819446,2.5732727188127,2.99470455819446,2.99470455819446,2.99470455819446,-0.00529544180554486,-0.426727281187296,-0.00529544180554486,-0.00529544180554486,-0.00529544180554486,0,0,0,insufficient_gain,insufficient_gain,v3_insufficient_gain,NaN,NaN,NaN,NaN,0,0,0.150132327910207,0.0749860796276479,22.9104299770477,0.000163327492493703,0.000138806755833887
LOS,3,20,3,202610093,2.99721336248566,3.33769819765631,2.99721336248566,2.99721336248566,2.99721336248566,-0.00278663751434438,0.33769819765631,-0.00278663751434438,-0.00278663751434438,-0.00278663751434438,0,0,0,insufficient_gain,insufficient_gain,v3_insufficient_gain,NaN,NaN,NaN,NaN,0,0,0.142074049082599,0.158707174683,6.57586940546556,6.67380398116091e-05,5.72562962677381e-05
LOS,5,20,1,202610093,5.00525369176034,4.98777314471014,5.00525369176034,5.00525369176034,5.00525369176034,0.00525369176033763,-0.0122268552898621,0.00525369176033763,0.00525369176033763,0.00525369176033763,0,0,0,insufficient_gain,insufficient_gain,v3_insufficient_gain,NaN,NaN,NaN,NaN,0,0,0.152643481938692,0.05030156636286,9.54668656432076,9.15882036598425e-05,7.76078613486941e-05
LOS,5,20,2,202610093,5.01193428865482,3.98658569779097,5.01193428865482,5.01193428865482,5.01193428865482,0.0119342886548193,-1.01341430220903,0.0119342886548193,0.0119342886548193,0.0119342886548193,0,0,0,insufficient_gain,insufficient_gain,v3_insufficient_gain,NaN,NaN,NaN,NaN,0,0,0.0249107110824528,0.371544657859295,12.8704574964165,9.15976067465962e-05,8.93158452290876e-05
LOS,5,20,3,202610093,4.97982577648417,4.78958717224601,4.97982577648417,4.97982577648417,4.97982577648417,-0.0201742235158253,-0.210412827753995,-0.0201742235158253,-0.0201742235158253,-0.0201742235158253,0,0,0,insufficient_gain,insufficient_gain,v3_insufficient_gain,NaN,NaN,NaN,NaN,0,0,0.121835830067198,0.0496659368486563,16.3238705866019,0.000204415326185092,0.000179510215240875
LOS,10,20,1,202610093,9.99520880506934,9.12323045349607,9.99520880506934,9.99520880506934,9.99520880506934,-0.00479119493066271,-0.87676954650393,-0.00479119493066271,-0.00479119493066271,-0.00479119493066271,0,0,0,insufficient_gain,insufficient_gain,v3_insufficient_gain,NaN,NaN,NaN,NaN,0,0,0.0273711513784384,0.300338010389636,12.8954355448857,9.5288534054605e-05,9.26803771643669e-05
LOS,10,20,2,202610093,10.0043858119409,10.7449480612757,10.0043858119409,10.0043858119409,10.0043858119409,0.00438581194091903,0.744948061275743,0.00438581194091903,0.00438581194091903,0.00438581194091903,0,0,0,insufficient_gain,insufficient_gain,v3_insufficient_gain,NaN,NaN,NaN,NaN,0,0,0.153052783594338,0.192153235948159,11.0848326176726,0.000170724085653218,0.000144594289117395
LOS,10,20,3,202610093,10.0214335889726,10.5828532747661,10.0214335889726,10.0214335889726,10.0214335889726,0.0214335889726485,0.582853274766116,0.0214335889726485,0.0214335889726485,0.0214335889726485,0,0,0,insufficient_gain,insufficient_gain,v3_insufficient_gain,NaN,NaN,NaN,NaN,0,0,0.0506066009468358,0.159735202011005,10.3536008755728,0.000122962855183761,0.000116740123040193
LOS,15,20,1,202610093,14.9783713529555,14.6137383994327,14.9783713529555,14.9783713529555,14.9783713529555,-0.0216286470444658,-0.386261600567323,-0.0216286470444658,-0.0216286470444658,-0.0216286470444658,0,0,0,insufficient_gain,insufficient_gain,v3_insufficient_gain,NaN,NaN,NaN,NaN,0,0,0.00758453789153871,0.114853315782808,12.1703617839464,0.000129860398276227,0.000128875467164891
LOS,15,20,2,202610093,15.0195971176589,15.040454905202,15.0195971176589,15.0195971176589,15.0195971176589,0.0195971176589396,0.0404549052020187,0.0195971176589396,0.0195971176589396,0.0195971176589396,0,0,0,candidate_invalid,candidate_invalid,v3_candidate_invalid,NaN,NaN,NaN,NaN,0,0,0.0137038027977189,0.00863511513242145,13.9648334702128,9.59499538601971e-05,9.46350746140467e-05
LOS,15,20,3,202610093,15.0124558038659,15.5432296091905,15.0124558038659,15.0124558038659,15.0124558038659,0.0124558038659437,0.543229609190451,0.0124558038659437,0.0124558038659437,0.0124558038659437,0,0,0,insufficient_gain,insufficient_gain,v3_insufficient_gain,NaN,NaN,NaN,NaN,0,0,0.507672717257824,0.222176824206376,7.36085146850175,0.000143655721854818,7.07256311911486e-05
LOS,20,20,1,202610093,20.0014377397297,20.6290044184905,20.0014377397297,20.0014377397297,20.0014377397297,0.00143773972974159,0.629004418490474,0.00143773972974159,0.00143773972974159,0.00143773972974159,0,0,0,insufficient_gain,insufficient_gain,v3_insufficient_gain,NaN,NaN,NaN,NaN,0,0,0.223222458679125,0.124945253983286,16.3545847390661,0.000185672280001103,0.000144226057150698
LOS,20,20,2,202610093,20.0186152016489,20.5074827440603,20.0186152016489,20.0186152016489,20.0186152016489,0.0186152016488705,0.507482744060319,0.0186152016488705,0.0186152016488705,0.0186152016488705,0,0,0,insufficient_gain,insufficient_gain,v3_insufficient_gain,NaN,NaN,NaN,NaN,0,0,0.0499889259286046,0.143418890901331,10.2391369622199,0.00010426392106444,9.90518796373241e-05
LOS,20,20,3,202610093,20.0091083401765,20.5000435349219,20.0091083401765,20.0091083401765,20.0091083401765,0.00910834017654594,0.500043534921922,0.00910834017654594,0.00910834017654594,0.00910834017654594,0,0,0,insufficient_gain,insufficient_gain,v3_insufficient_gain,NaN,NaN,NaN,NaN,0,0,0.00847638822736671,0.213518219119947,6.12900833607942,0.000107159439578508,0.000106251114566414
LOS,1,30,1,202610093,1.0030896891011,1.37656213932493,1.0030896891011,1.0030896891011,1.0030896891011,0.00308968910110163,0.376562139324933,0.00308968910110163,0.00308968910110163,0.00308968910110163,0,0,0,insufficient_gain,insufficient_gain,v3_insufficient_gain,NaN,NaN,NaN,NaN,0,0,0.225722202574141,0.116590891534616,10.6607066718563,0.000138986988796219,0.000107614539555989
LOS,1,30,2,202610093,1.00404516590097,1.87184961319773,1.00404516590097,1.00404516590097,1.00404516590097,0.00404516590096571,0.871849613197734,0.00404516590096571,0.00404516590096571,0.00404516590096571,0,0,0,insufficient_gain,insufficient_gain,v3_insufficient_gain,NaN,NaN,NaN,NaN,0,0,0.186033344313678,0.290779076700364,7.35147297595265,6.50084130255912e-05,5.29146805419156e-05
LOS,1,30,3,202610093,1.00943984366136,0.854741959456406,1.00943984366136,1.00943984366136,1.00943984366136,0.00943984366135764,-0.145258040543594,0.00943984366135764,0.00943984366135764,0.00943984366135764,0,0,0,insufficient_gain,insufficient_gain,v3_insufficient_gain,NaN,NaN,NaN,NaN,0,0,0.0578457055595933,0.0944031806956988,7.5412029717499,0.000139333237962447,0.000131273408504606
LOS,3,30,1,202610093,2.98334798475956,3.47940462410504,2.98334798475956,2.98334798475956,2.98334798475956,-0.0166520152404441,0.479404624105039,-0.0166520152404441,-0.0166520152404441,-0.0166520152404441,0,0,0,insufficient_gain,insufficient_gain,v3_insufficient_gain,NaN,NaN,NaN,NaN,0,0,0.24615665702852,0.14183016110092,10.5821515132881,3.25540593872908e-05,2.45406609558074e-05
LOS,3,30,2,202610093,2.99367776478893,3.72644431590099,2.99367776478893,2.99367776478893,2.99367776478893,-0.00632223521107056,0.726444315900991,-0.00632223521107056,-0.00632223521107056,-0.00632223521107056,0,0,0,insufficient_gain,insufficient_gain,v3_insufficient_gain,NaN,NaN,NaN,NaN,0,0,0.191217181188766,0.189775777925012,11.1360862809412,0.000114451271869376,9.25662222790447e-05
LOS,3,30,3,202610093,3.00469371349755,3.39197416751578,3.00469371349755,3.00469371349755,3.00469371349755,0.0046937134975451,0.391974167515783,0.0046937134975451,0.0046937134975451,0.0046937134975451,0,0,0,insufficient_gain,insufficient_gain,v3_insufficient_gain,NaN,NaN,NaN,NaN,0,0,0.043724200577778,0.138256398461845,8.38041989401716,8.80049573461772e-05,8.41570109393341e-05
LOS,5,30,1,202610093,5.01015489264165,5.42757940863551,5.01015489264165,5.01015489264165,5.01015489264165,0.010154892641645,0.427579408635513,0.010154892641645,0.010154892641645,0.010154892641645,0,0,0,insufficient_gain,insufficient_gain,v3_insufficient_gain,NaN,NaN,NaN,NaN,0,0,0.344421329536077,0.168005607582819,7.77248661998502,7.99297260487553e-05,5.24002235335885e-05
LOS,5,30,2,202610093,5.0019559149039,5.19227856022547,5.0019559149039,5.0019559149039,5.0019559149039,0.00195591490389901,0.192278560225475,0.00195591490389901,0.00195591490389901,0.00195591490389901,0,0,0,insufficient_gain,insufficient_gain,v3_insufficient_gain,NaN,NaN,NaN,NaN,0,0,0.218401706116287,0.153794552827849,5.55864269189927,7.58505386144748e-05,5.92846515712342e-05
LOS,5,30,3,202610093,5.00824964803907,5.7407283278229,5.00824964803907,5.00824964803907,5.00824964803907,0.00824964803906614,0.740728327822899,0.00824964803906614,0.00824964803906614,0.00824964803906614,0,0,0,insufficient_gain,insufficient_gain,v3_insufficient_gain,NaN,NaN,NaN,NaN,0,0,0.117818944510637,0.205231512246932,10.0035370170417,0.000131168065991005,0.000115713982902443
LOS,10,30,1,202610093,9.99153903700496,10.1590899500343,9.99153903700496,9.99153903700496,9.99153903700496,-0.00846096299503962,0.159089950034293,-0.00846096299503962,-0.00846096299503962,-0.00846096299503962,0,0,0,insufficient_gain,insufficient_gain,v3_insufficient_gain,NaN,NaN,NaN,NaN,0,0,0.00985592492544078,0.0520796411775792,10.5620956870333,4.964102922278e-05,4.91517709655387e-05
LOS,10,30,2,202610093,10.0006436612995,9.9498318686373,10.0006436612995,10.0006436612995,10.0006436612995,0.000643661299481124,-0.0501681313627031,0.000643661299481124,0.000643661299481124,0.000643661299481124,0,0,0,insufficient_gain,insufficient_gain,v3_insufficient_gain,NaN,NaN,NaN,NaN,0,0,0.143209344917531,0.0706531015683208,7.67214176212451,6.3354685950312e-05,5.42817028779119e-05
LOS,10,30,3,202610093,9.99518413853619,10.0013973992498,9.99518413853619,9.99518413853619,9.99518413853619,-0.00481586146380764,0.00139739924981086,-0.00481586146380764,-0.00481586146380764,-0.00481586146380764,0,0,0,insufficient_gain,insufficient_gain,v3_insufficient_gain,NaN,NaN,NaN,NaN,0,0,0.0330117917984933,0.068322663545698,6.40163727666018,0.000179354094082207,0.000173433294070158
LOS,15,30,1,202610093,15.0036362261741,14.6984288314348,15.0036362261741,15.0036362261741,15.0036362261741,0.00363622617410719,-0.301571168565165,0.00363622617410719,0.00363622617410719,0.00363622617410719,0,0,0,insufficient_gain,insufficient_gain,v3_insufficient_gain,NaN,NaN,NaN,NaN,0,0,0.0840058641612942,0.0734345466081235,15.7599296806636,3.02409887646959e-05,2.77005683704257e-05
LOS,15,30,2,202610093,15.0206670128179,14.7330530709705,15.0206670128179,15.0206670128179,15.0206670128179,0.0206670128178956,-0.266946929029483,0.0206670128178956,0.0206670128178956,0.0206670128178956,0,0,0,insufficient_gain,insufficient_gain,v3_insufficient_gain,NaN,NaN,NaN,NaN,0,0,0.021841427466244,0.0683189176028655,15.9388212311307,0.000105580002006,0.000103273984050301
LOS,15,30,3,202610093,14.991941164408,15.4072699924714,14.991941164408,14.991941164408,14.991941164408,-0.00805883559197973,0.407269992471448,-0.00805883559197973,-0.00805883559197973,-0.00805883559197973,0,0,0,insufficient_gain,insufficient_gain,v3_insufficient_gain,NaN,NaN,NaN,NaN,0,0,0.25233743501521,0.125845333101188,10.4581861703354,7.94001361086316e-05,5.9364509423121e-05
LOS,20,30,1,202610093,19.9962034966268,20.369137145097,19.9962034966268,19.9962034966268,19.9962034966268,-0.0037965033731524,0.369137145096971,-0.0037965033731524,-0.0037965033731524,-0.0037965033731524,0,0,0,insufficient_gain,insufficient_gain,v3_insufficient_gain,NaN,NaN,NaN,NaN,0,0,0.150811444401007,0.0811499903095414,15.3338650179776,8.82151238150719e-05,7.49112735745072e-05
LOS,20,30,2,202610093,20.0038453386571,20.4107193164531,20.0038453386571,20.0038453386571,20.0038453386571,0.00384533865709002,0.410719316453061,0.00384533865709002,0.00384533865709002,0.00384533865709002,0,0,0,insufficient_gain,insufficient_gain,v3_insufficient_gain,NaN,NaN,NaN,NaN,0,0,0.0467114543757163,0.225024751763228,5.0000169175065,0.000131573959474274,0.000125427948469259
LOS,20,30,3,202610093,19.9931356755043,20.0524569301387,19.9931356755043,19.9931356755043,19.9931356755043,-0.00686432449571939,0.0524569301387103,-0.00686432449571939,-0.00686432449571939,-0.00686432449571939,0,0,0,candidate_invalid,candidate_invalid,v3_candidate_invalid,NaN,NaN,NaN,NaN,0,0,0.146249181165716,0.0182626568485716,19.3276940302883,0.000132497153308986,0.000113119553130758
Light_multipath,1,0,1,202610093,2.16929869975218,2.20131340029739,2.16929869975218,2.16929869975218,2.16929869975218,1.16929869975218,1.20131340029739,1.16929869975218,1.16929869975218,1.16929869975218,0,0,0,weak_echo,weak_echo,v3_weak_echo,NaN,NaN,NaN,NaN,0,0,0.602402521010242,0.0428268677389081,57.0742114436069,0.00597788215161388,0.00237679087317955
Light_multipath,1,0,2,202610093,2.24075502470918,0.0299120410664007,0.0299120410664007,2.24075502470918,1.59643330035725,1.24075502470918,-0.970087958933599,-0.970087958933599,1.24075502470918,0.596433300357245,1,0,1,two_path_selected,unstable_split_fit,soft_two_path_correction,0.0520294573096062,1.1492927104992,7.20652784332601,1.1492927104992,0.291437125620878,0.291437125620878,0.603029071116658,0.438947727262594,28.1628388738299,0.0045770702314416,0.00181696382133967
Light_multipath,1,0,3,202610093,2.37172545077677,1.94614352405686,2.37172545077677,2.37172545077677,2.37172545077677,1.37172545077677,0.94614352405686,1.37172545077677,1.37172545077677,1.37172545077677,0,0,0,insufficient_gain,insufficient_gain,v3_insufficient_gain,NaN,NaN,NaN,NaN,0,0,0.344348249852981,0.0646401141069754,38.6557191205698,0.00191462187669189,0.00125532518432281
Light_multipath,3,0,1,202610093,4.40885413229304,2.0495981336865,4.40885413229304,4.40885413229304,4.40885413229304,1.40885413229304,-0.950401866313502,1.40885413229304,1.40885413229304,1.40885413229304,0,0,0,insufficient_gain,insufficient_gain,v3_insufficient_gain,NaN,NaN,NaN,NaN,0,0,0.575024923736895,0.379870679975768,33.1730236852423,0.00312177742221498,0.00132667759808225
Light_multipath,3,0,2,202610093,4.44280771391474,4.43497475481141,4.44280771391474,4.44280771391474,4.44280771391474,1.44280771391474,1.43497475481141,1.44280771391474,1.44280771391474,1.44280771391474,0,0,0,insufficient_gain,insufficient_gain,v3_insufficient_gain,NaN,NaN,NaN,NaN,0,0,0.537114860536469,0.0310184064787225,79.6854386219357,0.00380600735998882,0.00176174424762765
Light_multipath,3,0,3,202610093,4.35259715888852,3.77218700426223,4.35259715888852,4.35259715888852,4.35259715888852,1.35259715888852,0.772187004262227,1.35259715888852,1.35259715888852,1.35259715888852,0,0,0,insufficient_gain,insufficient_gain,v3_insufficient_gain,NaN,NaN,NaN,NaN,0,0,0.474247544671953,0.139293852832688,26.2716687393049,0.0043552067022059,0.00228976061714592
Light_multipath,5,0,1,202610093,6.22661641524614,6.83193820295354,6.22661641524614,6.22661641524614,6.22661641524614,1.22661641524614,1.83193820295354,1.22661641524614,1.22661641524614,1.22661641524614,0,0,0,insufficient_gain,insufficient_gain,v3_insufficient_gain,NaN,NaN,NaN,NaN,0,0,0.337632801335885,0.160756555593917,14.4969607573665,0.0016804273941633,0.00111305998563038
Light_multipath,5,0,2,202610093,6.08995335428609,4.99953191683814,4.99953191683814,6.08995335428609,5.70490762536173,1.08995335428609,-0.000468083161855759,-0.000468083161855759,1.08995335428609,0.70490762536173,1,0,1,two_path_selected,unstable_split_fit,soft_two_path_correction,0.0521189360876333,2.29568232837269,10.1266326784277,2.29568232837269,0.353116433427366,0.353116433427366,0.665682152940598,0.167544022846572,35.7568152887108,0.00426278227496502,0.00142512419264929
Light_multipath,5,0,3,202610093,6.16195347225257,7.39861044592073,6.16195347225257,6.16195347225257,6.16195347225257,1.16195347225257,2.39861044592073,1.16195347225257,1.16195347225257,1.16195347225257,0,0,0,insufficient_gain,insufficient_gain,v3_insufficient_gain,NaN,NaN,NaN,NaN,0,0,0.257520375564005,0.249504939569935,15.4593451865641,0.00475876004041331,0.0035332823675871
Light_multipath,10,0,1,202610093,11.2901167125835,11.4622643479489,11.2901167125835,11.2901167125835,11.2901167125835,1.29011671258353,1.46226434794889,1.29011671258353,1.29011671258353,1.29011671258353,0,0,0,insufficient_gain,insufficient_gain,v3_insufficient_gain,NaN,NaN,NaN,NaN,0,0,0.0897974641332984,0.279459343147334,8.88323204294292,0.00604689664183145,0.00550390065751882
Light_multipath,10,0,2,202610093,11.1098493290788,10.0477803931099,11.1098493290788,11.1098493290788,11.1098493290788,1.10984932907884,0.0477803931099245,1.10984932907884,1.10984932907884,1.10984932907884,0,0,0,insufficient_gain,insufficient_gain,v3_insufficient_gain,NaN,NaN,NaN,NaN,0,0,0.127760881592136,0.254212937957587,19.3090376855127,0.00165574028047355,0.00144420144255264
Light_multipath,10,0,3,202610093,11.3446273892622,11.0721607033763,11.3446273892622,11.3446273892622,11.3446273892622,1.34462738926221,1.0721607033763,1.34462738926221,1.34462738926221,1.34462738926221,0,0,0,insufficient_gain,insufficient_gain,v3_insufficient_gain,NaN,NaN,NaN,NaN,0,0,0.370939098373353,0.0594808090014994,33.5161930373163,0.00326574450470707,0.00205435218261329
Light_multipath,15,0,1,202610093,16.1175045520348,13.1201501310729,16.1175045520348,16.1175045520348,16.1175045520348,1.11750455203484,-1.87984986892713,1.11750455203484,1.11750455203484,1.11750455203484,0,0,0,insufficient_gain,insufficient_gain,v3_insufficient_gain,NaN,NaN,NaN,NaN,0,0,0.42251619262107,0.669401973022023,27.5672477984372,0.00492805975756561,0.00284587471178988
Light_multipath,15,0,2,202610093,16.1141015486446,15.4757066597844,16.1141015486446,16.1141015486446,16.1141015486446,1.11410154864456,0.4757066597844,1.11410154864456,1.11410154864456,1.11410154864456,0,0,0,insufficient_gain,insufficient_gain,v3_insufficient_gain,NaN,NaN,NaN,NaN,0,0,0.468488064778734,0.0959115997131934,41.5652381618194,0.00393950562839485,0.00209389426036322
Light_multipath,15,0,3,202610093,16.4717769748426,15.43383093998,16.4717769748426,16.4717769748426,16.4717769748426,1.47177697484262,0.433830939980041,1.47177697484262,1.47177697484262,1.47177697484262,0,0,0,insufficient_gain,insufficient_gain,v3_insufficient_gain,NaN,NaN,NaN,NaN,0,0,0.495350371669142,0.166260356126479,35.4669143335857,0.00679393276547979,0.00342855564500422
Light_multipath,20,0,1,202610093,21.3220748612614,21.1676639597163,21.3220748612614,21.3220748612614,21.3220748612614,1.32207486126139,1.16766395971629,1.32207486126139,1.32207486126139,1.32207486126139,0,0,0,insufficient_gain,insufficient_gain,v3_insufficient_gain,NaN,NaN,NaN,NaN,0,0,0.059022370864905,0.0254513294934148,48.857891522116,0.00428609012352532,0.0040331149226942
Light_multipath,20,0,2,202610093,21.2086396762601,21.1711841697105,21.2086396762601,21.2086396762601,21.2086396762601,1.20863967626013,1.17118416971051,1.20863967626013,1.20863967626013,1.20863967626013,0,0,0,insufficient_gain,insufficient_gain,v3_insufficient_gain,NaN,NaN,NaN,NaN,0,0,0.522519128805636,0.0301645785066481,65.6497894854722,0.00461638102442707,0.00220423363330857
Light_multipath,20,0,3,202610093,21.3286892456482,19.8032464450294,19.8032464450294,21.3286892456482,20.9183455388903,1.32868924564824,-0.196753554970648,-0.196753554970648,1.32868924564824,0.918345538890325,1,0,1,two_path_selected,unstable_split_fit,soft_two_path_correction,0.0522859733127973,3.83720918806827,10.3140796665663,3.83720918806827,0.268999733448829,0.268999733448829,0.669348191069003,0.403247156803406,23.5182841871869,0.00618996547808082,0.00204672328254785
Light_multipath,1,10,1,202610093,2.30223463700909,2.01531883740148,2.30223463700909,2.30223463700909,2.30223463700909,1.30223463700909,1.01531883740148,1.30223463700909,1.30223463700909,1.30223463700909,0,0,0,weak_echo,weak_echo,v3_weak_echo,NaN,NaN,NaN,NaN,0,0,0.859381476992506,0.0727249837875245,31.6423032091026,0.00171693509404847,0.000241432877024828
Light_multipath,1,10,2,202610093,2.30150712321889,2.03476169184179,2.30150712321889,2.30150712321889,2.30150712321889,1.30150712321889,1.03476169184179,1.30150712321889,1.30150712321889,1.30150712321889,0,0,0,weak_echo,weak_echo,v3_weak_echo,NaN,NaN,NaN,NaN,0,0,0.666704521546313,0.0567013250193196,33.2071262209939,0.0014346121433515,0.000478149740713807
Light_multipath,1,10,3,202610093,2.21909244069634,1.85573779856665,1.85573779856665,2.21909244069634,1.96767695613889,1.21909244069634,0.855737798566645,0.855737798566645,1.21909244069634,0.967676956138889,1,0,1,two_path_selected,unstable_split_fit,soft_two_path_correction,0.0162581962147291,1.44584361452249,19.3070800661674,1.44584361452249,0.691928643277694,0.691928643277694,0.805181985967395,0.491436723800934,11.2001510555455,0.0018248577747908,0.000355515167576703
Light_multipath,3,10,1,202610093,4.17633338097272,3.29193194132213,3.29193194132213,3.29193194132213,3.31425623528389,1.17633338097272,0.291931941322134,0.291931941322134,0.291931941322134,0.314256235283895,1,1,1,two_path_selected,stable_two_path_selected,soft_two_path_correction,0.0161531312490794,0.054010636782702,33.4338846079996,0.054010636782702,0.97475773674613,0.97475773674613,0.915133676065228,0.246746463412278,21.118443706715,0.00162931540643863,0.000138274009074735
Light_multipath,3,10,2,202610093,4.1746875233457,3.34312188161412,3.34312188161412,3.34312188161412,3.59025737670794,1.1746875233457,0.34312188161412,0.34312188161412,0.34312188161412,0.590257376707939,1,1,1,two_path_selected,stable_two_path_selected,soft_two_path_correction,0.0163349193275,0.019461406097637,13.7069879193292,0.019461406097637,0.702806991184477,0.702806991184477,0.729172240087049,0.138818320195445,29.6808869255222,0.00145030373099542,0.000392782510658884
Light_multipath,3,10,3,202610093,4.2733449342492,3.76492576596219,3.76492576596219,3.76492576596219,3.81857336158376,1.2733449342492,0.764925765962191,0.764925765962191,0.764925765962191,0.818573361583756,1,1,1,two_path_selected,stable_two_path_selected,soft_two_path_correction,0.0159733735427916,0.380305057567266,21.9909567175494,0.380305057567266,0.894481563702019,0.894481563702019,0.833633902891073,0.085979809969659,35.2354784871891,0.00178359410886642,0.000296729590718581
Light_multipath,5,10,1,202610093,6.26049859746992,6.12681666728519,6.26049859746992,6.26049859746992,6.26049859746992,1.26049859746992,1.12681666728519,1.26049859746992,1.26049859746992,1.26049859746992,0,0,0,weak_echo,weak_echo,v3_weak_echo,NaN,NaN,NaN,NaN,0,0,0.863017860698006,0.0365055028206337,45.8069463737614,0.00151246698686558,0.000207180963484488
Light_multipath,5,10,2,202610093,6.2571275234121,5.7319132573983,5.7319132573983,5.7319132573983,5.79682955207002,1.2571275234121,0.731913257398297,0.731913257398297,0.731913257398297,0.796829552070022,1,1,1,two_path_selected,stable_two_path_selected,soft_two_path_correction,0.0162154836184497,0.218469944372776,20.7256611148072,0.218469944372776,0.876400359105974,0.876400359105974,0.820778957664337,0.135138404439073,23.4778221708874,0.00136963314552419,0.000245467079958317
Light_multipath,5,10,3,202610093,6.20841449674945,4.96925856405431,4.96925856405431,6.20841449674945,4.99969375361114,1.20841449674945,-0.0307414359456857,-0.0307414359456857,1.20841449674945,-0.000306246388864118,1,0,1,two_path_selected,unstable_split_fit,soft_two_path_correction,0.0163035373668695,0.307625599493562,33.6526898976085,0.307625599493562,0.975438773479763,0.975438773479763,0.916218982564091,0.230800285836118,27.3368461636507,0.00160320497840161,0.000134318144248802
Light_multipath,10,10,1,202610093,11.2044201643415,11.0013659827761,11.2044201643415,11.2044201643415,11.2044201643415,1.2044201643415,1.00136598277611,1.2044201643415,1.2044201643415,1.2044201643415,0,0,0,weak_echo,weak_echo,v3_weak_echo,NaN,NaN,NaN,NaN,0,0,0.748870206368606,0.0507837154662424,35.119962045285,0.00148586833852193,0.000373145809216435
Light_multipath,10,10,2,202610093,11.1843859329863,10.6809059341157,10.6809059341157,11.1843859329863,10.9808555676058,1.1843859329863,0.680905934115657,0.680905934115657,1.1843859329863,0.980855567605845,1,0,1,two_path_selected,unstable_split_fit,soft_two_path_correction,0.0164183992284334,1.76028670321819,10.2188826818166,1.76028670321819,0.404247171361314,0.404247171361314,0.667491405603381,0.0852990983568688,31.3905813816016,0.00122193401321735,0.000406303561180321
Light_multipath,10,10,3,202610093,11.2787440106725,10.9429209242037,11.2787440106725,11.2787440106725,11.2787440106725,1.27874401067245,0.942920924203701,1.27874401067245,1.27874401067245,1.27874401067245,0,0,0,weak_echo,weak_echo,v3_weak_echo,NaN,NaN,NaN,NaN,0,0,0.720978905651443,0.0556651410585426,37.1874966540402,0.00122475876894468,0.000341733532023936
Light_multipath,15,10,1,202610093,16.2233491926392,15.6164744482788,15.6164744482788,15.6164744482788,15.7282999978947,1.22334919263918,0.616474448278769,0.616474448278769,0.616474448278769,0.728299997894664,1,1,1,two_path_selected,stable_two_path_selected,soft_two_path_correction,0.0163576080547657,0.0264139842721338,17.5310588282798,0.0264139842721338,0.815735371005183,0.815735371005183,0.783727821745454,0.106630214591285,29.5876349699261,0.001232446386491,0.000266543864588353
Light_multipath,15,10,2,202610093,16.2330201099399,15.5620382697053,15.5620382697053,15.5620382697053,15.5769613850444,1.23302010993993,0.562038269705308,0.562038269705308,0.562038269705308,0.57696138504442,1,1,1,two_path_selected,stable_two_path_selected,soft_two_path_correction,0.0165167890156835,0.575118725993207,34.4466455760219,0.575118725993207,0.977759285804375,0.977759285804375,0.920041865065199,0.10778492055489,36.0997175230286,0.00222940873659083,0.000178259364585154
Light_multipath,15,10,3,202610093,16.1732630730736,15.7190944946974,15.7190944946974,16.1732630730736,15.7966984706558,1.1732630730736,0.719094494697362,0.719094494697362,1.1732630730736,0.796698470655839,1,0,1,two_path_selected,unstable_split_fit,soft_two_path_correction,0.0165102341850525,0.970581504435515,21.6649752303915,0.970581504435515,0.829129579514437,0.829129579514437,0.830412987041214,0.671566652561086,9.3087891470724,0.00144494207319212,0.000245043410091128
Light_multipath,20,10,1,202610093,21.2430324963544,20.5432431791802,20.5432431791802,20.5432431791802,20.5840924706578,1.24303249635438,0.543243179180166,0.543243179180166,0.543243179180166,0.584092470657819,1,1,1,two_path_selected,stable_two_path_selected,soft_two_path_correction,0.0164459184988672,0.669388206032991,26.7271187008684,0.669388206032991,0.941626300266197,0.941626300266197,0.874086772311862,0.100683066532968,37.0406538968543,0.00121319122535457,0.000152756822987321
Light_multipath,20,10,2,202610093,21.2718286547054,20.4559115693626,20.4559115693626,21.2718286547054,20.9315621689502,1.27182865470544,0.455911569362556,0.455911569362556,1.27182865470544,0.931562168950236,1,0,1,two_path_selected,unstable_split_fit,soft_two_path_correction,0.0166335071972009,0.803357086089584,8.41947350719448,0.803357086089584,0.417035617794684,0.417035617794684,0.630366007688444,0.138335310118922,27.8858686121055,0.000976524824628733,0.000360956769518861
Light_multipath,20,10,3,202610093,21.2058979519862,19.8458486941857,19.8458486941857,19.8458486941857,20.0377056358871,1.20589795198617,-0.154151305814267,-0.154151305814267,-0.154151305814267,0.0377056358870682,1,1,1,two_path_selected,stable_two_path_selected,soft_two_path_correction,0.0162797555840442,0.554755657357884,19.6682095843548,0.554755657357884,0.858933828608811,0.858933828608811,0.809276840750165,0.286985711861079,24.5265871321841,0.0016498365553792,0.000314662040087788
Light_multipath,1,20,1,202610093,2.22271097553065,1.71493687811627,1.71493687811627,2.22271097553065,1.84850025563544,1.22271097553065,0.714936878116265,0.714936878116265,1.22271097553065,0.848500255635444,1,0,1,two_path_selected,unstable_split_fit,soft_two_path_correction,0.00514818002975199,1.69926821632713,32.0938621065728,1.69926821632713,0.736962995553946,0.736962995553946,0.908173382002468,0.0843564926587765,34.4734747060314,0.00140649843484875,0.000129153994490983
Light_multipath,1,20,2,202610093,2.24198973434903,0.99807530338341,0.99807530338341,0.99807530338341,1.00559665268934,1.24198973434903,-0.00192469661659045,-0.00192469661659045,-0.00192469661659045,0.00559665268933962,1,1,1,two_path_selected,stable_two_path_selected,soft_two_path_correction,0.00520599729619464,0.344877087680415,44.8661834775163,0.344877087680415,0.99395348335971,0.99395348335971,0.956681093034529,0.23680383918934,26.4158425145977,0.00137230370333619,5.94466964531914e-05
Light_multipath,1,20,3,202610093,2.26004403816499,0.650731763254094,0.650731763254094,0.650731763254094,0.671271433808414,1.26004403816499,-0.349268236745906,-0.349268236745906,-0.349268236745906,-0.328728566191586,1,1,1,two_path_selected,stable_two_path_selected,soft_two_path_correction,0.0052077672509082,0.47710868666179,38.8896323450642,0.47710868666179,0.98723698882154,0.98723698882154,0.938431460264557,0.34475107957944,24.7765005389903,0.00173195598032061,0.000106634000594408
Light_multipath,3,20,1,202610093,4.2214044711333,2.88518414734967,2.88518414734967,2.88518414734967,2.91903273448619,1.2214044711333,-0.114815852650333,-0.114815852650333,-0.114815852650333,-0.0809672655138085,1,1,1,two_path_selected,stable_two_path_selected,soft_two_path_correction,0.00523646541744615,0.531839602819864,33.4056239517999,0.531839602819864,0.97466840869425,0.97466840869425,0.914992477675203,0.303605228872011,22.9800164068134,0.00134621413784308,0.000114438328376654
Light_multipath,3,20,2,202610093,4.23437506779938,3.75664429176154,3.75664429176154,3.75664429176154,3.75832856103577,1.23437506779938,0.756644291761539,0.756644291761539,0.756644291761539,0.758328561035766,1,1,1,two_path_selected,stable_two_path_selected,soft_two_path_correction,0.00520151810809246,0.31636594601851,49.1817243133921,0.31636594601851,0.996474438410277,0.996474438410277,0.9663930178693,0.0841798131660824,31.3686039558527,0.001012111665184,3.40140186461113e-05
Light_multipath,3,20,3,202610093,4.21209984793276,3.45388073736377,3.45388073736377,3.45388073736377,3.45532558163138,1.21209984793276,0.453880737363768,0.453880737363768,0.453880737363768,0.45532558163138,1,1,1,two_path_selected,stable_two_path_selected,soft_two_path_correction,0.00516297738946865,0.150850758412775,54.1037669237554,0.150850758412775,0.998094423831487,0.998094423831487,0.974841346104465,0.151638409349109,26.4289244621891,0.00135229707488982,3.40219740710967e-05
Light_multipath,5,20,1,202610093,6.23184219184661,4.44259002516381,4.44259002516381,6.23184219184661,4.58995483666476,1.23184219184661,-0.557409974836186,-0.557409974836186,1.23184219184661,-0.410045163335237,1,0,1,two_path_selected,unstable_split_fit,soft_two_path_correction,0.00526443369030763,0.968156560517622,37.2677516026093,0.968156560517622,0.917638880508297,0.917638880508297,0.932268201214477,0.409217166370466,23.502314944622,0.00131328546723952,8.89511870150184e-05
Light_multipath,5,20,2,202610093,6.23567283255339,5.20546547441631,5.20546547441631,6.23567283255339,5.3550846328303,1.23567283255339,0.205465474416311,0.205465474416311,1.23567283255339,0.355084632830302,1,0,1,two_path_selected,unstable_split_fit,soft_two_path_correction,0.00515440621334528,1.22986585668191,42.1345189469722,1.22986585668191,0.854767919067724,0.854767919067724,0.949129899267228,0.231780507268255,24.1979101277838,0.00186720071609581,9.49846885160976e-05
Light_multipath,5,20,3,202610093,6.23882464920147,3.6525556854763,6.23882464920147,6.23882464920147,6.23882464920147,1.23882464920147,-1.3474443145237,1.23882464920147,1.23882464920147,1.23882464920147,0,0,0,excessive_shift,excessive_shift,v3_excessive_shift,NaN,NaN,NaN,NaN,0,0,0.927260498512948,0.623954478747608,24.8659003762654,0.00160470098504062,0.000116725149687635
Light_multipath,10,20,1,202610093,11.2180028010272,10.2031265185386,10.2031265185386,10.2031265185386,10.2094324926812,1.21800280102725,0.203126518538646,0.203126518538646,0.203126518538646,0.209432492681151,1,1,1,two_path_selected,stable_two_path_selected,soft_two_path_correction,0.00519153361292883,0.305925147074305,44.648196273741,0.305925147074305,0.993786460230362,0.993786460230362,0.95612204776763,0.219848460034281,24.6350753564941,0.00173505647462435,7.6130725114032e-05
Light_multipath,10,20,2,202610093,11.2257468476116,11.0055778123558,11.2257468476116,11.2257468476116,11.2257468476116,1.22574684761159,1.00557781235577,1.22574684761159,1.22574684761159,1.22574684761159,0,0,0,weak_echo,weak_echo,v3_weak_echo,NaN,NaN,NaN,NaN,0,0,0.953726528162413,0.041651611007247,41.9807754167681,0.00106743754266891,4.9394041069073e-05
Light_multipath,10,20,3,202610093,11.248726768412,11.1069463915491,11.248726768412,11.248726768412,11.248726768412,1.24872676841204,1.10694639154914,1.24872676841204,1.24872676841204,1.24872676841204,0,0,0,weak_echo,weak_echo,v3_weak_echo,NaN,NaN,NaN,NaN,0,0,0.927383929151359,0.0365503197752261,44.2244490129048,0.00131050772421437,9.51639217492417e-05
Light_multipath,15,20,1,202610093,16.2375405287706,15.3859873011992,15.3859873011992,15.3859873011992,15.3948103851181,1.23754052877058,0.385987301199226,0.385987301199226,0.385987301199226,0.394810385118069,1,1,1,two_path_selected,stable_two_path_selected,soft_two_path_correction,0.00520653622920872,0.557351152356055,40.557524391529,0.557351152356055,0.989638834504794,0.989638834504794,0.944185163304388,0.151594294544859,29.9636724378007,0.00190665120011535,0.00010641942536993
Light_multipath,15,20,2,202610093,16.2445554136391,16.0236885235093,16.2445554136391,16.2445554136391,16.2445554136391,1.24455541363915,1.02368852350934,1.24455541363915,1.24455541363915,1.24455541363915,0,0,0,weak_echo,weak_echo,v3_weak_echo,NaN,NaN,NaN,NaN,0,0,0.961257887704135,0.044907050080497,42.9218309160127,0.00141757351667615,5.49197923707112e-05
Light_multipath,15,20,3,202610093,16.2245919999286,15.6706604638426,15.6706604638426,15.6706604638426,15.6758444823737,1.22459199992857,0.6706604638426,0.6706604638426,0.6706604638426,0.675844482373684,1,1,1,two_path_selected,stable_two_path_selected,soft_two_path_correction,0.00525518414700233,0.569270450971366,41.3716845146047,0.569270450971366,0.990641409283692,0.990641409283692,0.946795235388633,0.111798969411303,27.8988680577485,0.00133040650726457,7.07839650564424e-05
Light_multipath,20,20,1,202610093,21.217104282618,20.7179122057261,20.7179122057261,21.217104282618,20.8012332830319,1.21710428261797,0.717912205726051,0.717912205726051,1.21710428261797,0.801233283031916,1,0,1,two_path_selected,unstable_split_fit,soft_two_path_correction,0.00519595363001473,1.29809474681635,37.7548478022307,1.29809474681635,0.833088141493268,0.833088141493268,0.93418136180737,0.083020990176989,34.2284463078384,0.00129870543892308,8.54790234032787e-05
Light_multipath,20,20,2,202610093,21.2468067675951,20.5182684325665,20.5182684325665,21.2468067675951,20.5973747078554,1.24680676759511,0.518268432566522,0.518268432566522,1.24680676759511,0.597374707855359,1,0,1,two_path_selected,unstable_split_fit,soft_two_path_correction,0.00517338283608879,1.0753569100892,39.4457991695552,1.0753569100892,0.89141782733268,0.89141782733268,0.940413125343183,0.16871517826912,23.5935383062063,0.0012944629270808,7.71330001838599e-05
Light_multipath,20,20,3,202610093,21.2257666334269,21.0111077494843,21.2257666334269,21.2257666334269,21.2257666334269,1.22576663342692,1.01110774948429,1.22576663342692,1.22576663342692,1.22576663342692,0,0,0,weak_echo,weak_echo,v3_weak_echo,NaN,NaN,NaN,NaN,0,0,0.91487764802715,0.0429010018691067,46.8020508536044,0.0016548209774021,0.000140862253690477
Light_multipath,1,30,1,202610093,2.23715832311757,1.44549017543928,1.44549017543928,1.44549017543928,1.45845152245327,1.23715832311757,0.445490175439284,0.445490175439284,0.445490175439284,0.458451522453269,1,1,1,two_path_selected,stable_two_path_selected,soft_two_path_correction,0.00163789052899423,0.0705205005266785,36.8973654141044,0.0705205005266785,0.983627802821175,0.983627802821175,0.930776306619912,0.143367973290265,27.8126011387362,0.00114942590299938,7.956750627236e-05
Light_multipath,1,30,2,202610093,2.23393794499132,1.20770081221347,1.20770081221347,1.20770081221347,1.21185931573341,1.23393794499132,0.207700812213475,0.207700812213475,0.207700812213475,0.211859315733414,1,1,1,two_path_selected,stable_two_path_selected,soft_two_path_correction,0.00165569892723074,0.0661405040616154,48.0679907505623,0.0661405040616154,0.995947814216503,0.995947814216503,0.964117576271154,0.216603767368923,24.4905693980756,0.0013763762763781,4.93877167593304e-05
Light_multipath,1,30,3,202610093,2.24480455513197,2.25934864505159,2.24480455513197,2.24480455513197,2.24480455513197,1.24480455513197,1.25934864505159,1.24480455513197,1.24480455513197,1.24480455513197,0,0,0,delay_boundary,delay_boundary,v3_delay_boundary,NaN,NaN,NaN,NaN,0,0,0.833423311038253,0.69155754145997,6.20280457152316,0.00125868880726632,0.000209668213947634
Light_multipath,3,30,1,202610093,4.23675855065919,3.56104858080273,3.56104858080273,4.23675855065919,3.6129499899696,1.23675855065919,0.561048580802731,0.561048580802731,1.23675855065919,0.612949989969604,1,0,1,two_path_selected,unstable_split_fit,soft_two_path_correction,0.00163726086969169,0.980732825132976,45.1898200325021,0.980732825132976,0.923189812963838,0.923189812963838,0.957497973983687,0.12702924972805,29.4728634806755,0.00173366386414764,7.36842266575444e-05
Light_multipath,3,30,2,202610093,4.23694189288673,3.76753145194227,3.76753145194227,3.76753145194227,3.78166888478877,1.23694189288673,0.767531451942268,0.767531451942268,0.767531451942268,0.78166888478877,1,1,1,two_path_selected,stable_two_path_selected,soft_two_path_correction,0.00163303732165481,0.460610262495163,32.0212114794882,0.460610262495163,0.969882576923393,0.969882576923393,0.907780115134949,0.0924100371831097,29.2086862990221,0.00121820301536046,0.0001123425418188
Light_multipath,3,30,3,202610093,4.20890741703217,4.02902893107098,4.20890741703217,4.20890741703217,4.20890741703217,1.20890741703217,1.02902893107098,1.20890741703217,1.20890741703217,1.20890741703217,0,0,0,weak_echo,weak_echo,v3_weak_echo,NaN,NaN,NaN,NaN,0,0,0.945269109009909,0.0384937135332759,47.8332495237707,0.00145323789184726,7.95370046413613e-05
Light_multipath,5,30,1,202610093,6.24054499770298,5.60159953035579,5.60159953035579,5.60159953035579,5.60502673054916,1.24054499770298,0.601599530355786,0.601599530355786,0.601599530355786,0.605026730549159,1,1,1,two_path_selected,stable_two_path_selected,soft_two_path_correction,0.00165617338500259,0.0616069102338734,45.8246036194151,0.0616069102338734,0.994636161662431,0.994636161662431,0.959055743879989,0.122712643998586,29.5300400937496,0.00177329809542126,7.26063713960556e-05
Light_multipath,5,30,2,202610093,6.24431115294459,5.34068504821534,5.34068504821534,5.34068504821534,5.36524790320564,1.24431115294459,0.34068504821534,0.34068504821534,0.34068504821534,0.36524790320564,1,1,1,two_path_selected,stable_two_path_selected,soft_two_path_correction,0.00165251933640783,0.46293429919548,32.841442654529,0.46293429919548,0.97281745750621,0.97281745750621,0.912123986310671,0.193384758600396,23.6805107948447,0.00116378164727804,0.000102268491967594
Light_multipath,5,30,3,202610093,6.24629181733517,5.05562999056837,5.05562999056837,6.24629181733517,5.28045886059144,1.24629181733517,0.0556299905683684,0.0556299905683684,1.24629181733517,0.280458860591436,1,0,1,two_path_selected,unstable_split_fit,soft_two_path_correction,0.00165207138848683,1.40260025856503,39.1401542992238,1.40260025856503,0.811173193791237,0.811173193791237,0.939332117709766,0.274274614070572,22.8818362020248,0.00141991600516844,8.61432970635789e-05
Light_multipath,10,30,1,202610093,11.2314831137855,10.7839429055925,10.7839429055925,11.2314831137855,10.7858973536847,1.23148311378555,0.783942905592454,0.783942905592454,1.23148311378555,0.785897353684744,1,0,1,two_path_selected,unstable_split_fit,soft_two_path_correction,0.00163341055890262,0.583715755966411,47.4692682923357,0.583715755966411,0.995632910615605,0.995632910615605,0.962831316920842,0.0800911463587469,31.6904218100667,0.00106286747544138,3.9505384349825e-05
Light_multipath,10,30,2,202610093,11.2430013320033,10.8293040753125,11.2430013320033,11.2430013320033,11.2430013320033,1.24300133200325,0.829304075312507,1.24300133200325,1.24300133200325,1.24300133200325,0,0,0,weak_echo,weak_echo,v3_weak_echo,NaN,NaN,NaN,NaN,0,0,0.963274355665883,0.0711043458835597,34.504621827365,0.00119179934660507,4.37695989210507e-05
Light_multipath,10,30,3,202610093,11.2355871148165,9.87594643809459,9.87594643809459,11.2355871148165,9.991139930023,1.23558711481653,-0.124053561905406,-0.124053561905406,1.23558711481653,-0.00886006997699518,1,0,1,two_path_selected,unstable_split_fit,soft_two_path_correction,0.00163461421935372,1.01107508274264,46.2729217308188,1.01107508274264,0.915276518347377,0.915276518347377,0.960121398325184,0.263233011481908,25.8466624960966,0.00120984205431962,4.82468093736532e-05
Light_multipath,15,30,1,202610093,16.2310901022947,15.0824345672662,15.0824345672662,16.2310901022947,15.1351520790115,1.23109010229471,0.0824345672661693,0.0824345672661693,1.23109010229471,0.135152079011498,1,0,1,two_path_selected,unstable_split_fit,soft_two_path_correction,0.00164891455640401,0.834713478062028,35.7262943548685,0.834713478062028,0.954105029630124,0.954105029630124,0.925839643619861,0.198959721357353,28.8754814254695,0.00161449292233073,0.000119731370493259
Light_multipath,15,30,2,202610093,16.22271042047,16.092421086459,16.22271042047,16.22271042047,16.22271042047,1.22271042047,1.09242108645903,1.22271042047,1.22271042047,1.22271042047,0,0,0,weak_echo,weak_echo,v3_weak_echo,NaN,NaN,NaN,NaN,0,0,0.93745771441431,0.0303024843035148,52.1747594153156,0.00113011990359868,7.06802817569407e-05
Light_multipath,15,30,3,202610093,16.2077993656563,15.7044971396398,15.7044971396398,15.7044971396398,15.7131094033612,1.20779936565627,0.704497139639791,0.704497139639791,0.704497139639791,0.713109403361237,1,1,1,two_path_selected,stable_two_path_selected,soft_two_path_correction,0.00164825428618102,0.681606852487086,36.5440290802105,0.681606852487086,0.982888484738863,0.982888484738863,0.929322471163917,0.0812340914962006,34.4635797596492,0.00116867539245247,8.25990887500794e-05
Light_multipath,20,30,1,202610093,21.2135311631911,20.1929397624653,20.1929397624653,21.2135311631911,20.2383459959554,1.21353116319113,0.192939762465336,0.192939762465336,1.21353116319113,0.238345995955363,1,0,1,two_path_selected,unstable_split_fit,soft_two_path_correction,0.00164136275533974,0.778796465371634,30.7468208365425,0.778796465371634,0.955509880391177,0.955509880391177,0.900601210674557,0.187904635133463,27.1502420584053,0.00137141360678261,0.000136316852178631
Light_multipath,20,30,2,202610093,21.2601196834553,19.9784363877881,19.9784363877881,21.2601196834553,20.0091603560226,1.26011968345525,-0.0215636122118781,-0.0215636122118781,1.26011968345525,0.0091603560226261,1,0,1,two_path_selected,unstable_split_fit,soft_two_path_correction,0.00163661494980624,0.640667668109707,33.8470919477019,0.640667668109707,0.976028424230565,0.976028424230565,0.917171596097026,0.233101251406831,27.5278441798144,0.00148340318244045,0.000122867917946134
Light_multipath,20,30,3,202610093,21.2352735690738,20.3404922104511,20.3404922104511,20.3404922104511,20.3475259606117,1.23527356907381,0.340492210451117,0.340492210451117,0.340492210451117,0.347525960611669,1,1,1,two_path_selected,stable_two_path_selected,soft_two_path_correction,0.00166798745520268,0.70733441910302,42.7668750543831,0.70733441910302,0.992139140927816,0.992139140927816,0.950987374854693,0.149380345328938,29.9957288134582,0.00125628339267703,6.15737470015532e-05
