Parameter,Value,N,FiniteN,PBRUsableN,RTT_RMSE_m,PBR_RMSE_m,Fused_RMSE_m,FusionAcceptedRate,RTTFallbackRate,PBRFallbackRate,UnavailableRate
CFO_Hz,-120000,20,0,0,NaN,10,NaN,0,0,0,1
CFO_Hz,-40000,20,20,20,0.115102095714383,0.019993593049659,0.0197374932431926,1,0,0,0
CFO_Hz,0,20,20,20,0.0998922522103204,0.0195009305647511,0.0193170250547702,1,0,0,0
CFO_Hz,12000,20,20,20,0.111800474206807,0.0139146804343743,0.0130394169823859,1,0,0,0
CFO_Hz,40000,20,20,20,0.112087132557821,0.0163449280820733,0.0158657716274526,1,0,0,0
CFO_Hz,120000,20,0,0,NaN,11.9962172055919,NaN,0,0,0,1
PhaseNoise_rad,0,20,20,20,0.113651206732692,0.0114336786574453,0.0112593467231788,1,0,0,0
PhaseNoise_rad,0.05,20,20,20,0.115270343979263,0.0525183375156527,0.052319136991254,1,0,0,0
PhaseNoise_rad,0.15,20,20,20,0.123635309607661,0.139423738512498,0.137120879585596,1,0,0,0
PhaseNoise_rad,0.35,20,20,20,0.119929761246517,0.424588100107552,0.418599570203468,1,0,0,0
PhaseNoise_rad,0.7,20,20,19,0.113537466374921,0.781460221465186,0.360674029176452,0.65,0.35,0,0
EchoAmplitude,0,20,20,20,0.138738047677499,0.0162514085327121,0.016581602381955,1,0,0,0
EchoAmplitude,0.1,20,20,20,0.585083343807022,0.51230462401327,0.513213827886094,1,0,0,0
EchoAmplitude,0.25,20,20,20,1.29282119858207,1.23089473371689,1.23176714326442,1,0,0,0
EchoAmplitude,0.5,20,20,20,2.34512817585035,2.259923774386,2.2611496657348,1,0,0,0
EchoAmplitude,0.8,20,20,20,3.25889886311591,3.23869804245406,3.23898557143718,1,0,0,0
ClockB_Drift_ppm,0,20,20,20,0.0863177217293631,0.0138776307612465,0.0136347719975444,1,0,0,0
ClockB_Drift_ppm,10,20,20,20,0.169132220411631,0.0153877859079104,0.0150433871719029,1,0,0,0
ClockB_Drift_ppm,30,20,20,20,0.331426861972495,0.0121598203109027,0.012349786706504,1,0,0,0
ClockB_Drift_ppm,60,20,20,20,0.609921005886513,0.0165101372801956,0.183167022840804,0.95,0.05,0,0
ClockB_Drift_ppm,150,20,20,20,1.50562210394668,0.0169028970679444,1.50562210394668,0,1,0,0
ClockB_Drift_ppm,300,20,20,20,2.92194634979558,0.0210381972597425,2.92194634979558,0,1,0,0
DelayDrift_ns,0,20,20,20,0.0779597107342846,0.0176931001368563,0.0178254134872024,1,0,0,0
DelayDrift_ns,4,20,20,20,0.602968178267876,0.6005197704939,0.600466198276721,1,0,0,0
DelayDrift_ns,8,20,20,20,1.16734575370848,1.19451745855376,1.19408889122087,1,0,0,0
DelayDrift_ns,16,20,20,20,2.37846383241813,2.39680836141935,2.39652282953813,1,0,0,0
DelayDrift_ns,32,20,20,20,4.82333841714127,4.79606861756009,4.79642925638836,1,0,0,0
