Plan,Condition,Distance_m,N,V8RMSE_40m,V8RMSE_20m,V9B1RMSE_40m,V9B1RMSE_20m,Aliases_40m,Aliases_20m,V8Switches_40m,V8Switches_20m,WorseRows_20m
uniform_32MHz,LOS_stable,1,40,0.0297252852047278,0.0297252852047278,0.0297252852047278,0.0297252852047278,0,0,0,0,0
uniform_32MHz,LOS_stable,3,40,0.027513775130037,0.027513775130037,0.027513775130037,0.027513775130037,0,0,0,0,0
uniform_32MHz,LOS_stable,20,40,0.0342345366071801,0.0265316086431114,0.0342345366071801,0.0265316086431114,0,0,0,0,13
uniform_32MHz,light_stable,1,40,0.213426701998208,0.213426701998208,0.213426701998208,0.213426701998208,0,0,30,30,0
uniform_32MHz,light_stable,3,40,0.218141620112978,0.218141620112978,0.218141620112978,0.218141620112978,0,0,30,30,0
uniform_32MHz,light_stable,20,40,0.228754599620571,0.228754594468378,0.228754599620571,0.228754594468378,0,0,30,30,3
uniform_32MHz,strong_stable,1,40,0.40027910260062,0.40027910260062,0.40027910260062,0.40027910260062,0,0,40,40,0
uniform_32MHz,strong_stable,3,40,0.401517496292097,0.401517496292097,0.401517496292097,0.401517496292097,0,0,40,40,0
uniform_32MHz,strong_stable,20,40,0.392711857411512,0.392711857343864,0.392711857411512,0.392711857343864,0,0,40,40,2
uniform_32MHz,strong_drift,1,40,0.395942378667939,0.395942378667939,0.395942378667939,0.395942378667939,0,0,39,39,0
uniform_32MHz,strong_drift,3,40,0.402566496092575,0.402566496092575,0.402566496092575,0.402566496092575,0,0,37,37,0
uniform_32MHz,strong_drift,20,40,0.394688870163464,0.19274894036435,0.394688870163464,0.19274894036435,0,0,40,40,2
uniform_64MHz,LOS_stable,1,40,0.0146800564473317,0.0146800564473317,0.0146800564473317,0.0146800564473317,40,0,0,0,0
uniform_64MHz,LOS_stable,3,40,0.0227958994445723,0.0227958994445723,0.0227958994445723,0.0227958994445723,0,0,0,0,0
uniform_64MHz,LOS_stable,20,40,0.0193316745977829,0.00492504006065687,0.0193316745977829,0.00492504006065687,0,0,0,0,7
uniform_64MHz,light_stable,1,40,1.10787439448619,0.0620523296102371,1.10762106145961,0.0573518390362496,40,0,0,28,0
uniform_64MHz,light_stable,3,40,0.0600756027540448,0.0600756027540448,0.0560057208738027,0.0560057208738027,0,0,29,29,0
uniform_64MHz,light_stable,20,40,0.0587977505924712,0.00218646531159117,0.0560574180371607,0.0141037863031897,0,0,29,29,5
uniform_64MHz,strong_stable,1,40,4.48907148786872,0.122804399240711,4.48907148786872,0.122804399240711,40,0,0,40,0
uniform_64MHz,strong_stable,3,40,0.128330880933408,0.128330880933408,0.128330880933408,0.128330880933408,0,0,40,40,0
uniform_64MHz,strong_stable,20,40,0.130625483406861,0.130625483395079,0.130625483406861,0.130625483395079,0,0,40,40,3
uniform_64MHz,strong_drift,1,40,4.82616072219323,0.568075767701747,4.8644267336676,0.568075767701747,40,0,0,40,0
uniform_64MHz,strong_drift,3,40,0.561862833102054,0.561862833102054,0.561862833102054,0.561862833102054,0,0,40,40,0
uniform_64MHz,strong_drift,20,40,0.560804284361879,2.32317378681731,0.560804284361879,2.32317378681731,0,0,40,32,9
