Plan,Condition,UpdatePeriod,Count,PairedFiniteN,FixedRMSE_m,PeriodicRMSE_m,PredictedRMSE_m,AdaptiveRMSE_m,FixedP95_m,PeriodicP95_m,PredictedP95_m,AdaptiveP95_m,FixedOver1m,PeriodicOver1m,PredictedOver1m,AdaptiveOver1m,PeriodicMAE_m,PredictedMAE_m,AdaptiveMAE_m,ReferenceUpdateRows,JumpRows,ReferenceSNR_dB,JumpDetectionRows
uniform_32MHz,linear_drift,2,80,80,1.40390318472016,0.0898643185581487,0.0534883808204788,0.0563125962493096,2.27437545852542,0.149835082075606,0.100925687369546,0.115515592412933,0.5875,0,0,0,0.0684359531361325,0.0399955942311123,0.0422323283066668,40,0,20,0
uniform_32MHz,linear_drift,5,80,80,1.40390318472016,0.309070765267447,0.204893989806098,0.205598251358806,2.27437545852542,0.514423530033032,0.383684851181651,0.383684851181651,0.5875,0,0,0,0.254042030168534,0.159264765241429,0.160024126843775,16,0,20,0
uniform_32MHz,linear_drift,10,80,80,1.40390318472016,0.672545173674819,0.530746184098354,0.530746184098354,2.27437545852542,1.1290605439137,1.01891831474409,1.01891831474409,0.5875,0.1625,0.0875,0.0875,0.56814874452392,0.425887469928012,0.425887469928012,8,0,20,0
uniform_32MHz,quadratic_drift,2,80,80,1.10963094338778,0.104964616736656,0.0597158993421715,0.0634978916179321,2.15844205483547,0.230670892661531,0.131385891856805,0.14066125652854,0.35,0,0,0,0.0678230781305192,0.0410419135881501,0.0431942773213167,40,0,20,0
uniform_32MHz,quadratic_drift,5,80,80,1.10963094338778,0.347719436123972,0.230653470361785,0.282832821544946,2.15844205483547,0.662641544582803,0.451705676356531,0.593750249446021,0.35,0,0,0,0.239463112394208,0.164905510971235,0.195686080766853,16,0,20,4
uniform_32MHz,quadratic_drift,10,80,80,1.10963094338778,0.705481371458978,0.586619851668276,0.586619851668276,2.15844205483547,1.50533733744725,1.24295068056087,1.24295068056087,0.35,0.2,0.1375,0.1375,0.486901135466737,0.412696878208501,0.412696878208501,8,0,20,0
uniform_32MHz,sudden_jump,2,80,80,1.42572388056445,0.379607085262493,0.395554789194213,0.379634440472162,2.4104719119007,0.0482215440580731,0.411254399580963,0.0511138538700915,0.3625,0.025,0.025,0.025,0.0719249167164012,0.0955926175313786,0.0721303699219661,40,4,20,8
uniform_32MHz,sudden_jump,5,80,80,1.42572388056445,0.849466922505016,0.879304796587279,0.8503024915508,2.4104719119007,2.40747862539314,2.40947930128558,2.40945507113283,0.3625,0.125,0.125,0.125,0.310115535002989,0.395567317959711,0.312482114845493,16,4,20,4
uniform_32MHz,sudden_jump,10,80,80,1.42572388056445,1.46791134348024,1.46781008061053,1.46781008061053,2.4104719119007,2.41241121645493,2.41173071885104,2.41173071885104,0.3625,0.375,0.375,0.375,0.906192699196953,0.906150446735698,0.906150446735698,8,4,20,0
uniform_32MHz,noisy_reference,2,80,80,1.43431780869209,0.125120138999173,0.11675184209948,0.11582003355914,2.33730665913542,0.240481006643057,0.232939898348095,0.221760332488486,0.6,0,0,0,0.0996338892545924,0.0887419564721499,0.0893010583440468,40,0,0,0
uniform_32MHz,noisy_reference,5,80,80,1.43431780869209,0.341402513863794,0.238548736156523,0.251806956261662,2.33730665913542,0.587263160057184,0.464283294422309,0.464283294422309,0.6,0,0,0,0.28722190107246,0.191854866731093,0.205572133223644,16,0,0,0
uniform_32MHz,noisy_reference,10,80,80,1.43431780869209,0.716287990853123,0.606614310749092,0.606614310749092,2.33730665913542,1.14292380193672,1.11818812395347,1.11818812395347,0.6,0.225,0.1,0.1,0.616771636918342,0.519761703375203,0.519761703375203,8,0,0,0
uniform_32MHz,strong_stable,2,80,80,0.455113923034277,0.426120301569377,0.425256035638688,0.425309667747015,0.509635582415971,0.468823413888182,0.488240623827467,0.488240623827467,0,0,0,0,0.4251614596999,0.423898470629757,0.423958999990224,40,0,20,4
uniform_32MHz,strong_stable,5,80,80,0.455113923034277,0.437966908459215,0.444417483813822,0.444415338215992,0.509635582415971,0.504076047048143,0.503401579128967,0.503402773895747,0,0,0,0,0.436484158425051,0.443136180035614,0.443134251311184,16,0,20,0
uniform_32MHz,strong_stable,10,80,80,0.455113923034277,0.447713701264427,0.452189896648256,0.452189896648256,0.509635582415971,0.504076047048143,0.505373940748122,0.505373940748122,0,0,0,0,0.446444898609793,0.45065653388437,0.45065653388437,8,0,20,0
uniform_64MHz,linear_drift,2,80,80,1.3813039680822,0.0884379784715404,0.0503039448879287,0.0530550334612871,2.28740530182334,0.132526463910381,0.0758356128822872,0.0884658111262997,0.5875,0,0,0,0.0645186927197647,0.0359939370874077,0.038153285087279,40,0,20,0
uniform_64MHz,linear_drift,5,80,80,1.3813039680822,0.310505763582443,0.205639116583328,0.207692663265118,2.28740530182334,0.509562744347339,0.380860471329083,0.380860471329083,0.5875,0,0,0,0.25431071416605,0.159712150730798,0.161747741744713,16,0,20,0
uniform_64MHz,linear_drift,10,80,80,1.3813039680822,0.675237775691898,0.98347086304664,0.98347086304664,2.28740530182334,1.13669342185988,1.8364631103763,1.8364631103763,0.5875,0.2,0.35,0.35,0.569509640492868,0.797460163473978,0.797460163473978,8,0,20,0
uniform_64MHz,quadratic_drift,2,80,80,1.11204514687648,0.104579026666732,0.196661052508571,0.163512557261798,2.15454055461249,0.231466423402981,0.134516698473428,0.148404694949631,0.35,0,0,0,0.066289251429752,0.0755083369600113,0.0696924880442012,40,0,20,2
uniform_64MHz,quadratic_drift,5,80,80,1.11204514687648,0.350243898015915,0.59252104798596,0.513704097242683,2.15454055461249,0.669940879760865,1.42053274824689,1.1976267379493,0.35,0,0.1,0.075,0.241214686308799,0.33023264689038,0.301020105227827,16,0,20,4
uniform_64MHz,quadratic_drift,10,80,80,1.11204514687648,0.705443792971638,0.586126652057489,0.586126652057489,2.15454055461249,1.49674154536754,1.2336974407489,1.2336974407489,0.35,0.2,0.15,0.15,0.488989490554886,0.414606216771905,0.414606216771905,8,0,20,0
uniform_64MHz,sudden_jump,2,80,80,1.51802045820447,0.537428428659717,0.541320441449348,0.537499027208784,2.41249535934746,0.0222182474291355,0.296225894880475,0.0254079526836772,0.4,0.05,0.05,0.05,0.125666475830786,0.139873663035458,0.126054006445324,40,4,20,10
uniform_64MHz,sudden_jump,5,80,80,1.51802045820447,0.928254043337084,0.942839031181044,0.927974204199805,2.41249535934746,2.39762737164792,2.39714161604348,2.39715118489606,0.4,0.15,0.15,0.15,0.364044064629563,0.42759402040779,0.366124492884616,16,4,20,4
uniform_64MHz,sudden_jump,10,80,80,1.51802045820447,1.51560188375199,1.51511636659985,1.51511636659985,2.41249535934746,2.40535046282237,2.40245270134358,2.40245270134358,0.4,0.4,0.4,0.4,0.961716848374607,0.96140859377468,0.96140859377468,8,4,20,0
uniform_64MHz,noisy_reference,2,80,80,1.40070275996805,0.0916958495066977,0.0560544976627057,0.0651204270494529,2.27930252572495,0.152939853270821,0.125699779364103,0.128636544131911,0.6,0,0,0,0.0695662604705781,0.0412958059828815,0.0487077854632947,40,0,0,6
uniform_64MHz,noisy_reference,5,80,80,1.40070275996805,0.298845027476702,0.198213064103689,0.211587223779857,2.27930252572495,0.500264997128557,0.380312682594841,0.380312682594841,0.6,0,0,0,0.244500697067909,0.151727814221844,0.165155232096256,16,0,0,2
uniform_64MHz,noisy_reference,10,80,80,1.40070275996805,0.663440150639038,0.957147243855362,0.957147243855362,2.27930252572495,1.1254963614395,1.82998385443281,1.82998385443281,0.6,0.15,0.35,0.35,0.558092814043112,0.77721513546935,0.77721513546935,8,0,0,0
uniform_64MHz,strong_stable,2,80,80,0.123753807592554,0.128317484737425,0.127814905774655,0.127804353741889,0.132010908815998,0.157476624025621,0.148913036000158,0.148913036000158,0,0,0,0,0.127345043034017,0.126847969021537,0.126834679516196,40,0,20,0
uniform_64MHz,strong_stable,5,80,80,0.123753807592554,0.129688428543126,0.130398985905266,0.130402240678201,0.132010908815998,0.164886505178368,0.161241251644604,0.161240012203042,0,0,0,0,0.128700089589827,0.129698173683713,0.129701582613552,16,0,20,0
uniform_64MHz,strong_stable,10,80,80,0.123753807592554,0.133281695632131,0.132668629063448,0.132668629063448,0.132010908815998,0.164886505178368,0.162167960594862,0.162167960594862,0,0,0,0,0.132356809069867,0.131802322240999,0.131802322240999,8,0,20,0
