Plan,Condition,Count,PairedFiniteN,FixedRMSE_m,PeriodicRMSE_m,V8RMSE_m,V3RMSE_m,V7RMSE_m,V9BRMSE_m,PeriodicNoV8RMSE_m,V9B1RMSE_m,V8P95_m,V9BP95_m,V9B1P95_m,V8Over1m,V9BOver1m,V9B1Over1m,V8Switches,V3Switches,V7Switches,V9BSwitches,V9B1Switches,V9B1Better,V9B1Worse
uniform_32MHz,LOS_stable,240,240,0.0386843544321214,0.0337010953096902,0.0337010953096902,0.0337010953096902,0.0337010953096902,0.0337010953096902,0.0337010953096902,0.0337010953096902,0.0749803706143322,0.0749803706143322,0.0749803706143322,0,0,0,0,0,0,0,0,0,0
uniform_32MHz,light_stable,240,240,0.193932192266508,0.194918714721269,0.194918714721269,0.175251194445603,0.175251194445603,0.252568729999048,1.15723232100716,0.194918714721269,0.241625052291347,0.249060573021083,0.241625052291347,0,0.00833333333333333,0,179,239,239,239,0,0,0
uniform_32MHz,linear_drift,240,240,1.42691465804335,0.654166750250248,0.654166750250248,0.654166750250248,0.654166750250248,0.654166750250248,0.654166750250248,0.654166750250248,1.07231560414895,1.07231560414895,1.07231560414895,0.195833333333333,0.195833333333333,0.195833333333333,0,0,0,0,0,0,0
uniform_32MHz,quadratic_drift,240,240,1.1726355393742,0.711060232983129,0.711060232983129,0.711060232983129,0.711060232983129,0.711060232983129,0.711060232983129,0.711060232983129,1.64801724232816,1.64801724232816,1.64801724232816,0.2,0.2,0.2,0,0,0,0,0,0,0
uniform_32MHz,sudden_jump,240,240,1.72904547084771,1.25131329891329,1.25131329891329,1.25131329891329,1.25131329891329,1.25131329891329,1.25131329891329,1.25131329891329,2.4087248805136,2.4087248805136,2.4087248805136,0.275,0.275,0.275,0,0,0,0,0,0,0
uniform_32MHz,noisy_reference,240,240,1.43350384797679,0.928275740654138,0.928275740654138,0.928705539389248,0.928705539389248,0.928705539389248,0.928275740654138,0.928275740654138,2.05329122300507,2.05329122300507,2.05329122300507,0.3,0.3,0.3,0,1,1,1,0,0,0
uniform_32MHz,strong_stable,240,240,0.423395971932562,0.410590324510415,0.410590324510415,4.2152201152021,4.2152201152021,0.383617632194621,4.22458446412183,0.410590324510415,0.460560788228104,0.433635757326169,0.460560788228104,0,0,0,213,28,28,240,0,0,0
uniform_32MHz,strong_drift,240,240,1.11610790388518,0.408635468480539,0.408635468480539,4.84795931288483,4.84795931288483,0.414979023983026,4.84742043309028,0.408635468480539,0.686118896593803,0.686118896593803,0.686118896593803,0,0.00833333333333333,0,237,3,3,240,0,0,0
uniform_32MHz,light_drift,240,240,1.24361063257659,0.514261714882372,0.514261714882372,0.699527828660458,0.699527828660458,0.584263107648449,1.50566564206272,0.514261714882372,0.882683225793757,1.0830197580464,0.882683225793757,0.0166666666666667,0.0791666666666667,0.0166666666666667,160,239,239,240,0,0,0
uniform_64MHz,LOS_stable,240,240,0.0139405781143832,0.015256080641336,0.015256080641336,0.015256080641336,0.015256080641336,0.015256080641336,0.015256080641336,0.015256080641336,0.0345261049583794,0.0345261049583794,0.0345261049583794,0,0,0,0,0,0,0,0,0,0
uniform_64MHz,light_stable,240,240,0.409673276362004,0.441986435978178,0.441986435978178,0.0179334227793911,0.0179334227793911,0.0482746264461254,1.09262093282226,0.440438405333928,1.32670242401599,0.0694943719313628,1.32670242401599,0.108333333333333,0,0.108333333333333,132,240,240,240,82,73,9
uniform_64MHz,linear_drift,240,240,1.42358232937478,0.651665704790526,0.651665704790526,0.651665704790526,0.651665704790526,0.651665704790526,0.651665704790526,0.651665704790526,1.06849577333045,1.06849577333045,1.06849577333045,0.2,0.2,0.2,0,0,0,0,0,0,0
uniform_64MHz,quadratic_drift,240,240,1.15745328800499,0.708009871262046,0.708009871262046,0.708009871262046,0.708009871262046,0.708009871262046,0.708009871262046,0.708009871262046,1.65681344831079,1.65681344831079,1.65681344831079,0.2,0.2,0.2,0,0,0,0,0,0,0
uniform_64MHz,sudden_jump,240,240,1.60805752165759,1.36501876922998,1.36501876922998,1.36501876922998,1.36501876922998,1.36501876922998,1.36501876922998,1.36501876922998,2.40512463513658,2.40512463513658,2.40512463513658,0.325,0.325,0.325,0,0,0,0,0,0,0
uniform_64MHz,noisy_reference,240,240,1.42617759742314,0.910283164980256,0.910283164980256,0.910283164980256,0.910283164980256,0.910283164980256,0.910283164980256,0.910283164980256,1.87689440942796,1.87689440942796,1.87689440942796,0.3,0.3,0.3,0,0,0,0,0,0,0
uniform_64MHz,strong_stable,240,240,1.82611463674564,1.81483844074243,1.81483844074243,4.62408019467544,4.62408019467544,1.83830618455919,4.47811219848093,1.81502115882188,4.50597298576663,4.64319623362251,4.50597298576663,0.1625,0.1625,0.1625,200,188,188,233,4,3,1
uniform_64MHz,strong_drift,240,240,2.14199636839391,1.98023484012415,1.98023484012415,5.03845084306668,5.03845084306668,2.08662853032443,4.77216672301438,1.98398557305471,5.08756365599881,5.39078986836128,5.08756365599881,0.15,0.183333333333333,0.183333333333333,186,173,173,231,21,2,19
uniform_64MHz,light_drift,240,240,1.54041505982137,0.882036584992153,0.882036584992153,0.654197871408751,0.654197871408751,0.678395120418265,1.46723809979041,0.866291396908475,1.73662809146956,1.12561176509083,1.73662809146956,0.2875,0.2,0.2875,125,240,240,240,90,88,2
