Plan,Echo,Count,Bandwidth_MHz,ExcessDelay_ns,EchoAmplitude,BaselineRMSE_m,V2RMSE_m,V3RMSE_m,V3SelectRate,V7RMSE_m,V7SelectRate,V7RescueCount,RTTRMSE_m,PBRRMSE_m,V8RMSE_m,V8PbrSwitchCount,V8PbrSwitchRate
uniform_16MHz,LOS,120,16,0,0,0.0723638331242467,0.705550408965855,0.0880367852931081,0.00833333333333333,0.0880367852931081,0.00833333333333333,0,0.726327628023447,0.0735132570339408,0.0723638331242467,0,0
uniform_16MHz,weak_close,120,16,15,0.15,0.550623164947531,0.760043375817619,0.550623164947531,0,0.550623164947531,0,0,0.676124792846617,0.551293653819657,0.550623164947531,0,0
uniform_16MHz,original_echo,120,16,25,0.25,1.23983612326143,0.82408362760757,0.848907126819903,0.625,0.848907126819903,0.625,0,1.31679226955306,1.23938564104578,1.23983612326143,0,0
uniform_16MHz,strong_late,120,16,60,0.4,4.37916460391401,2.04176098149512,4.22317873920418,0.208333333333333,3.88585919077802,0.366666666666667,19,4.37916460391401,1.3781843931293,1.3781843931293,120,1
uniform_32MHz,LOS,120,32,0,0,0.0375216021119354,0.164312766331963,0.0375216021119354,0,0.0375216021119354,0,0,0.63137920962131,0.0380254650072402,0.0375216021119354,0,0
uniform_32MHz,weak_close,120,32,15,0.15,0.367167431678093,0.328675213851274,0.262626357844643,0.683333333333333,0.262626357844643,0.683333333333333,0,0.684188963871385,0.366749284847312,0.367167431678093,0,0
uniform_32MHz,original_echo,120,32,25,0.25,1.06885822436483,0.183893668654317,0.183893668654317,1,0.183893668654317,1,0,1.5259862795901,0.209521693407083,0.207870015977723,80,0.666666666666667
uniform_32MHz,strong_late,120,32,60,0.4,4.48278878825092,2.84993675792133,4.48266558652477,0.00833333333333333,4.48266558652477,0.00833333333333333,0,4.49051546746983,0.42586915285554,0.425774449441089,119,0.991666666666667
uniform_64MHz,LOS,120,64,0,0,0.0171125091710519,0.0332451238363232,0.0171125091710519,0,0.0171125091710519,0,0,0.795587595588766,0.0172209785721617,0.0171125091710519,0,0
uniform_64MHz,weak_close,120,64,15,0.15,0.148824753055106,0.128843964674626,0.0708070273935718,0.966666666666667,0.0708070273935718,0.966666666666667,0,0.628840730349571,0.131884354152948,0.148824753055106,0,0
uniform_64MHz,original_echo,120,64,25,0.25,1.07955829988384,0.11341852488406,0.15293539047386,0.991666666666667,0.15293539047386,0.991666666666667,0,1.45905694999102,0.0578730911963833,0.0581641477636681,80,0.666666666666667
uniform_64MHz,strong_late,120,64,60,0.4,4.52831625547046,4.51020133682757,4.5507080883672,0.783333333333333,4.5507080883672,0.783333333333333,0,4.56791489237254,0.125847553501453,0.125783987565559,117,0.975
nonuniform_32MHz,LOS,120,32,0,0,0.0375704270557729,0.146808667063447,0.0375704270557729,0,0.0375704270557729,0,0,0.684808092321697,0.0376919306688217,0.0375704270557729,0,0
nonuniform_32MHz,weak_close,120,32,15,0.15,0.356483091117451,0.362551040061149,0.293436940068477,0.733333333333333,0.293436940068477,0.733333333333333,0,0.680392306741244,0.355994355925123,0.356483091117451,0,0
nonuniform_32MHz,original_echo,120,32,25,0.25,1.05404800639482,0.476657947539065,0.313071986392826,0.95,0.313071986392826,0.95,0,1.2895879361649,0.174307454475393,0.173203324897951,80,0.666666666666667
nonuniform_32MHz,strong_late,120,32,60,0.4,4.33309012485226,5.6857873345584,4.36945085052822,0.125,4.09365979220287,0.258333333333333,16,4.36932844490846,0.359216437310687,0.358847069827829,116,0.966666666666667
