Plan,Condition,UpdatePeriod,Count,PairedFiniteN,FixedRMSE_m,PeriodicRMSE_m,PredictedRMSE_m,AdaptiveRMSE_m,FixedP95_m,PeriodicP95_m,PredictedP95_m,AdaptiveP95_m,FixedOver1m,PeriodicOver1m,PredictedOver1m,AdaptiveOver1m,PeriodicMAE_m,PredictedMAE_m,AdaptiveMAE_m,ReferenceUpdateRows,JumpRows,ReferenceSNR_dB,JumpDetectionRows
uniform_32MHz,linear_drift,2,240,240,1.40556774415635,0.0903083125862078,0.053768298047488,0.0559714345945603,2.31060023723701,0.145803431383341,0.102881177408564,0.104689732629327,0.595833333333333,0,0,0,0.0686070060749178,0.0403881960369392,0.0423012639386698,120,0,20,2
uniform_32MHz,linear_drift,5,240,240,1.40556774415635,0.309871781416709,0.205533679463491,0.215213622218244,2.31060023723701,0.51213214659653,0.401376839098447,0.401376839098447,0.595833333333333,0,0,0,0.25521955536641,0.160429827870582,0.16978283638865,48,0,20,0
uniform_32MHz,linear_drift,10,240,240,1.40556774415635,0.676379101304618,0.534861205128159,0.534861205128159,2.31060023723701,1.13728098414551,1.03861036428032,1.03861036428032,0.595833333333333,0.191666666666667,0.0958333333333333,0.0958333333333333,0.57033282569551,0.428023843388008,0.428023843388008,24,0,20,0
uniform_32MHz,quadratic_drift,2,240,240,1.11586211444615,0.106579873329606,0.061373013724393,0.0690688273893231,2.19507267398001,0.227863515720195,0.127015498973503,0.145881783855224,0.35,0,0,0,0.0695380295693555,0.0427608060710588,0.0465042091499435,120,0,20,2
uniform_32MHz,quadratic_drift,5,240,240,1.11586211444615,0.350271099651948,0.233247313768019,0.286212902066272,2.19507267398001,0.691546723933847,0.456240435539277,0.595875969960737,0.35,0,0,0,0.242039818248419,0.167259440184471,0.198675633751161,48,0,20,14
uniform_32MHz,quadratic_drift,10,240,240,1.11586211444615,0.705000756962217,0.584676571086231,0.584676571086231,2.19507267398001,1.5169723646514,1.24663104857513,1.24663104857513,0.35,0.2,0.145833333333333,0.145833333333333,0.489312148774179,0.41411297045902,0.41411297045902,24,0,20,0
uniform_32MHz,sudden_jump,2,240,240,1.59371869183502,0.379302334187721,0.402352185618554,0.379304798005394,2.40983518263996,0.0396280904682551,0.592243303782424,0.0415891476460613,0.441666666666667,0.025,0.025,0.025,0.0712166459191043,0.101070063617659,0.0721368497244177,120,12,20,30
uniform_32MHz,sudden_jump,5,240,240,1.59371869183502,0.78961049729885,0.841746844077479,0.789858268544754,2.40983518263996,2.39653727647752,2.39646970193071,2.3964764668552,0.441666666666667,0.108333333333333,0.116666666666667,0.108333333333333,0.269858259357362,0.386856269209941,0.274835870465657,48,12,20,16
uniform_32MHz,sudden_jump,10,240,240,1.59371869183502,1.25888381392565,1.28423449583908,1.28423449583908,2.40983518263996,2.4106191762673,2.41389683713297,2.41389683713297,0.441666666666667,0.275,0.2875,0.2875,0.668356118037371,0.75418213361538,0.75418213361538,24,12,20,0
uniform_32MHz,noisy_reference,2,240,240,1.40349083310121,0.107930759505851,0.0806376944040208,0.0835028781494497,2.33519554391064,0.185451797179761,0.17048177406869,0.171234122097395,0.591666666666667,0,0,0,0.0815677502633874,0.0581504849913077,0.0608675463868833,120,0,0,4
uniform_32MHz,noisy_reference,5,240,240,1.40349083310121,0.318183925744548,0.222364060490789,0.233861466772625,2.33519554391064,0.520398376198573,0.461206645308664,0.461206645308664,0.591666666666667,0,0,0,0.263486906613717,0.174221785637819,0.18633379729714,48,0,0,2
uniform_32MHz,noisy_reference,10,240,240,1.40349083310121,0.680814455690666,0.615753131290143,0.615753131290143,2.33519554391064,1.14115956367948,1.13698542130265,1.13698542130265,0.591666666666667,0.191666666666667,0.133333333333333,0.133333333333333,0.575695558157566,0.498454282922225,0.498454282922225,24,0,0,0
uniform_32MHz,strong_stable,2,240,240,0.413597960538842,0.424211252376356,0.424953177618437,0.424943904277866,0.449133876389036,0.471604910257522,0.472747002048877,0.472783747168856,0,0,0,0,0.423499433802507,0.424170302225187,0.424161096751588,120,0,20,4
uniform_32MHz,strong_stable,5,240,240,0.413597960538842,0.425394473349738,0.426977166319142,0.42692480935467,0.449133876389036,0.479760105327724,0.47942312719559,0.479786437549798,0,0,0,0,0.424641692464658,0.426194548864786,0.426145058298165,48,0,20,4
uniform_32MHz,strong_stable,10,240,240,0.413597960538842,0.418942430321416,0.41332393464776,0.41332393464776,0.449133876389036,0.450955957143799,0.445645785743249,0.445645785743249,0,0,0,0,0.418340980748304,0.41265168263071,0.41265168263071,24,0,20,0
uniform_64MHz,linear_drift,2,240,240,1.4031152953374,0.0899633210878012,0.0518012329677525,0.0553190223777791,2.28482003224835,0.134845456432891,0.0927779673273403,0.0979242231652639,0.591666666666667,0,0,0,0.0658638247402162,0.0375349795526691,0.0401757521613427,120,0,20,0
uniform_64MHz,linear_drift,5,240,240,1.4031152953374,0.309248066482618,0.204794197139624,0.208193211892307,2.28482003224835,0.508685442479514,0.389266568219703,0.389266568219703,0.591666666666667,0,0,0,0.253622831024297,0.15886375592091,0.16234278183043,48,0,20,0
uniform_64MHz,linear_drift,10,240,240,1.4031152953374,0.673772596262762,0.980983736042455,0.980983736042455,2.28482003224835,1.13412660927257,1.82877441465046,1.82877441465046,0.591666666666667,0.191666666666667,0.341666666666667,0.341666666666667,0.568506790226841,0.796029134344798,0.796029134344798,24,0,20,0
uniform_64MHz,quadratic_drift,2,240,240,1.11453806538872,0.104759153202181,0.19793048456041,0.188564012320798,2.17041382485106,0.228791628632228,0.156411011779333,0.195203221766351,0.35,0,0,0,0.066073497995673,0.0757161937765711,0.075641811750285,120,0,20,2
uniform_64MHz,quadratic_drift,5,240,240,1.11453806538872,0.349406226078416,0.584287922819371,0.494260925776629,2.17041382485106,0.676565105080706,1.40492715643718,1.12928974535195,0.35,0,0.1,0.075,0.240515882420992,0.326256575353691,0.290091602623525,48,0,20,12
uniform_64MHz,quadratic_drift,10,240,240,1.11453806538872,0.704917884406785,0.584997731675683,0.584997731675683,2.17041382485106,1.50278624561335,1.23523292357978,1.23523292357978,0.35,0.2,0.15,0.15,0.488798139388207,0.41399742955735,0.41399742955735,24,0,20,0
uniform_64MHz,sudden_jump,2,240,240,1.6226047931593,0.489438764718746,0.493578309060431,0.489458201903012,2.40564225361656,0.0215831139003431,0.2876926844575,0.0259354255159803,0.4625,0.0416666666666667,0.0416666666666667,0.0416666666666667,0.104878347585474,0.118887224740921,0.105127352914807,120,12,20,24
uniform_64MHz,sudden_jump,5,240,240,1.6226047931593,0.880777797796621,0.89601331737399,0.880785148600984,2.40564225361656,2.39904562696466,2.39924896142682,2.39924802592994,0.4625,0.1375,0.1375,0.1375,0.332689041322682,0.395462363652231,0.333991458165918,48,12,20,16
uniform_64MHz,sudden_jump,10,240,240,1.6226047931593,1.31057033114132,1.32854558152129,1.32854558152129,2.40564225361656,2.40422274314341,2.40482821657542,2.40482821657542,0.4625,0.304166666666667,0.304166666666667,0.304166666666667,0.726569046575834,0.784067603224792,0.784067603224792,24,12,20,0
uniform_64MHz,noisy_reference,2,240,240,1.4055213178773,0.0931961939826682,0.0567132239900167,0.0598744044416926,2.31689661991161,0.153556282062015,0.127817210753282,0.127817210753282,0.591666666666667,0,0,0,0.0708788773503316,0.041365506608591,0.044329128172221,120,0,0,2
uniform_64MHz,noisy_reference,5,240,240,1.4055213178773,0.315030789274863,0.211247986805585,0.21440583988089,2.31689661991161,0.512933261836138,0.415106765507947,0.415106765507947,0.591666666666667,0,0,0,0.260100419678677,0.164943920685462,0.168188841710275,48,0,0,0
uniform_64MHz,noisy_reference,10,240,240,1.4055213178773,0.681592470781679,1.0154013909466,1.0154013909466,2.31689661991161,1.1381158386151,1.95917559226398,1.95917559226398,0.591666666666667,0.191666666666667,0.345833333333333,0.345833333333333,0.577792314695353,0.822084565775708,0.822084565775708,24,0,0,0
uniform_64MHz,strong_stable,2,240,240,0.123986400309581,0.131698153682246,0.132081806696528,0.132074722238462,0.136566183359184,0.157690527723855,0.163322402287336,0.163322402287336,0,0,0,0,0.130949928622507,0.131082753734775,0.131077317375757,120,0,20,0
uniform_64MHz,strong_stable,5,240,240,0.123986400309581,0.130987010225983,0.12975582948737,0.129766682292067,0.136566183359184,0.156985971435049,0.156190754482368,0.156059875595739,0,0,0,0,0.13033925422589,0.12909665975999,0.129107320949882,48,0,20,0
uniform_64MHz,strong_stable,10,240,240,0.123986400309581,0.126704741263112,0.123439625648555,0.123439625648555,0.136566183359184,0.141195999475463,0.135776247505786,0.135776247505786,0,0,0,0,0.126282651731723,0.122962396431665,0.122962396431665,24,0,20,0
