Plan,Condition,Count,PairedFiniteN,FixedRMSE_m,PeriodicRMSE_m,V8RMSE_m,V3RMSE_m,V7RMSE_m,V9BRMSE_m,PeriodicNoV8RMSE_m,V9B1RMSE_m,V8P95_m,V9BP95_m,V9B1P95_m,V8Over1m,V9BOver1m,V9B1Over1m,V8Switches,V3Switches,V7Switches,V9BSwitches,V9B1Switches,V9B1Better,V9B1Worse
uniform_32MHz,LOS_stable,720,720,0.028908832997731,0.0307881658238013,0.0307881658238013,0.0307881658238013,0.0307881658238013,0.0307881658238013,0.0307881658238013,0.0307881658238013,0.0756280909706142,0.0756280909706142,0.0756280909706142,0,0,0,0,0,0,0,0,0,0
uniform_32MHz,light_stable,720,720,0.195780615101781,0.204096582160235,0.204096582160235,0.47903709822344,0.47903709822344,0.266314355790506,1.10951338397013,0.204096582160235,0.245336858244288,0.285589853567053,0.245336858244288,0,0.0125,0,498,636,636,717,0,0,0
uniform_32MHz,linear_drift,720,720,1.32519662074127,0.59787699350878,0.59787699350878,0.607021551587645,0.607021551587645,0.600350389016433,0.604575449275594,0.59787699350878,1.07247051614236,1.07380375621645,1.07247051614236,0.158333333333333,0.158333333333333,0.158333333333333,8,48,48,56,0,0,0
uniform_32MHz,quadratic_drift,720,720,1.08961622394517,0.643967484017359,0.643967484017359,0.671126824193,0.671126824193,0.645863618564577,0.669302264180915,0.643967484017359,1.65339630721148,1.65339630721148,1.65339630721148,0.165277777777778,0.166666666666667,0.165277777777778,15,28,28,43,0,0,0
uniform_32MHz,sudden_jump,720,720,0.699555010709007,0.709291736469522,0.709291736469522,0.709835187635421,0.709835187635421,0.709835187635421,0.709291736469522,0.709291736469522,2.39110661318836,2.39110661318836,2.39110661318836,0.0916666666666667,0.0916666666666667,0.0916666666666667,0,2,2,2,0,0,0
uniform_32MHz,noisy_reference,720,720,1.32589658121736,0.836520501969446,0.836520501969446,0.840224454093214,0.840224454093214,0.839441677033502,0.837306009969255,0.836520501969446,1.92599219592348,1.92599219592348,1.92599219592348,0.247222222222222,0.248611111111111,0.247222222222222,1,66,66,67,0,0,0
uniform_32MHz,strong_stable,720,720,0.413116173755623,0.409441409755724,0.409441409755724,4.34101239447591,4.34101239447591,0.406926560605212,4.34124885848418,0.409441409755724,0.455742603315148,0.455742603315148,0.455742603315148,0,0,0,702,14,14,716,0,0,0
uniform_32MHz,strong_drift,720,720,1.65172478706979,0.382745997100258,0.382745997100258,4.80234782283353,4.80234782283353,0.390146157051415,4.80175229326839,0.382745997100258,0.658739167181425,0.6599540718534,0.658739167181425,0,0.00416666666666667,0,706,11,11,717,0,0,0
uniform_32MHz,light_drift,720,720,1.27940140330228,0.460465224657779,0.460465224657779,0.943112507731977,0.943112507731977,0.552977834093028,1.50043098461531,0.460465224657779,0.876128867387712,1.06808355971878,0.876128867387712,0.00277777777777778,0.0666666666666667,0.00277777777777778,488,627,627,718,0,0,0
uniform_64MHz,LOS_stable,720,720,0.016339816807004,0.0165489615215324,0.0165489615215324,0.0165489615215324,0.0165489615215324,0.0165489615215324,0.0165489615215324,0.0165489615215324,0.0381329772960388,0.0381329772960388,0.0381329772960388,0,0,0,0,0,0,0,0,0,0
uniform_64MHz,light_stable,720,720,0.0594092956222704,0.058818605031746,0.058818605031746,0.478361546644006,0.478361546644006,0.0468562673071707,1.10689906598235,0.0468562673071707,0.0942733965094025,0.0678584562693363,0.0678584562693363,0,0,0,474,635,635,720,246,186,60
uniform_64MHz,linear_drift,720,720,1.35981106905225,0.607561391683607,0.607561391683607,0.607561391696568,0.607561391696568,0.607561391696568,0.607561391683607,0.607561391696328,1.06965545055081,1.06965545055081,1.06965545055081,0.165277777777778,0.165277777777778,0.165277777777778,0,30,30,30,20,0,20
uniform_64MHz,quadratic_drift,720,720,1.10683694111626,0.682016109237974,0.682016109237974,0.682016109237974,0.682016109237974,0.682016109237974,0.682016109237974,0.682016109237974,1.65672583696544,1.65672583696544,1.65672583696544,0.186111111111111,0.186111111111111,0.186111111111111,0,0,0,0,0,0,0
uniform_64MHz,sudden_jump,720,720,0.520131645723448,0.519595494967533,0.519595494967533,0.519595494967533,0.519595494967533,0.519595494967533,0.519595494967533,0.519595494967533,0.0866241180381131,0.0866241180381131,0.0866241180381131,0.0486111111111111,0.0486111111111111,0.0486111111111111,0,0,0,0,0,0,0
uniform_64MHz,noisy_reference,720,720,1.40143931649795,0.870313404509638,0.870313404509638,0.870313495769809,0.870313495769809,0.870313495769809,0.870313404509638,0.870313404509638,1.92016825190225,1.92016825190225,1.92016825190225,0.265277777777778,0.265277777777778,0.265277777777778,0,22,22,22,11,0,11
uniform_64MHz,strong_stable,720,720,0.135158947696828,0.127532738172298,0.127532738172298,4.45933837222346,4.45933837222346,0.127532738172298,4.33966937832304,0.127532738172298,0.176985417226745,0.176985417226745,0.176985417226745,0,0,0,690,394,394,690,0,0,0
uniform_64MHz,strong_drift,720,720,2.21589764787408,1.13746203156587,1.13746203156587,4.88805423315792,4.88805423315792,1.13746203156587,4.7436878688016,1.13746203156587,0.94786459263095,0.94786459263095,0.94786459263095,0.0347222222222222,0.0347222222222222,0.0347222222222222,649,382,382,649,0,0,0
uniform_64MHz,light_drift,720,720,1.61550437270125,0.765804312838578,0.765804312838578,0.958460437514273,0.958460437514273,0.753276447584018,1.54656751972453,0.753276447584016,1.13726948765913,1.13067220976247,1.13067220976247,0.2,0.198611111111111,0.198611111111111,462,613,613,691,227,204,23
