Plan,Condition,Count,PairedFiniteN,RTTRMSE_m,PBRRMSE_m,OriginalRMSE_m,V8RMSE_m,OriginalP95Abs_m,V8P95Abs_m,OriginalOver1mRate,V8Over1mRate,V8SwitchCount,SwitchBetterCount,SwitchWorseCount
uniform_32MHz,strong_only,120,120,4.56927151222369,0.411817545230361,4.56927151222369,0.411817545230361,5.35680442396299,0.445700290716947,1,0,120,120,0
uniform_32MHz,strong_delay_drift,120,120,6.07621101064226,1.97174561359637,5.60668756314976,1.97381767323055,6.45150350505832,2.04740161180553,1,1,94,94,0
uniform_32MHz,strong_cfo_clock,120,120,4.21021120793497,0.415438218253106,4.09665386285613,0.414467013235504,4.51789800226186,0.446146823765074,0.9,0,108,108,0
uniform_32MHz,strong_random_hop,120,120,4.41992773310133,18.0819906602829,4.41992773310133,4.41992773310133,4.97707371356098,4.97707371356098,1,1,0,0,0
uniform_32MHz,strong_phase_drift,120,120,4.43169121091305,0.261343521443382,4.41506702508443,0.26108079927961,5.06768940208521,0.310568820041366,0.983333333333333,0,118,118,0
uniform_32MHz,light_delay_drift,120,120,3.18243764835492,2.18079133669763,2.6827601600426,2.18288706716349,3.19714151998947,2.2467262327417,1,1,56,56,0
uniform_32MHz,los_delay_drift,120,120,1.95584269743643,2.39393585573751,2.3789779465425,2.3789779465425,2.44144826201592,2.44144826201592,1,1,0,0,0
uniform_64MHz,strong_only,120,120,4.42337644501844,0.134152387791237,4.37948319844324,0.134033408862085,4.99303000820931,0.170463297896141,0.966666666666667,0,116,116,0
uniform_64MHz,strong_delay_drift,120,120,6.22034139973572,2.26493847636143,6.07861701550756,2.26518478615727,6.79172409692861,2.28634995897066,1,1,110,110,0
uniform_64MHz,strong_cfo_clock,120,120,4.43905747950571,0.123778745871349,4.42895673344482,0.123749543636634,5.23300691468867,0.140528025159032,0.991666666666667,0,119,119,0
uniform_64MHz,strong_random_hop,120,120,4.49219775581203,16.1710699796964,4.49219775581203,4.49219775581203,5.21252274798827,5.21252274798827,1,1,0,0,0
uniform_64MHz,strong_phase_drift,120,120,4.4444631688043,0.0344875667902138,4.4444631688043,0.0344875667902138,5.12450232088807,0.0485995044438976,1,0,120,120,0
uniform_64MHz,light_delay_drift,120,120,3.11352674250337,2.45821412361833,2.46756522994395,2.45875861055755,2.48846336588965,2.4864428388838,1,1,1,1,0
uniform_64MHz,los_delay_drift,120,120,1.8321968063219,2.39738566638658,2.39686027105965,2.39686027105965,2.41821569470506,2.41821569470506,1,1,0,0,0
