Plan,Condition,Distance_m,N,PairedFiniteN,RMSE_40m,RMSE_20m,RMSE_22m,P95_40m,P95_20m,P95_22m,Alias_40m,Alias_20m,Alias_22m,V8Switch_40m,V8Switch_20m,V8Switch_22m,NearUpper_20m,NearUpper_22m,WorseRows_22vs20
uniform_32MHz,LOS_stable,1,40,40,0.0217764822197987,0.0217764822197987,0.0217764822197987,0.037753068413038,0.037753068413038,0.037753068413038,0,0,0,0,0,0,0,0,0
uniform_32MHz,LOS_stable,3,40,40,0.0272464035338091,0.0272464035338091,0.0272464035338091,0.0675452027578842,0.0675452027578842,0.0675452027578842,0,0,0,0,0,0,0,0,0
uniform_32MHz,LOS_stable,20,40,40,0.0286290694761503,0.0279766015747113,0.0286290691452915,0.0626847510620969,0.0626847523249694,0.0626847529220207,0,0,0,0,0,0,40,0,29
uniform_32MHz,light_stable,1,40,40,0.196567936968014,0.196567936968014,0.196567936968014,0.237106669310485,0.237106669310485,0.237106669310485,0,0,0,28,28,28,0,0,0
uniform_32MHz,light_stable,3,40,40,0.185627585895663,0.185627585895663,0.185627585895663,0.23718972662311,0.23718972662311,0.23718972662311,0,0,0,30,30,30,0,0,0
uniform_32MHz,light_stable,20,40,40,0.197919041323597,0.197900718294476,0.197919041275032,0.243572043744166,0.243571993945093,0.243572043744166,0,0,0,30,30,30,40,0,8
uniform_32MHz,strong_stable,1,40,40,0.426222861022456,0.426222861022456,0.426222861022456,0.484482408517731,0.484482408517731,0.484482408517731,0,0,0,36,36,36,0,0,0
uniform_32MHz,strong_stable,3,40,40,0.425402887299832,0.425402887299832,0.425402887299832,0.478689866012947,0.478689866012947,0.478689866012947,0,0,0,35,35,35,0,0,0
uniform_32MHz,strong_stable,20,40,40,0.429543188533742,0.429543188535421,0.429543188535421,0.476261271567534,0.476261271567534,0.476261271567534,0,0,0,36,36,36,39,0,0
uniform_32MHz,strong_drift,1,40,40,0.391431813106058,0.391431813106058,0.391431813106058,0.645708288028944,0.645708288028944,0.645708288028944,0,0,0,40,40,40,0,0,0
uniform_32MHz,strong_drift,3,40,40,0.388701732567053,0.388701732567053,0.388701732567053,0.642772945538361,0.642772945538361,0.642772945538361,0,0,0,39,39,39,0,0,0
uniform_32MHz,strong_drift,20,40,40,0.396141615331702,0.21400232972159,0.396141615368192,0.651755742460981,0.42878812395006,0.651755742460981,0,0,0,40,40,40,39,0,24
uniform_64MHz,LOS_stable,1,40,40,0.0149601279893081,0.0149601279893081,0.0149601279893081,0.034166453991707,0.034166453991707,0.034166453991707,40,0,0,0,0,0,0,0,0
uniform_64MHz,LOS_stable,3,40,40,0.0198720528556249,0.0198720528556249,0.0198720528556249,0.0496878194458734,0.0496878194458734,0.0496878194458734,0,0,0,0,0,0,0,0,0
uniform_64MHz,LOS_stable,20,40,40,0.0161801215711499,0.00512124021475503,0.0161801215069709,0.0380387283030608,0.0129072605655409,0.0380387283030608,0,0,0,0,0,0,40,0,33
uniform_64MHz,light_stable,1,40,40,1.10372120488046,0.0493862211519491,0.0493862211519491,1.57870444050683,0.0653907952509791,0.0653907952509791,40,0,0,0,26,26,0,0,0
uniform_64MHz,light_stable,3,40,40,0.0522221065372959,0.0522221065372959,0.0522221065372959,0.0674286120224838,0.0674286120224838,0.0674286120224838,0,0,0,28,28,28,0,0,0
uniform_64MHz,light_stable,20,40,40,0.0500077832566508,0.0036492975408834,0.0500077832771871,0.0653644796000279,0.00848878414884879,0.0653644796000279,0,0,0,28,28,28,40,0,39
uniform_64MHz,strong_stable,1,40,40,4.42846229636541,0.132298344393716,0.132298344393716,4.68600506844414,0.180895815075857,0.180895815075857,40,0,0,0,40,40,0,0,0
uniform_64MHz,strong_stable,3,40,40,0.136033227384727,0.136033227384727,0.136033227384727,0.189749271110959,0.189749271110959,0.189749271110959,0,0,0,40,40,40,0,0,0
uniform_64MHz,strong_stable,20,40,40,0.135260495705662,0.135260495726902,0.135260495726902,0.200927430752355,0.200927430752355,0.200927430752355,0,0,0,40,40,40,40,0,0
uniform_64MHz,strong_drift,1,40,40,4.62738823935571,0.569204681528103,0.569204681528103,5.56298287289739,0.957039877414849,0.957039877414849,40,0,0,0,35,35,0,0,0
uniform_64MHz,strong_drift,3,40,40,0.566063879841998,0.566063879841998,0.566063879841998,0.944494243464848,0.944494243464848,0.944494243464848,0,0,0,33,33,33,0,0,0
uniform_64MHz,strong_drift,20,40,40,0.56611152261917,2.33451568054432,0.566111522696911,0.979164030168171,5.2605274052185,0.979164030715793,0,0,0,38,32,38,40,0,24
