Scenario,TrueDistance_m,SNR_dB,Method,N,FiniteN,UsableN,MAE_m,RMSE_m,Bias_m,P95AbsError_m,AbsErrorOver1mRate
LOS,1,0,Raw_RTT,50,50,NaN,0.934401402823292,1.22460139653019,0.127069820174565,2.32589963318814,0.36
LOS,1,0,Calibrated_RTT,50,50,50,0.937059071749858,1.21995789554485,-0.069249012395154,2.2298114003348,0.42
LOS,1,0,Raw_PBR,50,50,NaN,0.0608463002230703,0.0712175207580005,-0.00728810259047045,0.12462264855883,0
LOS,1,0,Calibrated_PBR,50,50,50,0.0963397982953191,0.122011602637309,0.0507468932459374,0.225992078912347,0
LOS,1,0,Fused,50,50,50,0.0965784900062861,0.120108318745916,0.0496268144294161,0.222344717798569,0
LOS,1,10,Raw_RTT,50,50,NaN,0.271559495996438,0.325878324215001,0.0575214008218523,0.536800804587021,0
LOS,1,10,Calibrated_RTT,50,50,50,0.271282548501709,0.321133442155677,0.0154504702221216,0.553150888991478,0
LOS,1,10,Raw_PBR,50,50,NaN,0.0240601457752827,0.0288414545252928,0.00650107280898292,0.0515105759290997,0
LOS,1,10,Calibrated_PBR,50,50,50,0.0379327261825636,0.0460064373612103,0.0177307012338869,0.0813232725425055,0
LOS,1,10,Fused,50,50,50,0.0370041695532312,0.044796204798334,0.017691869115946,0.075308981964328,0
LOS,1,20,Raw_RTT,50,50,NaN,0.0797253924181576,0.100329536132452,0.0197347121679027,0.197053225643155,0
LOS,1,20,Calibrated_RTT,50,50,50,0.079075588243896,0.0983706453367151,0.000476348358687402,0.186357849321017,0
LOS,1,20,Raw_PBR,50,50,NaN,0.0110306834692322,0.0138271233892545,-0.000223701278646331,0.0276035626025012,0
LOS,1,20,Calibrated_PBR,50,50,50,0.0136295959240301,0.0179529231808832,0.00110880183276974,0.0358772579220071,0
LOS,1,20,Fused,50,50,50,0.0132190509916416,0.0176099223358403,0.00109971998457558,0.0356437631253011,0
LOS,1,30,Raw_RTT,50,50,NaN,0.0235001712207552,0.0300080959923307,0.00107708554794654,0.0599555848769545,0
LOS,1,30,Calibrated_RTT,50,50,50,0.0232278260590354,0.0304737982918743,-0.00541541046703804,0.0610877555119992,0
LOS,1,30,Raw_PBR,50,50,NaN,0.00753642682227614,0.0096003357435725,0.00236909502927346,0.019314198714856,0
LOS,1,30,Calibrated_PBR,50,50,50,0.00854480266849864,0.0105238584277988,0.00288823636753975,0.0185623941705356,0
LOS,1,30,Fused,50,50,50,0.00832272569750365,0.0103249127150856,0.00277394469362345,0.0185350607017672,0
LOS,3,0,Raw_RTT,50,50,NaN,0.748182035643678,0.941071818260809,-0.309224467131446,1.58948836993625,0.36
LOS,3,0,Calibrated_RTT,50,50,50,0.827911593199997,1.02253138041075,-0.505543299701166,1.78580720250597,0.42
LOS,3,0,Raw_PBR,50,50,NaN,0.0510281433857473,0.061579758410348,-0.00127514213860871,0.116875043268319,0
LOS,3,0,Calibrated_PBR,50,50,50,0.0823307100942716,0.106384416385489,-0.0050879788256854,0.193131291468822,0
LOS,3,0,Fused,50,50,50,0.0841273625239675,0.10715425786039,-0.00981558386631662,0.186352830565819,0
LOS,3,10,Raw_RTT,50,50,NaN,0.289515418072113,0.373073556436004,0.00646249563895935,0.776413530050225,0
LOS,3,10,Calibrated_RTT,50,50,50,0.295236123326629,0.374713324158989,-0.0356084349607715,0.818484460649956,0
LOS,3,10,Raw_PBR,50,50,NaN,0.0188941564007858,0.0238217630653095,-0.000644581452150597,0.0448377199622376,0
LOS,3,10,Calibrated_PBR,50,50,50,0.0312284722766984,0.0404782834747701,0.00367028537672859,0.0824485394816427,0
LOS,3,10,Fused,50,50,50,0.0315787366359727,0.0407098957877323,0.00314916854660921,0.0827865662368009,0
LOS,3,20,Raw_RTT,50,50,NaN,0.0812992713002511,0.0999418171857682,-0.0139055641532773,0.175709334036009,0
LOS,3,20,Calibrated_RTT,50,50,50,0.084963754117662,0.104378389649745,-0.0331639279624927,0.18361985976648,0
LOS,3,20,Raw_PBR,50,50,NaN,0.0118768691863584,0.0153596862788138,-0.00116558311403484,0.0320337045770663,0
LOS,3,20,Calibrated_PBR,50,50,50,0.0144687258772844,0.0184222191799494,0.0017112480936189,0.037966494977812,0
LOS,3,20,Fused,50,50,50,0.0140546975759916,0.0177551658706974,0.00122911952601121,0.0374589624512352,0
LOS,3,30,Raw_RTT,50,50,NaN,0.0227309838769724,0.0298614414290171,0.00607958616818204,0.0587702054152693,0
LOS,3,30,Calibrated_RTT,50,50,50,0.0218763930817984,0.0292389262932799,-0.000412909846802325,0.0637044871169555,0
LOS,3,30,Raw_PBR,50,50,NaN,0.00895110879933479,0.0107446440417653,0.000706083763351897,0.0206766916219787,0
LOS,3,30,Calibrated_PBR,50,50,50,0.00946993091910419,0.0109702064465778,0.0015747781467167,0.0203378330140495,0
LOS,3,30,Fused,50,50,50,0.00941605058843557,0.0108772092236727,0.00154738586838105,0.0198892753593731,0
LOS,5,0,Raw_RTT,50,50,NaN,0.922933846962044,1.15040152528299,-0.0730138345685617,2.14486181283827,0.34
LOS,5,0,Calibrated_RTT,50,50,50,0.93379564725381,1.17925092110324,-0.269332667138281,2.15218363417476,0.36
LOS,5,0,Raw_PBR,50,50,NaN,0.0590004156423447,0.0766573183774512,-0.00725290335323967,0.146938927736724,0
LOS,5,0,Calibrated_PBR,50,50,50,0.0978857633482901,0.130168273424258,0.0134528700421078,0.268009765214055,0
LOS,5,0,Fused,50,50,50,0.0980006307271024,0.129522070473596,0.0107856472576743,0.258819901195433,0
LOS,5,10,Raw_RTT,50,50,NaN,0.232502900119555,0.288088797060814,0.0499059644028226,0.55064612874967,0
LOS,5,10,Calibrated_RTT,50,50,50,0.227546606214799,0.283841394908612,0.00783503380309211,0.508575198149939,0
LOS,5,10,Raw_PBR,50,50,NaN,0.0195723169827464,0.0245688417894617,-0.00611477810175259,0.0484167786049634,0
LOS,5,10,Calibrated_PBR,50,50,50,0.0288689512155611,0.0347887828088631,0.00397905358164767,0.0604648754728429,0
LOS,5,10,Fused,50,50,50,0.0279421830265023,0.0340753593593377,0.00403573715446825,0.0619734399748655,0
LOS,5,20,Raw_RTT,50,50,NaN,0.0881001357508638,0.110950838341287,-0.000175537699444881,0.217910476248245,0
LOS,5,20,Calibrated_RTT,50,50,50,0.0904506158202431,0.112639843052975,-0.0194339015086603,0.218606166854625,0
LOS,5,20,Raw_PBR,50,50,NaN,0.00947623320110754,0.0121259801201794,-0.000842868998478359,0.0258273158484186,0
LOS,5,20,Calibrated_PBR,50,50,50,0.0120004531667264,0.0160238458849678,7.59082355025242e-05,0.0363991014658986,0
LOS,5,20,Fused,50,50,50,0.0119811752960844,0.0159487181130465,-0.000194292750436329,0.0349098491084757,0
LOS,5,30,Raw_RTT,50,50,NaN,0.0287152149814126,0.0369336681940466,0.00324279538178036,0.0743871878990122,0
LOS,5,30,Calibrated_RTT,50,50,50,0.028361846819243,0.0369342751192613,-0.003249700633204,0.0795501298682178,0
LOS,5,30,Raw_PBR,50,50,NaN,0.00959338203850447,0.0116638984795265,0.0013908775426157,0.0204038776669929,0
LOS,5,30,Calibrated_PBR,50,50,50,0.00952799856355822,0.0113727525071759,0.00257598651287056,0.0189664267174937,0
LOS,5,30,Fused,50,50,50,0.00937682177496754,0.0112132172703818,0.0024957837920163,0.0183621157182862,0
LOS,10,0,Raw_RTT,50,50,NaN,0.842715140006975,1.00862165397927,-0.191450654733067,1.76468194010643,0.42
LOS,10,0,Calibrated_RTT,50,50,50,0.908033438266612,1.06349868968478,-0.387769487302787,1.96100077267615,0.44
LOS,10,0,Raw_PBR,50,50,NaN,0.0609978516640507,0.0734625956806974,0.0142473512223574,0.13630459860792,0
LOS,10,0,Calibrated_PBR,50,50,50,0.106568464477063,0.120783286648164,0.0460841011099004,0.213361989610563,0
LOS,10,0,Fused,50,50,50,0.105300204743457,0.118679737764938,0.0419776069760406,0.2030528337146,0
LOS,10,10,Raw_RTT,50,50,NaN,0.257884419362911,0.31204975477562,-0.0972850197475109,0.520817570250056,0
LOS,10,10,Calibrated_RTT,50,50,50,0.275594496950503,0.327613728780455,-0.139355950347242,0.562888500849788,0
LOS,10,10,Raw_PBR,50,50,NaN,0.0219178012715492,0.027393655264272,0.0016326772449688,0.0511930132264689,0
LOS,10,10,Calibrated_PBR,50,50,50,0.0324502977360774,0.0391101908248137,0.00702002855344467,0.0714680428467991,0
LOS,10,10,Fused,50,50,50,0.0314806254713246,0.0383334038490583,0.00514168820133584,0.0740563129757545,0
LOS,10,20,Raw_RTT,50,50,NaN,0.0862357044506522,0.101852376577755,-0.00195858278088782,0.179682175327173,0
LOS,10,20,Calibrated_RTT,50,50,50,0.0863960797563563,0.10402033162144,-0.0212169465901023,0.185703684350994,0
LOS,10,20,Raw_PBR,50,50,NaN,0.0107038655114372,0.0133867323932916,-0.00276070411220925,0.0271255137181339,0
LOS,10,20,Calibrated_PBR,50,50,50,0.0146507110097932,0.0166696652965581,-0.000743279516879269,0.0253750070857393,0
LOS,10,20,Fused,50,50,50,0.0142106875563162,0.0163495074898632,-0.00102634666558021,0.0256262511705527,0
LOS,10,30,Raw_RTT,50,50,NaN,0.0285848626159434,0.0345072439136056,0.000450828409734605,0.0645703120645086,0
LOS,10,30,Calibrated_RTT,50,50,50,0.029730393151562,0.0350292504017769,-0.00604166760525064,0.0649527848370356,0
LOS,10,30,Raw_PBR,50,50,NaN,0.0112566407741449,0.0139905106032948,0.00317732723837803,0.0247330192007221,0
LOS,10,30,Calibrated_PBR,50,50,50,0.0120263741052342,0.015012847637073,0.00417218055317655,0.0276116593897796,0
LOS,10,30,Fused,50,50,50,0.0118236771395852,0.0147915856927616,0.00403154917736213,0.0271167383902342,0
LOS,15,0,Raw_RTT,50,50,NaN,0.879824962378506,1.1616143999031,-0.0206814246819379,2.25933260536912,0.36
LOS,15,0,Calibrated_RTT,50,50,50,0.910316079766314,1.18152841877911,-0.217000257251658,2.45565143793884,0.36
LOS,15,0,Raw_PBR,50,50,NaN,0.0691182086609195,0.0848074233431084,-0.00492078895645047,0.17209304840282,0
LOS,15,0,Calibrated_PBR,50,50,50,0.105502159706981,0.129669211459654,0.0158737104867076,0.255983844668201,0
LOS,15,0,Fused,50,50,50,0.102126697957316,0.126228967883213,0.0136816360530068,0.257165653573108,0
LOS,15,10,Raw_RTT,50,50,NaN,0.268416479528493,0.332716190667464,-0.0352894940197692,0.678102414982102,0
LOS,15,10,Calibrated_RTT,50,50,50,0.275416263721697,0.339763668512992,-0.0773604246195005,0.636031484382371,0
LOS,15,10,Raw_PBR,50,50,NaN,0.0173579158853804,0.0222906014243364,0.0025794791585928,0.0452615341783071,0
LOS,15,10,Calibrated_PBR,50,50,50,0.0327027171055522,0.0412058355793703,0.00935010680737609,0.0738284162131597,0
LOS,15,10,Fused,50,50,50,0.0334828001271769,0.0415337964121143,0.00822622532731213,0.0757749992242383,0
LOS,15,20,Raw_RTT,50,50,NaN,0.0709763774465815,0.0930343681688592,0.0163038190152987,0.194914291114057,0
LOS,15,20,Calibrated_RTT,50,50,50,0.0693907162771393,0.0916422854420081,-0.00295454479391584,0.195505218982589,0
LOS,15,20,Raw_PBR,50,50,NaN,0.0127575756742439,0.0160648731685963,-0.0013423794688569,0.033524612710125,0
LOS,15,20,Calibrated_PBR,50,50,50,0.0157362644577278,0.0185136861533099,-0.000975099417838088,0.0317923221466381,0
LOS,15,20,Fused,50,50,50,0.0153458374359542,0.0182998328076538,-0.00100188813128799,0.0329749424099521,0
LOS,15,30,Raw_RTT,50,50,NaN,0.0272333155038967,0.0333207755057267,0.00640867068169133,0.061325648783953,0
LOS,15,30,Calibrated_RTT,50,50,50,0.026091500464089,0.0326987774554825,-8.38253332939232e-05,0.0586859324423928,0
LOS,15,30,Raw_PBR,50,50,NaN,0.00825348837251184,0.0107253367234825,-0.00087281943147552,0.0249373556888341,0
LOS,15,30,Calibrated_PBR,50,50,50,0.00907486128166926,0.0112238492396222,0.000281946078550028,0.0229902193167564,0
LOS,15,30,Fused,50,50,50,0.00893823470521816,0.0110672591754696,0.000276922308236252,0.0228166315179263,0
LOS,20,0,Raw_RTT,50,50,NaN,0.727876648945848,0.982775385820331,-0.0191206901007507,1.87532992235449,0.26
LOS,20,0,Calibrated_RTT,50,50,50,0.754579944585883,1.00593043800894,-0.21543952267047,2.01600828303601,0.28
LOS,20,0,Raw_PBR,50,50,NaN,0.0614201062550885,0.0755691815544641,-0.000566241860663226,0.140359586540125,0
LOS,20,0,Calibrated_PBR,50,50,50,0.110787979196659,0.138646690128545,0.00452324053671866,0.279226045189271,0
LOS,20,0,Fused,50,50,50,0.111387835800857,0.139736953336877,0.00246652468740351,0.291529720333312,0
LOS,20,10,Raw_RTT,50,50,NaN,0.232447725517295,0.287807321001575,0.0635586187508334,0.527966179485218,0
LOS,20,10,Calibrated_RTT,50,50,50,0.222721570234078,0.281522781931887,0.021487688151102,0.559660186462817,0
LOS,20,10,Raw_PBR,50,50,NaN,0.0198438577793173,0.0234979524005953,-3.07424088115482e-05,0.0444081487253283,0
LOS,20,10,Calibrated_PBR,50,50,50,0.0329918484269075,0.0377993852269802,0.0101192073622006,0.058028136579113,0
LOS,20,10,Fused,50,50,50,0.0324722490420373,0.0374351317172736,0.0102641875175352,0.0569275926285247,0
LOS,20,20,Raw_RTT,50,50,NaN,0.0932253853419485,0.118375266687159,0.0141684063339029,0.243827614796976,0
LOS,20,20,Calibrated_RTT,50,50,50,0.0897956315190383,0.117634466430183,-0.00508995747531166,0.241901778416055,0
LOS,20,20,Raw_PBR,50,50,NaN,0.011014939780451,0.0143235270687722,-0.00156422325030263,0.0265214109790879,0
LOS,20,20,Calibrated_PBR,50,50,50,0.0153455298956768,0.0186293811832998,-0.00204154699037026,0.0319754329319052,0
LOS,20,20,Fused,50,50,50,0.0147840774086951,0.018192833419055,-0.00208381536794825,0.0302960713863714,0
LOS,20,30,Raw_RTT,50,50,NaN,0.0220043027782182,0.027799263611391,-0.00989797395767951,0.0520763252375218,0
LOS,20,30,Calibrated_RTT,50,50,50,0.0247075737327448,0.0307160654184993,-0.0163904699726648,0.0585688212525071,0
LOS,20,30,Raw_PBR,50,50,NaN,0.00884630570505223,0.0118997709204296,-0.000110228266767223,0.0246180936286253,0
LOS,20,30,Calibrated_PBR,50,50,50,0.00897859830897076,0.0115919531045644,0.00125833471225135,0.0212463899683586,0
LOS,20,30,Fused,50,50,50,0.00882873554969827,0.0114218276153209,0.00101541568006333,0.0211573027524137,0
CFO_clock,1,0,Raw_RTT,50,50,NaN,2.83499833759998,3.02738380914756,2.83499833759998,4.55305986705187,0.98
CFO_clock,1,0,Calibrated_RTT,50,50,50,0.867743295691435,1.09433661018824,-0.264074729393369,1.93771557434907,0.34
CFO_clock,1,0,Raw_PBR,50,50,NaN,6.10759218126667,6.1080807820349,6.10759218126667,6.2179494251376,1
CFO_clock,1,0,Calibrated_PBR,50,50,50,0.115147035021525,0.139837561098359,0.0727292062715138,0.237921198286194,0
CFO_clock,1,0,Fused,50,50,50,0.111349675976064,0.135086764309908,0.0687590452640288,0.245030583664971,0
CFO_clock,1,10,Raw_RTT,50,50,NaN,2.91291515589253,2.93077629378538,2.91291515589253,3.41267076346782,1
CFO_clock,1,10,Calibrated_RTT,50,50,50,0.261015772996966,0.330562435888953,-0.0699753187552326,0.542295575929081,0
CFO_clock,1,10,Raw_PBR,50,50,NaN,6.11231331459702,6.11237932979311,6.11231331459702,6.15545015728868,1
CFO_clock,1,10,Calibrated_PBR,50,50,50,0.0339382397463723,0.0436335660319035,-0.00285719329277221,0.0886818133942424,0
CFO_clock,1,10,Fused,50,50,50,0.0335991107843877,0.0430747088850109,-0.00346039240880256,0.0892967227384391,0
CFO_clock,1,20,Raw_RTT,50,50,NaN,2.97692730358887,2.97871653129869,2.97692730358887,3.13169348843007,1
CFO_clock,1,20,Calibrated_RTT,50,50,50,0.0829518994935571,0.103429286464082,0.00645091616097634,0.190100434468424,0
CFO_clock,1,20,Raw_PBR,50,50,NaN,6.11455859733241,6.11457241639387,6.11455859733241,6.13840712248813,1
CFO_clock,1,20,Calibrated_PBR,50,50,50,0.0122555542747057,0.0154597878594,0.00133322791344087,0.0291159190385291,0
CFO_clock,1,20,Fused,50,50,50,0.0119180385070981,0.0150147976149364,0.00140366842757748,0.0289685962741139,0
CFO_clock,1,30,Raw_RTT,50,50,NaN,2.9713382502416,2.97154506708554,2.9713382502416,3.02160892334055,1
CFO_clock,1,30,Calibrated_RTT,50,50,50,0.0297564656435116,0.035421393840926,-0.00505833668677822,0.0598648344101606,0
CFO_clock,1,30,Raw_PBR,50,50,NaN,6.11457839118687,6.11459460943238,6.11457839118687,6.13859219682693,1
CFO_clock,1,30,Calibrated_PBR,50,50,50,0.0128549295519091,0.0155291483822431,-0.00176637398732778,0.026892733519701,0
CFO_clock,1,30,Fused,50,50,50,0.012667366963081,0.015286252965819,-0.00181163220108212,0.0263084668291195,0
CFO_clock,3,0,Raw_RTT,50,50,NaN,2.82184234326478,3.02713836700092,2.82184234326478,4.40227700851227,0.92
CFO_clock,3,0,Calibrated_RTT,50,50,50,0.859213126368674,1.13032267822334,-0.277230723728574,2.38738314854963,0.36
CFO_clock,3,0,Raw_PBR,50,50,NaN,6.11574201499645,6.11615411022923,6.11574201499645,6.20993205303531,1
CFO_clock,3,0,Calibrated_PBR,50,50,50,0.110412011883784,0.139958631829382,0.059537782419501,0.25834607476979,0
CFO_clock,3,0,Fused,50,50,50,0.108665507707933,0.139406048741304,0.0556110161828893,0.249377603459273,0
CFO_clock,3,10,Raw_RTT,50,50,NaN,3.00318207496894,3.02012227830171,3.00318207496894,3.57002054341348,1
CFO_clock,3,10,Calibrated_RTT,50,50,50,0.260552696450201,0.320074599934392,0.0202916003211731,0.587130068765715,0
CFO_clock,3,10,Raw_PBR,50,50,NaN,6.11030480893171,6.11034991652015,6.11030480893171,6.14453396682312,1
CFO_clock,3,10,Calibrated_PBR,50,50,50,0.0276260014480889,0.0340393533714435,-0.0122988358699017,0.0676798861178597,0
CFO_clock,3,10,Fused,50,50,50,0.0277632987065819,0.033786881731498,-0.0120043304206118,0.0651640957240107,0
CFO_clock,3,20,Raw_RTT,50,50,NaN,2.9705810351789,2.97247913766273,2.9705810351789,3.14020618381704,1
CFO_clock,3,20,Calibrated_RTT,50,50,50,0.0811438505237698,0.106209925274301,0.000104647751004556,0.21681053922755,0
CFO_clock,3,20,Raw_PBR,50,50,NaN,6.11306195684882,6.11307905973863,6.11306195684882,6.13541939315884,1
CFO_clock,3,20,Calibrated_PBR,50,50,50,0.0120298013493408,0.0145072121229632,-0.00356922462254825,0.0279412878325123,0
CFO_clock,3,20,Fused,50,50,50,0.0116977060006477,0.0140840527583694,-0.00351983968610854,0.0274278476895708,0
CFO_clock,3,30,Raw_RTT,50,50,NaN,2.9780407809434,2.97821348229601,2.9780407809434,3.02933446800841,1
CFO_clock,3,30,Calibrated_RTT,50,50,50,0.0263294934946475,0.0321147402561173,0.0016441940150245,0.0597705394201527,0
CFO_clock,3,30,Raw_PBR,50,50,NaN,6.11203602136185,6.11204804559132,6.11203602136185,6.127696263096,1
CFO_clock,3,30,Calibrated_PBR,50,50,50,0.0104987045303414,0.0137528363819216,-0.00373310839792709,0.0306432019475454,0
CFO_clock,3,30,Fused,50,50,50,0.0103101480993489,0.0135651065995327,-0.00365909352694487,0.0302373226284782,0
CFO_clock,5,0,Raw_RTT,50,50,NaN,3.01459542007766,3.2316057707613,3.01459542007766,4.64152880235109,0.92
CFO_clock,5,0,Calibrated_RTT,50,50,50,0.939822024969679,1.16731605989678,-0.0844776469156947,2.23558966189383,0.42
CFO_clock,5,0,Raw_PBR,50,50,NaN,6.12398338890935,6.12448248219287,6.12398338890935,6.256681658594,1
CFO_clock,5,0,Calibrated_PBR,50,50,50,0.120695958441615,0.150294341054043,0.0866553842048949,0.29775390964362,0
CFO_clock,5,0,Fused,50,50,50,0.117929896112919,0.147479897511521,0.0846553795347635,0.299197859367688,0
CFO_clock,5,10,Raw_RTT,50,50,NaN,2.97112596288203,2.98648307158498,2.97112596288203,3.54428410731955,1
CFO_clock,5,10,Calibrated_RTT,50,50,50,0.246179205485333,0.302704564367847,-0.0117645117657395,0.564634501321623,0
CFO_clock,5,10,Raw_PBR,50,50,NaN,6.10816238603023,6.10824025466044,6.10816238603023,6.16083329144352,1
CFO_clock,5,10,Calibrated_PBR,50,50,50,0.0350569195502318,0.0427589404132817,-0.0167253199259401,0.0758988220713596,0
CFO_clock,5,10,Fused,50,50,50,0.0356039667163234,0.0431195943827333,-0.0166774736561697,0.0762014933935135,0
CFO_clock,5,20,Raw_RTT,50,50,NaN,2.9712779915709,2.97288422344363,2.9712779915709,3.11137682912888,1
CFO_clock,5,20,Calibrated_RTT,50,50,50,0.0731606294057949,0.097715635267163,0.000801604143001278,0.212152167418796,0
CFO_clock,5,20,Raw_PBR,50,50,NaN,6.11567602531071,6.11568605245655,6.11567602531071,6.13316498798602,1
CFO_clock,5,20,Calibrated_PBR,50,50,50,0.0116146919506012,0.0144731472178597,9.57852785603741e-05,0.0272948695350958,0
CFO_clock,5,20,Fused,50,50,50,0.0113251773787693,0.0142660495304441,0.00010603217496099,0.0262772741857587,0
CFO_clock,5,30,Raw_RTT,50,50,NaN,2.96942969499935,2.96956883171877,2.96942969499935,3.01827820488991,1
CFO_clock,5,30,Calibrated_RTT,50,50,50,0.0246238978178879,0.0295782074300251,-0.00696689192902426,0.055543794488023,0
CFO_clock,5,30,Raw_PBR,50,50,NaN,6.11489057605924,6.11490113895395,6.11489057605924,6.1314559973043,1
CFO_clock,5,30,Calibrated_PBR,50,50,50,0.0093121061055148,0.0115674856426561,-0.000783781285671647,0.0214835501708639,0
CFO_clock,5,30,Fused,50,50,50,0.00920860559038607,0.0114438960301137,-0.000868915509745687,0.021055079761635,0
CFO_clock,10,0,Raw_RTT,50,50,NaN,2.99674421261837,3.22506671290581,2.99674421261837,4.5919667499726,0.92
CFO_clock,10,0,Calibrated_RTT,50,50,50,0.968949883239022,1.19626528047464,-0.102328854374981,2.58918952485712,0.44
CFO_clock,10,0,Raw_PBR,50,50,NaN,6.11336519057303,6.11389446148671,6.11336519057303,6.2435341156936,1
CFO_clock,10,0,Calibrated_PBR,50,50,50,0.108429749091391,0.132451807372833,0.0644609825046495,0.240907946455578,0
CFO_clock,10,0,Fused,50,50,50,0.107744290490465,0.131612546858434,0.0624585818407708,0.236983421424439,0
CFO_clock,10,10,Raw_RTT,50,50,NaN,2.9489662960017,2.96556344542385,2.9489662960017,3.4889375211235,1
CFO_clock,10,10,Calibrated_RTT,50,50,50,0.257271304526346,0.315143116340823,-0.0339241786460656,0.592042392727323,0
CFO_clock,10,10,Raw_PBR,50,50,NaN,6.10985978895147,6.10990995771336,6.10985978895147,6.1496813543814,1
CFO_clock,10,10,Calibrated_PBR,50,50,50,0.03108773705495,0.0388368726886708,-0.0098611559239432,0.0591669781034211,0
CFO_clock,10,10,Fused,50,50,50,0.0307941118018335,0.0384806615508614,-0.0100869227200183,0.0585961237283244,0
CFO_clock,10,20,Raw_RTT,50,50,NaN,2.96560170384903,2.96714303574442,2.96560170384903,3.09775094346203,1
CFO_clock,10,20,Calibrated_RTT,50,50,50,0.0741570110773629,0.0957501500487807,-0.00487468357886858,0.164702128689155,0
CFO_clock,10,20,Raw_PBR,50,50,NaN,6.11366595096765,6.11367919979471,6.11366595096765,6.13135553814704,1
CFO_clock,10,20,Calibrated_PBR,50,50,50,0.013201730909685,0.0160265357045129,-0.00048363753392497,0.0291648757085894,0
CFO_clock,10,20,Fused,50,50,50,0.0131036324072266,0.0160072648478544,-0.000545012089265526,0.0295119601323287,0
CFO_clock,10,30,Raw_RTT,50,50,NaN,2.96674741231461,2.9669080667719,2.96674741231461,3.01666103918185,1
CFO_clock,10,30,Calibrated_RTT,50,50,50,0.0253135473593255,0.032347716634694,-0.0096491746137626,0.0500779844783583,0
CFO_clock,10,30,Raw_PBR,50,50,NaN,6.11340014044564,6.11341275634766,6.11340014044564,6.13593568752428,1
CFO_clock,10,30,Calibrated_PBR,50,50,50,0.0104176617904799,0.0127776561275385,-0.00237205815668023,0.0239542936111201,0
CFO_clock,10,30,Fused,50,50,50,0.0102012694959859,0.0125230162306794,-0.00247224151569181,0.023528590747168,0
CFO_clock,15,0,Raw_RTT,50,50,NaN,3.09710996773453,3.28939912672719,3.09710996773453,4.96502418453346,0.96
CFO_clock,15,0,Calibrated_RTT,50,50,50,0.870458554688364,1.10817882872384,-0.00196309925882289,2.14334265554551,0.38
CFO_clock,15,0,Raw_PBR,50,50,NaN,6.10043992298661,6.10099323524568,6.10043992298661,6.229413046157,1
CFO_clock,15,0,Calibrated_PBR,50,50,50,0.102598916077702,0.122827467012285,0.0578870085228779,0.199768724981775,0
CFO_clock,15,0,Fused,50,50,50,0.102125212331431,0.121014366414801,0.05708887390999,0.194922897733303,0
CFO_clock,15,10,Raw_RTT,50,50,NaN,3.00662549744743,3.02003303250865,3.00662549744743,3.49440272132828,1
CFO_clock,15,10,Calibrated_RTT,50,50,50,0.226730071860144,0.285247238110497,0.0237350227996698,0.568040474300463,0
CFO_clock,15,10,Raw_PBR,50,50,NaN,6.1080167671798,6.10806639595874,6.1080167671798,6.14892552092397,1
CFO_clock,15,10,Calibrated_PBR,50,50,50,0.0298172341841452,0.0374520790682912,-0.0135502794945492,0.0758568676230157,0
CFO_clock,15,10,Fused,50,50,50,0.0295578296935051,0.0367382515692801,-0.0132111602127949,0.0731296863613925,0
CFO_clock,15,20,Raw_RTT,50,50,NaN,2.98251326132059,2.98395491321107,2.98251326132059,3.14141055554837,1
CFO_clock,15,20,Calibrated_RTT,50,50,50,0.0782496503238758,0.0935224917142795,0.0120368738926879,0.181832122476184,0
CFO_clock,15,20,Raw_PBR,50,50,NaN,6.11356889780173,6.11358272977343,6.11356889780173,6.13483347973256,1
CFO_clock,15,20,Calibrated_PBR,50,50,50,0.0134493428901465,0.0176556172449287,-0.00100903357392177,0.0327263476455605,0
CFO_clock,15,20,Fused,50,50,50,0.0129782138318558,0.0171242713353249,-0.000829522920943049,0.0320803484881875,0
CFO_clock,15,30,Raw_RTT,50,50,NaN,2.97918043401834,2.97941570921878,2.97918043401834,3.03817068278129,1
CFO_clock,15,30,Calibrated_RTT,50,50,50,0.0313294982570751,0.0375454352294089,0.00278384708996654,0.0640326213134884,0
CFO_clock,15,30,Raw_PBR,50,50,NaN,6.11418845569569,6.11419915911029,6.11418845569569,6.1331284462177,1
CFO_clock,15,30,Calibrated_PBR,50,50,50,0.00996680899000385,0.0119395828681871,-0.00254952681782161,0.0233224912269638,0
CFO_clock,15,30,Fused,50,50,50,0.00993022531968286,0.0119260482844908,-0.0024761398129904,0.0230000899234402,0
CFO_clock,20,0,Raw_RTT,50,50,NaN,2.85771987829288,3.07563686601866,2.85771987829288,4.82298641786859,0.94
CFO_clock,20,0,Calibrated_RTT,50,50,50,0.938392444357137,1.16242444507962,-0.241353188700468,2.18363861520699,0.42
CFO_clock,20,0,Raw_PBR,50,50,NaN,6.10432201544499,6.10472894686912,6.10432201544499,6.1925140368308,1
CFO_clock,20,0,Calibrated_PBR,50,50,50,0.0961625051943576,0.122364707206604,0.0589005983890723,0.218467416251854,0
CFO_clock,20,0,Fused,50,50,50,0.0925722116696642,0.117555253710974,0.0554161097093481,0.209543434856996,0
CFO_clock,20,10,Raw_RTT,50,50,NaN,2.97756530821022,2.99371777373064,2.97756530821022,3.46036589204531,1
CFO_clock,20,10,Calibrated_RTT,50,50,50,0.249148787894196,0.310611174124992,-0.00532516643754874,0.661907560332234,0
CFO_clock,20,10,Raw_PBR,50,50,NaN,6.12026537233315,6.12030418474081,6.12026537233315,6.15606813329115,1
CFO_clock,20,10,Calibrated_PBR,50,50,50,0.0325996059898214,0.0403551129104399,-0.00569394806933595,0.080610603974196,0
CFO_clock,20,10,Fused,50,50,50,0.0322835915721026,0.0393328157699331,-0.00570085525824517,0.0776040693020736,0
CFO_clock,20,20,Raw_RTT,50,50,NaN,2.98151091717339,2.98405052291698,2.98151091717339,3.21052228152221,1
CFO_clock,20,20,Calibrated_RTT,50,50,50,0.102553079221184,0.12357967043044,0.0110345297454932,0.248905706579541,0
CFO_clock,20,20,Raw_PBR,50,50,NaN,6.11007500742993,6.11008674680005,6.11007500742993,6.12899638012472,1
CFO_clock,20,20,Calibrated_PBR,50,50,50,0.00989218137502398,0.0116133913509031,-0.00343779616610085,0.0215536178039446,0
CFO_clock,20,20,Fused,50,50,50,0.00998474800242448,0.0115966703510466,-0.0032381611214106,0.0216991435214215,0
CFO_clock,20,30,Raw_RTT,50,50,NaN,2.97510424261187,2.97531494564765,2.97510424261187,3.03072208926589,1
CFO_clock,20,30,Calibrated_RTT,50,50,50,0.0282365965947007,0.0354322105003037,-0.00129234431650524,0.066109430381355,0
CFO_clock,20,30,Raw_PBR,50,50,NaN,6.11364237301541,6.11365670859414,6.11364237301541,6.13460858604052,1
CFO_clock,20,30,Calibrated_PBR,50,50,50,0.0112917810902082,0.0136842636152065,-0.00289743337580425,0.024304866112406,0
CFO_clock,20,30,Fused,50,50,50,0.011133088669277,0.013467268427448,-0.00287534282551313,0.0239010374469055,0
Light_multipath,1,0,Raw_RTT,50,50,NaN,1.50292077793033,1.64430816031479,1.486605937648,2.71496964629153,0.76
Light_multipath,1,0,Calibrated_RTT,50,50,50,1.55202829580104,1.69069710654156,1.53775960209665,2.76612331074018,0.82
Light_multipath,1,0,Raw_PBR,50,50,NaN,1.25464667341699,1.25642175785542,1.25464667341699,1.36775855588036,1
Light_multipath,1,0,Calibrated_PBR,50,50,50,1.25786137889723,1.26300186587529,1.25786137889723,1.43484157032434,1
Light_multipath,1,0,Fused,50,50,50,1.26043272271415,1.26542065880856,1.26043272271415,1.43317503400036,1
Light_multipath,1,10,Raw_RTT,50,50,NaN,1.33147067116153,1.34896133242581,1.33147067116153,1.70053132905601,0.94
Light_multipath,1,10,Calibrated_RTT,50,50,50,1.32988647698586,1.34739770293947,1.32988647698586,1.69894713488035,0.94
Light_multipath,1,10,Raw_PBR,50,50,NaN,1.22740818881949,1.22768625465148,1.22740818881949,1.2730825750585,1
Light_multipath,1,10,Calibrated_PBR,50,50,50,1.22075404070917,1.22128462285564,1.22075404070917,1.27177844166259,1
Light_multipath,1,10,Fused,50,50,50,1.22221965668347,1.22274158473589,1.22221965668347,1.27004965771447,1
Light_multipath,1,20,Raw_RTT,50,50,NaN,1.31328398616562,1.31543849270039,1.31328398616562,1.41802762547009,1
Light_multipath,1,20,Calibrated_RTT,50,50,50,1.33787393399009,1.33998890406187,1.33787393399009,1.44261757329456,1
Light_multipath,1,20,Raw_PBR,50,50,NaN,1.23508947469035,1.23516181264006,1.23508947469035,1.26009633804172,1
Light_multipath,1,20,Calibrated_PBR,50,50,50,1.23991115141644,1.24001506609366,1.23991115141644,1.26807871692304,1
Light_multipath,1,20,Fused,50,50,50,1.24132027775204,1.24142003298299,1.24132027775204,1.27022484778282,1
Light_multipath,1,30,Raw_RTT,50,50,NaN,1.32094327614053,1.32112309360785,1.32094327614053,1.35695906457637,1
Light_multipath,1,30,Calibrated_RTT,50,50,50,1.31915490353855,1.31933496475039,1.31915490353855,1.35517069197439,1
Light_multipath,1,30,Raw_PBR,50,50,NaN,1.23436157880893,1.2344092731614,1.23436157880893,1.25503050433252,1
Light_multipath,1,30,Calibrated_PBR,50,50,50,1.23825624473494,1.23830941081471,1.23825624473494,1.26033830163555,1
Light_multipath,1,30,Fused,50,50,50,1.23937430677316,1.23942575926587,1.23937430677316,1.2612639626464,1
Light_multipath,3,0,Raw_RTT,50,50,NaN,1.21521358863174,1.36078010981611,1.20249016327999,2.03856204780189,0.68
Light_multipath,3,0,Calibrated_RTT,50,50,50,1.26227495992451,1.4061873137275,1.25364382772864,2.08971571225054,0.68
Light_multipath,3,0,Raw_PBR,50,50,NaN,1.24102663315931,1.24298293606743,1.24102663315931,1.33980676134155,1
Light_multipath,3,0,Calibrated_PBR,50,50,50,1.24283414331491,1.24815117174944,1.24283414331491,1.41679612569629,0.98
Light_multipath,3,0,Fused,50,50,50,1.24293433428603,1.24823512731467,1.24293433428603,1.41322682309659,0.98
Light_multipath,3,10,Raw_RTT,50,50,NaN,1.31110826977519,1.32944540854285,1.31110826977519,1.65203206982783,0.92
Light_multipath,3,10,Calibrated_RTT,50,50,50,1.30952407559952,1.32788309116336,1.30952407559952,1.65044787565216,0.92
Light_multipath,3,10,Raw_PBR,50,50,NaN,1.23349131188716,1.23373903241263,1.23349131188716,1.27316515980575,1
Light_multipath,3,10,Calibrated_PBR,50,50,50,1.23245609636038,1.23300337465713,1.23245609636038,1.28451214776285,1
Light_multipath,3,10,Fused,50,50,50,1.23350049372432,1.23403838765553,1.23350049372432,1.28505490560527,1
Light_multipath,3,20,Raw_RTT,50,50,NaN,1.31307085987056,1.31453733655757,1.31307085987056,1.40652513662732,1
Light_multipath,3,20,Calibrated_RTT,50,50,50,1.33766080769503,1.33910035568884,1.33766080769503,1.43111508445178,1
Light_multipath,3,20,Raw_PBR,50,50,NaN,1.23323789085288,1.23331495294469,1.23323789085288,1.25622489193,1
Light_multipath,3,20,Calibrated_PBR,50,50,50,1.23617777329593,1.23625446894557,1.23617777329593,1.25636529378788,1
Light_multipath,3,20,Fused,50,50,50,1.237638146138,1.23771167690942,1.237638146138,1.25693669634363,1
Light_multipath,3,30,Raw_RTT,50,50,NaN,1.32191774306393,1.32213622941538,1.32191774306393,1.35822778159625,1
Light_multipath,3,30,Calibrated_RTT,50,50,50,1.32012937046195,1.32034815274675,1.32012937046195,1.35643940899428,1
Light_multipath,3,30,Raw_PBR,50,50,NaN,1.23105319860208,1.2311082220145,1.23105319860208,1.24928528585904,1
Light_multipath,3,30,Calibrated_PBR,50,50,50,1.23493606002097,1.23499445560479,1.23493606002097,1.25387534517061,1
Light_multipath,3,30,Fused,50,50,50,1.23611353891385,1.23617011210734,1.23611353891385,1.25455560713717,1
Light_multipath,5,0,Raw_RTT,50,50,NaN,1.32199701499914,1.46649771244221,1.29305739585832,2.15653757685919,0.76
Light_multipath,5,0,Calibrated_RTT,50,50,50,1.36547196885762,1.51179412826811,1.34421106030697,2.20769124130785,0.76
Light_multipath,5,0,Raw_PBR,50,50,NaN,1.22937852188119,1.2310561874582,1.22937852188119,1.33338529561413,1
Light_multipath,5,0,Calibrated_PBR,50,50,50,1.22737086561618,1.23145364084687,1.22737086561618,1.37109593781021,1
Light_multipath,5,0,Fused,50,50,50,1.2284485712419,1.2324352462288,1.2284485712419,1.36562604985737,1
Light_multipath,5,10,Raw_RTT,50,50,NaN,1.31717920822443,1.33417579304067,1.31717920822443,1.63821125105788,0.96
Light_multipath,5,10,Calibrated_RTT,50,50,50,1.31559501404876,1.33261180437025,1.31559501404876,1.63662705688222,0.96
Light_multipath,5,10,Raw_PBR,50,50,NaN,1.22980763686707,1.23008170948015,1.22980763686707,1.27637175554252,1
Light_multipath,5,10,Calibrated_PBR,50,50,50,1.22961661483177,1.23024274884275,1.22961661483177,1.30400207862326,1
Light_multipath,5,10,Fused,50,50,50,1.23077956806192,1.23137823777709,1.23077956806192,1.30736705141952,1
Light_multipath,5,20,Raw_RTT,50,50,NaN,1.32722787084064,1.32851774371092,1.32722787084064,1.42634359045091,1
Light_multipath,5,20,Calibrated_RTT,50,50,50,1.35181781866511,1.35308425054727,1.35181781866511,1.45093353827537,1
Light_multipath,5,20,Raw_PBR,50,50,NaN,1.22958310607024,1.22965655801518,1.22958310607024,1.24841294734323,1
Light_multipath,5,20,Calibrated_PBR,50,50,50,1.23262954494132,1.23271808434385,1.23262954494132,1.25637265467879,1
Light_multipath,5,20,Fused,50,50,50,1.23434432378732,1.23443511738864,1.23434432378732,1.2587611775859,1
Light_multipath,5,30,Raw_RTT,50,50,NaN,1.31796591127812,1.31819537093699,1.31796591127812,1.35781334320038,1
Light_multipath,5,30,Calibrated_RTT,50,50,50,1.31617753867614,1.3164073100618,1.31617753867614,1.3560249705984,1
Light_multipath,5,30,Raw_PBR,50,50,NaN,1.22994660494264,1.22998880263843,1.22994660494264,1.24779121873184,1
Light_multipath,5,30,Calibrated_PBR,50,50,50,1.23346472151933,1.23351059793903,1.23346472151933,1.25224237571913,1
Light_multipath,5,30,Fused,50,50,50,1.23460785535239,1.2346519103042,1.23460785535239,1.25313817147398,1
Light_multipath,10,0,Raw_RTT,50,50,NaN,1.33993626340402,1.48051630917692,1.33993626340402,2.30873074191164,0.74
Light_multipath,10,0,Calibrated_RTT,50,50,50,1.39108992785268,1.5269677596881,1.39108992785268,2.3598844063603,0.74
Light_multipath,10,0,Raw_PBR,50,50,NaN,1.24340229162678,1.24537799886887,1.24340229162678,1.36362950184405,1
Light_multipath,10,0,Calibrated_PBR,50,50,50,1.25503958230643,1.25928479740716,1.25503958230643,1.44392971590671,1
Light_multipath,10,0,Fused,50,50,50,1.25628193431767,1.260425683948,1.25628193431767,1.44015749576011,1
Light_multipath,10,10,Raw_RTT,50,50,NaN,1.34853986932966,1.36830848415656,1.34853986932966,1.77644940830556,0.96
Light_multipath,10,10,Calibrated_RTT,50,50,50,1.34695567515399,1.36674720393814,1.34695567515399,1.77486521412989,0.96
Light_multipath,10,10,Raw_PBR,50,50,NaN,1.23464775755296,1.2348726239141,1.23464775755296,1.26830946476431,1
Light_multipath,10,10,Calibrated_PBR,50,50,50,1.2325709046752,1.23291440781754,1.2325709046752,1.2791505530194,1
Light_multipath,10,10,Fused,50,50,50,1.23412040678083,1.23444114961517,1.23412040678083,1.27953231452665,1
Light_multipath,10,20,Raw_RTT,50,50,NaN,1.30620001071362,1.30794053929308,1.30620001071362,1.39026139792079,1
Light_multipath,10,20,Calibrated_RTT,50,50,50,1.33078995853809,1.33249836776028,1.33078995853809,1.41485134574526,1
Light_multipath,10,20,Raw_PBR,50,50,NaN,1.23070631521003,1.2307674929643,1.23070631521003,1.25035466508797,1
Light_multipath,10,20,Calibrated_PBR,50,50,50,1.23258673385804,1.23267544065108,1.23258673385804,1.25804294183969,1
Light_multipath,10,20,Fused,50,50,50,1.23399888499885,1.23408246960999,1.23399888499885,1.25870491384903,1
Light_multipath,10,30,Raw_RTT,50,50,NaN,1.31674247210992,1.31689878445814,1.31674247210992,1.35246583202494,1
Light_multipath,10,30,Calibrated_RTT,50,50,50,1.31495409950794,1.31511062441983,1.31495409950794,1.35067745942296,1
Light_multipath,10,30,Raw_PBR,50,50,NaN,1.23043127191252,1.230486156584,1.23043127191252,1.24727968698182,1
Light_multipath,10,30,Calibrated_PBR,50,50,50,1.2345974925448,1.23465670046891,1.2345974925448,1.25218463261225,1
Light_multipath,10,30,Fused,50,50,50,1.23570807301163,1.23576546005462,1.23570807301163,1.25294269342302,1
Light_multipath,15,0,Raw_RTT,50,50,NaN,1.13619868788456,1.35016184214638,1.12484429290066,2.30559391715113,0.56
Light_multipath,15,0,Calibrated_RTT,50,50,50,1.18203438443795,1.39306622685595,1.17599795734932,2.35674758159979,0.56
Light_multipath,15,0,Raw_PBR,50,50,NaN,1.22236861574952,1.2244743928612,1.22236861574952,1.3241799153373,1
Light_multipath,15,0,Calibrated_PBR,50,50,50,1.22533919978005,1.22924979191968,1.22533919978005,1.3774066092732,0.98
Light_multipath,15,0,Fused,50,50,50,1.224865149753,1.22867987612992,1.224865149753,1.38431986270397,1
Light_multipath,15,10,Raw_RTT,50,50,NaN,1.29415773540461,1.31201530794278,1.29415773540461,1.65141503028401,0.94
Light_multipath,15,10,Calibrated_RTT,50,50,50,1.29257354122894,1.31045270179955,1.29257354122894,1.64983083610834,0.94
Light_multipath,15,10,Raw_PBR,50,50,NaN,1.23011405544629,1.23031329852886,1.23011405544629,1.26783551123403,1
Light_multipath,15,10,Calibrated_PBR,50,50,50,1.22286340262851,1.22331119150346,1.22286340262851,1.26828942967529,1
Light_multipath,15,10,Fused,50,50,50,1.22380322389173,1.22423212638679,1.22380322389173,1.26963709140669,1
Light_multipath,15,20,Raw_RTT,50,50,NaN,1.309761137481,1.31166491700792,1.309761137481,1.43991489406976,1
Light_multipath,15,20,Calibrated_RTT,50,50,50,1.33435108530547,1.33621983075755,1.33435108530547,1.46450484189422,1
Light_multipath,15,20,Raw_PBR,50,50,NaN,1.23292371171249,1.23300365663443,1.23292371171249,1.25463859034048,1
Light_multipath,15,20,Calibrated_PBR,50,50,50,1.23736963099643,1.23746530577485,1.23736963099643,1.26347519607552,1
Light_multipath,15,20,Fused,50,50,50,1.23876508328469,1.23885832304813,1.23876508328469,1.26478043679053,1
Light_multipath,15,30,Raw_RTT,50,50,NaN,1.31355373962975,1.31372921262294,1.31355373962975,1.34844475477445,1
Light_multipath,15,30,Calibrated_RTT,50,50,50,1.31176536702778,1.31194107921701,1.31176536702778,1.34665638217247,1
Light_multipath,15,30,Raw_PBR,50,50,NaN,1.23143512521383,1.23150357304595,1.23143512521383,1.25297421059708,1
Light_multipath,15,30,Calibrated_PBR,50,50,50,1.23608147306572,1.23615551060022,1.23608147306572,1.25613856068829,1
Light_multipath,15,30,Fused,50,50,50,1.23712742426989,1.23720013815527,1.23712742426989,1.25698083849881,1
Light_multipath,20,0,Raw_RTT,50,50,NaN,1.40114415688003,1.5926823148593,1.3968158672831,2.5727404135665,0.62
Light_multipath,20,0,Calibrated_RTT,50,50,50,1.45025167475074,1.63772957285238,1.44796953173175,2.62389407801516,0.68
Light_multipath,20,0,Raw_PBR,50,50,NaN,1.22810489754471,1.22965810967144,1.22810489754471,1.31693951546757,1
Light_multipath,20,0,Calibrated_PBR,50,50,50,1.20406235088484,1.20904944495188,1.20406235088484,1.36629225729542,0.98
Light_multipath,20,0,Fused,50,50,50,1.20631280853644,1.21124233474239,1.20631280853644,1.37548614891668,0.98
Light_multipath,20,10,Raw_RTT,50,50,NaN,1.32763172886983,1.34355991437558,1.32763172886983,1.63458206426558,0.94
Light_multipath,20,10,Calibrated_RTT,50,50,50,1.32604753469417,1.3419945231943,1.32604753469417,1.63299787008992,0.92
Light_multipath,20,10,Raw_PBR,50,50,NaN,1.23664828305252,1.23685750559201,1.23664828305252,1.2754928843192,1
Light_multipath,20,10,Calibrated_PBR,50,50,50,1.23450187751857,1.23483112386841,1.23450187751857,1.28253400010614,1
Light_multipath,20,10,Fused,50,50,50,1.23573395273844,1.23605895559121,1.23573395273844,1.28101796596369,1
Light_multipath,20,20,Raw_RTT,50,50,NaN,1.31008827454678,1.31221472679813,1.31008827454678,1.42301302976587,1
Light_multipath,20,20,Calibrated_RTT,50,50,50,1.33467822237124,1.33676555887448,1.33467822237124,1.44760297759033,1
Light_multipath,20,20,Raw_PBR,50,50,NaN,1.235205772611,1.23528702284377,1.235205772611,1.2614995333663,1
Light_multipath,20,20,Calibrated_PBR,50,50,50,1.23821530659897,1.23831291973512,1.23821530659897,1.26597338395762,1
Light_multipath,20,20,Fused,50,50,50,1.23960290777176,1.23969794853051,1.23960290777176,1.26667077495488,1
Light_multipath,20,30,Raw_RTT,50,50,NaN,1.31429438184072,1.31449643089591,1.31429438184072,1.35301519500085,1
Light_multipath,20,30,Calibrated_RTT,50,50,50,1.31250600923875,1.31270833355617,1.31250600923875,1.35122682239887,1
Light_multipath,20,30,Raw_PBR,50,50,NaN,1.23267777158108,1.23273739569654,1.23267777158108,1.25252689431184,1
Light_multipath,20,30,Calibrated_PBR,50,50,50,1.23648326855141,1.23653737276674,1.23648326855141,1.25438115081279,1
Light_multipath,20,30,Fused,50,50,50,1.23753385271683,1.23758642033029,1.23753385271683,1.2547535551718,1
Sparse_alias,1,0,Raw_RTT,50,50,NaN,0.966830571909971,1.22690640489477,0.0370307110898027,2.42293920205129,0.42
Sparse_alias,1,0,Calibrated_RTT,50,50,50,0.97555092625093,1.23741188864455,0.165106418260708,2.3860624560148,0.42
Sparse_alias,1,0,Raw_PBR,50,50,NaN,0.0504463324333904,0.0662278194033099,-0.00314063309524773,0.132983169940672,0
Sparse_alias,1,0,Calibrated_PBR,50,50,50,0.049566028434184,0.0631009138185196,-0.00684349600799388,0.125777145730458,0
Sparse_alias,1,0,Fused,50,50,50,0.0488663010069421,0.062516536727556,-0.00629109956726683,0.125341286180146,0
Sparse_alias,1,10,Raw_RTT,50,50,NaN,0.252330866381828,0.353403279163632,-0.0210554512241745,0.78459178284954,0.02
Sparse_alias,1,10,Calibrated_RTT,50,50,50,0.256521671359448,0.359646936965921,-0.0699669462790446,0.833503277904411,0.02
Sparse_alias,1,10,Raw_PBR,50,50,NaN,0.0176199499648436,0.0216587843563402,-0.00156016501807838,0.0407076135276581,0
Sparse_alias,1,10,Calibrated_PBR,50,50,50,0.0194275990547258,0.023096758438247,-0.00576623183039642,0.0439557300476229,0
Sparse_alias,1,10,Fused,50,50,50,0.0192232253356741,0.0231046559120174,-0.00603834617678136,0.0440801506090588,0
Sparse_alias,1,20,Raw_RTT,50,50,NaN,0.0709301648418245,0.089634362433517,0.018873407235814,0.172514352557704,0
Sparse_alias,1,20,Calibrated_RTT,50,50,50,0.0705419858847049,0.0911043374503961,-0.0249376597559084,0.172775574442859,0
Sparse_alias,1,20,Raw_PBR,50,50,NaN,0.00907200121118286,0.0113825025459617,0.000797500422951103,0.0222687583707442,0
Sparse_alias,1,20,Calibrated_PBR,50,50,50,0.00978737865237588,0.0127609939832413,-0.00444473425146759,0.026673124369953,0
Sparse_alias,1,20,Fused,50,50,50,0.00994433576194875,0.0128086831516979,-0.0046099319050051,0.0263430055337673,0
Sparse_alias,1,30,Raw_RTT,50,50,NaN,0.0253579657661576,0.0327390570899055,0.00233241088592813,0.0651858392565543,0
Sparse_alias,1,30,Calibrated_RTT,50,50,50,0.0255929440585877,0.032850412549623,0.00356985799229195,0.0653095839671907,0
Sparse_alias,1,30,Raw_PBR,50,50,NaN,0.00768896566741719,0.00990648290095832,0.000750109399071195,0.0178755594747197,0
Sparse_alias,1,30,Calibrated_PBR,50,50,50,0.00758276000291487,0.00999438733287785,0.000758602508775288,0.0194554568385712,0
Sparse_alias,1,30,Fused,50,50,50,0.00751895214453503,0.00989896745947914,0.00078313980718008,0.0190257696173677,0
Sparse_alias,3,0,Raw_RTT,50,50,NaN,0.928514069707213,1.17483439935824,-0.0591827707789711,2.24713585100837,0.44
Sparse_alias,3,0,Calibrated_RTT,50,50,50,0.919387021698174,1.17536356173018,0.0688929363919341,2.23432828029128,0.44
Sparse_alias,3,0,Raw_PBR,50,50,NaN,0.0439949684828811,0.0528972943051271,0.00595843825109721,0.0974313493489625,0
Sparse_alias,3,0,Calibrated_PBR,50,50,50,0.045803893680669,0.0561766816923938,-0.00126970615760788,0.104221599460631,0
Sparse_alias,3,0,Fused,50,50,50,0.0460844081375881,0.0559450501731067,-0.00107412169298714,0.110633810447331,0
Sparse_alias,3,10,Raw_RTT,50,50,NaN,0.230664098279548,0.28282190954742,0.0218397271775512,0.533746251720696,0
Sparse_alias,3,10,Calibrated_RTT,50,50,50,0.230756765155734,0.283273965363678,-0.0270717678773192,0.531689085777972,0
Sparse_alias,3,10,Raw_PBR,50,50,NaN,0.0180098796381981,0.0220391701483063,-0.00227841861360739,0.0418818238171541,0
Sparse_alias,3,10,Calibrated_PBR,50,50,50,0.017926940374228,0.0225828637213746,-0.00621286795042036,0.0430621945147319,0
Sparse_alias,3,10,Fused,50,50,50,0.0180741965850469,0.0225043856059986,-0.00630499374554684,0.0415395020137185,0
Sparse_alias,3,20,Raw_RTT,50,50,NaN,0.0786587296822267,0.098973111470619,-0.00423485363520651,0.204900304716657,0
Sparse_alias,3,20,Calibrated_RTT,50,50,50,0.0848679400413455,0.109937042427714,-0.0480459206269287,0.233995547261724,0
Sparse_alias,3,20,Raw_PBR,50,50,NaN,0.00924426345647897,0.0115998068620604,-0.000711973435023827,0.0201060669445208,0
Sparse_alias,3,20,Calibrated_PBR,50,50,50,0.0108402091401012,0.0131909982898174,-0.00618037405754326,0.0243402652990634,0
Sparse_alias,3,20,Fused,50,50,50,0.0109271103811147,0.0133836611794907,-0.00651906064250483,0.0255907212184947,0
Sparse_alias,3,30,Raw_RTT,50,50,NaN,0.0269433462641353,0.0335164880771629,-0.00305355572617339,0.0620647384987547,0
Sparse_alias,3,30,Calibrated_RTT,50,50,50,0.0266704121400861,0.0334264718594814,-0.00181610861980975,0.060827291392391,0
Sparse_alias,3,30,Raw_PBR,50,50,NaN,0.00726850587977839,0.00871041363505394,0.000879131063570355,0.0167855358457272,0
Sparse_alias,3,30,Calibrated_PBR,50,50,50,0.00729071605124365,0.00877391989730702,0.000888855626636316,0.0165598944720529,0
Sparse_alias,3,30,Fused,50,50,50,0.00724705975863696,0.00874967370671751,0.000865228483422911,0.0168657257316156,0
Sparse_alias,5,0,Raw_RTT,50,50,NaN,0.678396428089065,0.862198452540945,-0.0997859440053113,1.72469102291892,0.28
Sparse_alias,5,0,Calibrated_RTT,50,50,50,0.662311153095938,0.856871780164882,0.0282897631655936,1.63501905994419,0.24
Sparse_alias,5,0,Raw_PBR,50,50,NaN,0.0529059533011703,0.0633919940762853,0.0112453505990964,0.12099364197722,0
Sparse_alias,5,0,Calibrated_PBR,50,50,50,0.0536346261155987,0.0651522424430148,0.00708284027701186,0.108540936100115,0
Sparse_alias,5,0,Fused,50,50,50,0.0531082867346529,0.0644439458125671,0.00715885215006237,0.108825127213096,0
Sparse_alias,5,10,Raw_RTT,50,50,NaN,0.275522203553173,0.332593493069207,-0.0760198290657696,0.623562441396002,0
Sparse_alias,5,10,Calibrated_RTT,50,50,50,0.289592854572732,0.347055115172395,-0.12493132412064,0.608222505308718,0
Sparse_alias,5,10,Raw_PBR,50,50,NaN,0.0169813622384041,0.0216389518721019,0.00288024677315388,0.041741169991615,0
Sparse_alias,5,10,Calibrated_PBR,50,50,50,0.0182661691960514,0.0220496117384095,-0.00194711815579602,0.0427498722580529,0
Sparse_alias,5,10,Fused,50,50,50,0.0183937433143834,0.0220904548722357,-0.0024670878193389,0.0418878366173476,0
Sparse_alias,5,20,Raw_RTT,50,50,NaN,0.0783137932615441,0.0954381148755337,0.0180941664728052,0.189345500369225,0
Sparse_alias,5,20,Calibrated_RTT,50,50,50,0.0768849477773393,0.0971719809561885,-0.0257169005189171,0.189926570182541,0
Sparse_alias,5,20,Raw_PBR,50,50,NaN,0.00864618328901932,0.0106626521241685,0.00419014872729532,0.0206104585752571,0
Sparse_alias,5,20,Calibrated_PBR,50,50,50,0.00824275318475344,0.0102023188248171,-0.00140016785093788,0.0158675727810048,0
Sparse_alias,5,20,Fused,50,50,50,0.00826010597602823,0.0102324220763768,-0.00159709768160498,0.0159635237667632,0
Sparse_alias,5,30,Raw_RTT,50,50,NaN,0.0230996816143556,0.0285489604338695,-0.00238726058831382,0.0509537037972722,0
Sparse_alias,5,30,Calibrated_RTT,50,50,50,0.0229688153401441,0.0284722004731177,-0.00114981348194974,0.0514690418538927,0
Sparse_alias,5,30,Raw_PBR,50,50,NaN,0.00863581902804222,0.0106441009589846,-0.000355290991041084,0.0187458195691895,0
Sparse_alias,5,30,Calibrated_PBR,50,50,50,0.00860427869492963,0.010562403545781,-0.000325035069352424,0.0191757715192483,0
Sparse_alias,5,30,Fused,50,50,50,0.00855714269438916,0.010491038213597,-0.000332241794902473,0.0188685583839991,0
Sparse_alias,10,0,Raw_RTT,50,50,NaN,0.871093558649157,1.16989351252842,-0.073352064438963,2.26348623176306,0.3
Sparse_alias,10,0,Calibrated_RTT,50,50,50,0.882392330915891,1.16887338166821,0.0547236427319428,2.13541052459216,0.32
Sparse_alias,10,0,Raw_PBR,50,50,NaN,0.0498986651567933,0.0598113983866903,0.00125718489718022,0.0980995636943622,0
Sparse_alias,10,0,Calibrated_PBR,50,50,50,0.0545052058093945,0.0656958067069247,0.00162974371172112,0.113640218322587,0
Sparse_alias,10,0,Fused,50,50,50,0.0542083975856501,0.0655596165487014,0.0018005026350821,0.108974789972768,0
Sparse_alias,10,10,Raw_RTT,50,50,NaN,0.252576947849628,0.326617553519828,0.0530726542270001,0.657586782530673,0
Sparse_alias,10,10,Calibrated_RTT,50,50,50,0.252747099267441,0.322303637717967,0.00416115917212977,0.652795226520885,0
Sparse_alias,10,10,Raw_PBR,50,50,NaN,0.017186853388942,0.0214914538214931,-0.00320388610250721,0.0402212438945901,0
Sparse_alias,10,10,Calibrated_PBR,50,50,50,0.0201187882734266,0.0250394184179432,-0.00683269681175226,0.047423746497852,0
Sparse_alias,10,10,Fused,50,50,50,0.0202460338186406,0.0252843054468257,-0.00678726999018135,0.0485974450103707,0
Sparse_alias,10,20,Raw_RTT,50,50,NaN,0.072537104135,0.0907358635329345,-0.00782955843575596,0.163431303023139,0
Sparse_alias,10,20,Calibrated_RTT,50,50,50,0.0861981686516259,0.104107872614464,-0.0516406254274782,0.18903196333607,0
Sparse_alias,10,20,Raw_PBR,50,50,NaN,0.00754335859820124,0.00945732828699908,0.000795603718733346,0.0200309754542483,0
Sparse_alias,10,20,Calibrated_PBR,50,50,50,0.00855941342256532,0.0107003132831507,-0.0048943287167771,0.0242312532481204,0
Sparse_alias,10,20,Fused,50,50,50,0.0087767933619994,0.0108791342174007,-0.00527270054003594,0.0241020083903536,0
Sparse_alias,10,30,Raw_RTT,50,50,NaN,0.0270470206886638,0.0348315529029164,0.00337772975598885,0.0646485429679358,0
Sparse_alias,10,30,Calibrated_RTT,50,50,50,0.026975047604652,0.0349732451567619,0.00461517686235293,0.0645247982572994,0
Sparse_alias,10,30,Raw_PBR,50,50,NaN,0.00784732026285933,0.00953552637240722,-0.000677910499735539,0.0190605832394113,0
Sparse_alias,10,30,Calibrated_PBR,50,50,50,0.00775394672648822,0.00944937154482014,-0.000677989990598888,0.0179627127186225,0
Sparse_alias,10,30,Fused,50,50,50,0.00764633916197518,0.00933569396607717,-0.000631775654960052,0.0177329861711993,0
Sparse_alias,15,0,Raw_RTT,50,50,NaN,0.722642449048027,0.863057909989181,0.124366028020802,1.56170967260116,0.3
Sparse_alias,15,0,Calibrated_RTT,50,50,50,0.744067725996343,0.890577833058864,0.252441735191708,1.68978537977207,0.28
Sparse_alias,15,0,Raw_PBR,50,50,NaN,0.0515530455670579,0.0633701150787933,-0.0116104674805696,0.110706502107475,0
Sparse_alias,15,0,Calibrated_PBR,50,50,50,0.0570794799163664,0.0703646543119905,-0.0116897187844893,0.121710786178462,0
Sparse_alias,15,0,Fused,50,50,50,0.0564517785881354,0.0699707654822548,-0.0108178499158076,0.120197837274096,0
Sparse_alias,15,10,Raw_RTT,50,50,NaN,0.289762148282998,0.356429355425831,-0.040178243866266,0.619988447580927,0
Sparse_alias,15,10,Calibrated_RTT,50,50,50,0.294967765869468,0.36519114955066,-0.0890897389211364,0.654837079365178,0
Sparse_alias,15,10,Raw_PBR,50,50,NaN,0.0166828521873294,0.0221459652558706,-0.00636884885110053,0.0450616440622926,0
Sparse_alias,15,10,Calibrated_PBR,50,50,50,0.0190652534052208,0.0243434384027266,-0.0106054440677712,0.0476510354579739,0
Sparse_alias,15,10,Fused,50,50,50,0.0193897225475038,0.0243227308474429,-0.0109385445822839,0.0469411114621549,0
Sparse_alias,15,20,Raw_RTT,50,50,NaN,0.0688601869215518,0.0876985550757948,-0.00287099702529453,0.163024423485443,0
Sparse_alias,15,20,Calibrated_RTT,50,50,50,0.0794198574023699,0.0993076484433692,-0.0466820640170167,0.185397365216666,0
Sparse_alias,15,20,Raw_PBR,50,50,NaN,0.00852372516858733,0.0101350336070341,0.000540919596783915,0.0174009858443928,0
Sparse_alias,15,20,Calibrated_PBR,50,50,50,0.00852549882655861,0.010917154996481,-0.00522615129743595,0.0222950100978417,0
Sparse_alias,15,20,Fused,50,50,50,0.00864449316012436,0.0110624287229764,-0.00556219403942581,0.0224198641811088,0
Sparse_alias,15,30,Raw_RTT,50,50,NaN,0.0250576223058553,0.0327797901557708,0.00413384922938526,0.0673056329909969,0
Sparse_alias,15,30,Calibrated_RTT,50,50,50,0.025206115958619,0.0329587129228603,0.00537129633574935,0.0683408162866097,0
Sparse_alias,15,30,Raw_PBR,50,50,NaN,0.00802804772230907,0.00997427742433575,-0.0014362922055895,0.0190927117652476,0
Sparse_alias,15,30,Calibrated_PBR,50,50,50,0.00807402326034008,0.00988168934658724,-0.00133406678815362,0.0183661240322801,0
Sparse_alias,15,30,Fused,50,50,50,0.00798061117253681,0.00975611706169897,-0.00127551058622643,0.0181903887642094,0
Sparse_alias,20,0,Raw_RTT,50,50,NaN,0.862059009539341,1.17104185216777,0.154982216927461,2.32497089541382,0.36
Sparse_alias,20,0,Calibrated_RTT,50,50,50,0.894802660605083,1.19475575761728,0.283057924098365,2.45304660258472,0.34
Sparse_alias,20,0,Raw_PBR,50,50,NaN,18.7475890316404,18.7476666334427,-18.7475890316404,18.823241423714,1
Sparse_alias,20,0,Calibrated_PBR,50,50,50,18.745981141696,18.7460744963869,-18.745981141696,18.8426398831277,1
Sparse_alias,20,0,Fused,50,50,50,0.0458643948089491,0.059266794468466,-0.00798982345141084,0.119343487623337,0
Sparse_alias,20,10,Raw_RTT,50,50,NaN,0.275125515357467,0.352105081158154,0.0310670755455111,0.745522433276966,0
Sparse_alias,20,10,Calibrated_RTT,50,50,50,0.27963660785323,0.35118548987973,-0.0178444195093592,0.731142905455585,0
Sparse_alias,20,10,Raw_PBR,50,50,NaN,18.736689706098,18.7366972143231,-18.736689706098,18.7639989325566,1
Sparse_alias,20,10,Calibrated_PBR,50,50,50,18.7412773538401,18.7412860238828,-18.7412773538401,18.7678029779242,1
Sparse_alias,20,10,Fused,50,50,50,0.0142715155434143,0.018515987288695,-0.00430795134593787,0.0405390431185792,0
Sparse_alias,20,20,Raw_RTT,50,50,NaN,0.0705872286186493,0.0886822438148424,-0.00760381746578069,0.174990430764151,0
Sparse_alias,20,20,Calibrated_RTT,50,50,50,0.0795539727005268,0.102226281707595,-0.0514148844575029,0.205586434392462,0
Sparse_alias,20,20,Raw_PBR,50,50,NaN,18.7350348750651,18.7350382618611,-18.7350348750651,18.7560152420567,1
Sparse_alias,20,20,Calibrated_PBR,50,50,50,18.7402270650299,18.7402311707658,-18.7402270650299,18.7641992339314,1
Sparse_alias,20,20,Fused,50,50,50,0.0101066721239491,0.0127178119556887,-0.00358906096702199,0.0264961688754751,0
Sparse_alias,20,30,Raw_RTT,50,50,NaN,0.0251115522470849,0.0305834776654358,-0.0031506243585379,0.0585173726545628,0
Sparse_alias,20,30,Calibrated_RTT,50,50,50,0.0250462412723587,0.0304808615275527,-0.00191317725217559,0.0576143216979572,0
Sparse_alias,20,30,Raw_PBR,50,50,NaN,18.7342585083473,18.7342604654182,-18.7342585083473,18.7483546444505,1
Sparse_alias,20,30,Calibrated_PBR,50,50,50,18.7343232337977,18.7343251671955,-18.7343232337977,18.7478432240179,1
Sparse_alias,20,30,Fused,50,50,50,0.00748119428392613,0.00884096925487982,0.00266506804201839,0.0145226934979,0
Calibration_drift,1,0,Raw_RTT,50,50,NaN,4.89045090144123,4.99441932978365,4.89045090144123,6.91627459270034,1
Calibration_drift,1,0,Calibrated_RTT,50,50,50,2.05199111324766,2.27990943732772,2.0421245358956,4.06794822715471,0.86
Calibration_drift,1,0,Raw_PBR,50,50,NaN,8.51978914683607,8.52004289469125,8.51978914683607,8.62928834750074,1
Calibration_drift,1,0,Calibrated_PBR,50,50,50,2.37971878239811,2.3834330122782,2.37971878239811,2.62954889189793,1
Calibration_drift,1,0,Fused,50,50,50,2.37682650650912,2.38052950685524,2.37682650650912,2.62429668477094,1
Calibration_drift,1,10,Raw_RTT,50,50,NaN,4.83734932712235,4.85072655104829,4.83734932712235,5.42670289564002,1
Calibration_drift,1,10,Calibrated_RTT,50,50,50,1.93694607282216,1.97011665884407,1.93694607282216,2.52629964133982,1
Calibration_drift,1,10,Raw_PBR,50,50,NaN,8.51831612978654,8.51835814808368,8.51831612978654,8.55441188608592,1
Calibration_drift,1,10,Calibrated_PBR,50,50,50,2.40491449316329,2.40533846572937,2.40491449316329,2.47027429796043,1
Calibration_drift,1,10,Fused,50,50,50,2.40061220443745,2.40102249043524,2.40061220443745,2.46249302084571,1
Calibration_drift,1,20,Raw_RTT,50,50,NaN,4.7947871585854,4.7959213892517,4.7947871585854,4.97154765074432,1
Calibration_drift,1,20,Calibrated_RTT,50,50,50,1.79261002136266,1.79564160244641,1.79261002136266,1.96937051352157,1
Calibration_drift,1,20,Raw_PBR,50,50,NaN,8.50943321825416,8.50944315119769,8.50943321825416,8.52868699715366,1
Calibration_drift,1,20,Calibrated_PBR,50,50,50,2.39200543528333,2.39206366462297,2.39200543528333,2.42056751218661,1
Calibration_drift,1,20,Fused,50,50,50,2.38396667694235,2.38402874741242,2.38396667694235,2.41316405330698,1
Calibration_drift,1,30,Raw_RTT,50,50,NaN,4.79660785689809,4.79672252852183,4.79660785689809,4.84761050506993,1
Calibration_drift,1,30,Calibrated_RTT,50,50,50,1.82708834212757,1.8273893653819,1.82708834212757,1.87809099029941,1
Calibration_drift,1,30,Raw_PBR,50,50,NaN,8.51396323385774,8.5139704151275,8.51396323385774,8.53155182152436,1
Calibration_drift,1,30,Calibrated_PBR,50,50,50,2.39741772602741,2.39744505003641,2.39741772602741,2.41747251823852,1
Calibration_drift,1,30,Fused,50,50,50,2.38956761109606,2.38959404916395,2.38956761109606,2.40905790152401,1
Calibration_drift,3,0,Raw_RTT,50,50,NaN,4.75830778246564,4.86948191879496,4.75830778246564,6.37862531155828,1
Calibration_drift,3,0,Calibrated_RTT,50,50,50,1.97348687931283,2.17218558548244,1.90998141692001,3.53029894601265,0.82
Calibration_drift,3,0,Raw_PBR,50,50,NaN,8.52438990079978,8.52479658815765,8.52438990079978,8.61787086054655,1
Calibration_drift,3,0,Calibrated_PBR,50,50,50,2.39282703697475,2.39546693572495,2.39282703697475,2.55907108141604,1
Calibration_drift,3,0,Fused,50,50,50,2.38871975147807,2.39126389114753,2.38871975147807,2.55686119773589,1
Calibration_drift,3,10,Raw_RTT,50,50,NaN,4.74797027212276,4.75762988591885,4.74797027212276,5.30674824167808,1
Calibration_drift,3,10,Calibrated_RTT,50,50,50,1.84756701782257,1.87225113480335,1.84756701782257,2.40634498737788,1
Calibration_drift,3,10,Raw_PBR,50,50,NaN,8.51405551796514,8.51410630094955,8.51405551796514,8.55560781573736,1
Calibration_drift,3,10,Calibrated_PBR,50,50,50,2.40802439992544,2.40846741041684,2.40802439992544,2.47472825391901,1
Calibration_drift,3,10,Fused,50,50,50,2.40284959130241,2.40327890227046,2.40284959130241,2.46764458842562,1
Calibration_drift,3,20,Raw_RTT,50,50,NaN,4.78971748381827,4.7908544042264,4.78971748381827,4.92562226929356,1
Calibration_drift,3,20,Calibrated_RTT,50,50,50,1.78754034659553,1.79058449630503,1.78754034659553,1.92344513207081,1
Calibration_drift,3,20,Raw_PBR,50,50,NaN,8.50973525269892,8.50974786825045,8.50973525269892,8.53160532999092,1
Calibration_drift,3,20,Calibrated_PBR,50,50,50,2.39463523085777,2.39469435543248,2.39463523085777,2.42241869274468,1
Calibration_drift,3,20,Fused,50,50,50,2.3867148586809,2.38677585692929,2.3867148586809,2.41777176235271,1
Calibration_drift,3,30,Raw_RTT,50,50,NaN,4.79598603814208,4.79608495433811,4.79598603814208,4.84936891107876,1
Calibration_drift,3,30,Calibrated_RTT,50,50,50,1.82646652337156,1.82672624445252,1.82646652337156,1.87984939630823,1
Calibration_drift,3,30,Raw_PBR,50,50,NaN,8.51512507000244,8.51513059862838,8.51512507000244,8.52977364507503,1
Calibration_drift,3,30,Calibrated_PBR,50,50,50,2.39872835965612,2.39874735539312,2.39872835965612,2.41444412942406,1
Calibration_drift,3,30,Fused,50,50,50,2.39085163559005,2.39087048156636,2.39085163559005,2.40667694023949,1
Calibration_drift,5,0,Raw_RTT,50,50,NaN,4.74373019855854,4.82921698273762,4.74373019855854,6.31973070472505,1
Calibration_drift,5,0,Calibrated_RTT,50,50,50,1.89540383301291,2.10021812196859,1.89540383301291,3.47140433917942,0.84
Calibration_drift,5,0,Raw_PBR,50,50,NaN,8.51835058585979,8.51866261411288,8.51835058585979,8.64149227961667,1
Calibration_drift,5,0,Calibrated_PBR,50,50,50,2.39080360369044,2.39382721133321,2.39080360369044,2.56208422769653,1
Calibration_drift,5,0,Fused,50,50,50,2.38663328051819,2.38960817377187,2.38663328051819,2.55461413312109,1
Calibration_drift,5,10,Raw_RTT,50,50,NaN,4.79484546160617,4.8087196395794,4.79484546160617,5.33836491368181,1
Calibration_drift,5,10,Calibrated_RTT,50,50,50,1.89444220730597,1.92928817137659,1.89444220730597,2.43796165938161,0.98
Calibration_drift,5,10,Raw_PBR,50,50,NaN,8.515329103493,8.51536424615495,8.515329103493,8.5514304071426,1
Calibration_drift,5,10,Calibrated_PBR,50,50,50,2.40441175272792,2.404695624805,2.40441175272792,2.46363116613446,1
Calibration_drift,5,10,Fused,50,50,50,2.39972137839332,2.39999467473578,2.39972137839332,2.45644661394339,1
Calibration_drift,5,20,Raw_RTT,50,50,NaN,4.80363904379404,4.80473387527092,4.80363904379404,4.97640578293034,1
Calibration_drift,5,20,Calibrated_RTT,50,50,50,1.80146190657129,1.80437926998203,1.80146190657129,1.9742286457076,1
Calibration_drift,5,20,Raw_PBR,50,50,NaN,8.51218655503511,8.51219887088571,8.51218655503511,8.53071135859605,1
Calibration_drift,5,20,Calibrated_PBR,50,50,50,2.39814570579883,2.39821833940476,2.39814570579883,2.42410778635307,1
Calibration_drift,5,20,Fused,50,50,50,2.38990002423227,2.38997233868655,2.38990002423227,2.41562130327745,1
Calibration_drift,5,30,Raw_RTT,50,50,NaN,4.8024830119524,4.80263763564336,4.8024830119524,4.86675791209543,1
Calibration_drift,5,30,Calibrated_RTT,50,50,50,1.83296349718188,1.83336858302084,1.83296349718188,1.89723839732491,1
Calibration_drift,5,30,Raw_PBR,50,50,NaN,8.50908931206689,8.50909595007558,8.50908931206689,8.52802138422802,1
Calibration_drift,5,30,Calibrated_PBR,50,50,50,2.39188886699941,2.39191741818414,2.39188886699941,2.40979205269994,1
Calibration_drift,5,30,Fused,50,50,50,2.38419512747484,2.38422202725692,2.38419512747484,2.40205345015991,1
Calibration_drift,10,0,Raw_RTT,50,50,NaN,4.79466306930483,4.89535791889871,4.79466306930483,6.60966619915814,1
Calibration_drift,10,0,Calibrated_RTT,50,50,50,1.98966480933031,2.18265017132129,1.9463367037592,3.76133983361251,0.88
Calibration_drift,10,0,Raw_PBR,50,50,NaN,8.51362081505075,8.51399128311126,8.51362081505075,8.63479834002941,1
Calibration_drift,10,0,Calibrated_PBR,50,50,50,2.38770059378778,2.39082090052097,2.38770059378778,2.56881040865867,1
Calibration_drift,10,0,Fused,50,50,50,2.38392818278319,2.38698310564506,2.38392818278319,2.55811197433064,1
Calibration_drift,10,10,Raw_RTT,50,50,NaN,4.76031027210973,4.77003009652798,4.76031027210973,5.33490487173241,1
Calibration_drift,10,10,Calibrated_RTT,50,50,50,1.85990701780954,1.88464515225718,1.85990701780954,2.43450161743222,1
Calibration_drift,10,10,Raw_PBR,50,50,NaN,8.50826624688153,8.5083110064947,8.50826624688153,8.55474715782518,1
Calibration_drift,10,10,Calibrated_PBR,50,50,50,2.39466792671971,2.39506871938007,2.39466792671971,2.46855738054254,1
Calibration_drift,10,10,Fused,50,50,50,2.3897392742556,2.39013230485104,2.3897392742556,2.4638710892443,1
Calibration_drift,10,20,Raw_RTT,50,50,NaN,4.80558570990662,4.8064500982384,4.80558570990662,4.95020652002832,1
Calibration_drift,10,20,Calibrated_RTT,50,50,50,1.80340857268388,1.80571066664262,1.80340857268388,1.94802938280558,1
Calibration_drift,10,20,Raw_PBR,50,50,NaN,8.5154142308881,8.51542968532913,8.5154142308881,8.53845426041217,1
Calibration_drift,10,20,Calibrated_PBR,50,50,50,2.39517854155333,2.39528163488159,2.39517854155333,2.42823463611923,1
Calibration_drift,10,20,Fused,50,50,50,2.38700620756734,2.38710705333931,2.38700620756734,2.41867627383064,1
Calibration_drift,10,30,Raw_RTT,50,50,NaN,4.80413125247136,4.80421624470635,4.80413125247136,4.8497974617862,1
Calibration_drift,10,30,Calibrated_RTT,50,50,50,1.83461173770083,1.8348342876233,1.83461173770083,1.88027794701568,1
Calibration_drift,10,30,Raw_PBR,50,50,NaN,8.51130028633869,8.51130825922746,8.51130028633869,8.52884349283838,1
Calibration_drift,10,30,Calibrated_PBR,50,50,50,2.39525765692109,2.39528960965468,2.39525765692109,2.41429897816847,1
Calibration_drift,10,30,Fused,50,50,50,2.38754052826061,2.38757147907581,2.38754052826061,2.40602442594613,1
Calibration_drift,15,0,Raw_RTT,50,50,NaN,4.98214203284504,5.11865906170673,4.98214203284504,6.92054749540976,1
Calibration_drift,15,0,Calibrated_RTT,50,50,50,2.15457012912075,2.43559041231557,2.13381566729941,4.07222112986413,0.8
Calibration_drift,15,0,Raw_PBR,50,50,NaN,8.5071123139072,8.50741901496832,8.5071123139072,8.61423825142123,1
Calibration_drift,15,0,Calibrated_PBR,50,50,50,2.36679577226417,2.36978879451523,2.36679577226417,2.5558046620058,1
Calibration_drift,15,0,Fused,50,50,50,2.36482134896742,2.36771876346428,2.36482134896742,2.54720683411545,1
Calibration_drift,15,10,Raw_RTT,50,50,NaN,4.83426727504119,4.84423846548911,4.83426727504119,5.30611191052504,1
Calibration_drift,15,10,Calibrated_RTT,50,50,50,1.93386402074099,1.95865675265132,1.93386402074099,2.40570865622484,1
Calibration_drift,15,10,Raw_PBR,50,50,NaN,8.51254362374401,8.51257763049422,8.51254362374401,8.55225483321551,1
Calibration_drift,15,10,Calibrated_PBR,50,50,50,2.40819722834063,2.40848324364914,2.40819722834063,2.47951939107647,1
Calibration_drift,15,10,Fused,50,50,50,2.40382647626629,2.4041032571815,2.40382647626629,2.47133198269557,1
Calibration_drift,15,20,Raw_RTT,50,50,NaN,4.77705975807721,4.77814378839097,4.77705975807721,4.95281532597773,1
Calibration_drift,15,20,Calibrated_RTT,50,50,50,1.77488262085447,1.77779820230242,1.77488262085447,1.95063818875498,1
Calibration_drift,15,20,Raw_PBR,50,50,NaN,8.51293837623196,8.51294996954431,8.51293837623196,8.53386645863771,1
Calibration_drift,15,20,Calibrated_PBR,50,50,50,2.39702009435958,2.39709320635641,2.39702009435958,2.42655094819923,1
Calibration_drift,15,20,Fused,50,50,50,2.38889868191004,2.38896765521949,2.38889868191004,2.41798365507041,1
Calibration_drift,15,30,Raw_RTT,50,50,NaN,4.79509781967183,4.79519640164449,4.79509781967183,4.84234797844898,1
Calibration_drift,15,30,Calibrated_RTT,50,50,50,1.82557830490131,1.82583722643861,1.82557830490131,1.87282846367845,1
Calibration_drift,15,30,Raw_PBR,50,50,NaN,8.51326857794605,8.51327607668465,8.51326857794605,8.53384909727159,1
Calibration_drift,15,30,Calibrated_PBR,50,50,50,2.39760606116986,2.39763497951987,2.39760606116986,2.41758225752752,1
Calibration_drift,15,30,Fused,50,50,50,2.38973216873351,2.38976028550324,2.38973216873351,2.4096434097279,1
Calibration_drift,20,0,Raw_RTT,50,50,NaN,5.0069291219111,5.1125013590862,5.0069291219111,6.70587860021109,1
Calibration_drift,20,0,Calibrated_RTT,50,50,50,2.16804987011953,2.39330248288956,2.15860275636547,3.85755223466546,0.84
Calibration_drift,20,0,Raw_PBR,50,50,NaN,8.52608449667446,8.5265295030237,8.52608449667446,8.66046074606353,1
Calibration_drift,20,0,Calibrated_PBR,50,50,50,2.38384589241691,2.38687333244689,2.38384589241691,2.56091400913773,1
Calibration_drift,20,0,Fused,50,50,50,2.38193924786799,2.38485654192243,2.38193924786799,2.55676994743715,1
Calibration_drift,20,10,Raw_RTT,50,50,NaN,4.76946222994353,4.77886800468545,4.76946222994353,5.17871066168899,1
Calibration_drift,20,10,Calibrated_RTT,50,50,50,1.86905897564333,1.89293182597295,1.86905897564333,2.27830740738879,1
Calibration_drift,20,10,Raw_PBR,50,50,NaN,8.51167964508711,8.51174653582181,8.51167964508711,8.5569741167926,1
Calibration_drift,20,10,Calibrated_PBR,50,50,50,2.40445212437744,2.4049100460496,2.40445212437744,2.46835947942169,1
Calibration_drift,20,10,Fused,50,50,50,2.39951168133731,2.39996276774863,2.39951168133731,2.45985688897879,1
Calibration_drift,20,20,Raw_RTT,50,50,NaN,4.77310083697557,4.77414964257939,4.77310083697557,4.91418489824422,1
Calibration_drift,20,20,Calibrated_RTT,50,50,50,1.77092369975282,1.77374856170493,1.77092369975282,1.91200776102148,1
Calibration_drift,20,20,Raw_PBR,50,50,NaN,8.5127175902679,8.51273484672834,8.5127175902679,8.53849629150223,1
Calibration_drift,20,20,Calibrated_PBR,50,50,50,2.39552428680477,2.39561352780123,2.39552428680477,2.42918242791357,1
Calibration_drift,20,20,Fused,50,50,50,2.38741122938279,2.38750155326852,2.38741122938279,2.41952390617784,1
Calibration_drift,20,30,Raw_RTT,50,50,NaN,4.80298856278784,4.80307674303798,4.80298856278784,4.85185252052465,1
Calibration_drift,20,30,Calibrated_RTT,50,50,50,1.83346904801731,1.83370003416019,1.83346904801731,1.88233300575412,1
Calibration_drift,20,30,Raw_PBR,50,50,NaN,8.51084637330934,8.51085531301369,8.51084637330934,8.52840018326809,1
Calibration_drift,20,30,Calibrated_PBR,50,50,50,2.39461569468308,2.3946516133117,2.39461569468308,2.4113123314862,1
Calibration_drift,20,30,Fused,50,50,50,2.38689156987898,2.38692650159773,2.38689156987898,2.40381250359081,1
Random_hop_phase,1,0,Raw_RTT,50,50,NaN,0.823722141739705,1.01707225200772,-0.147115760301627,1.9934691828452,0.3
Random_hop_phase,1,0,Calibrated_RTT,50,50,50,0.839047061735391,1.04713203403669,-0.289296695160646,2.13565011770422,0.32
Random_hop_phase,1,0,Raw_PBR,50,50,NaN,18.9903803321836,22.6912938346122,18.857543934721,37.8922447378621,0.9
Random_hop_phase,1,0,Calibrated_PBR,50,50,0,17.8414492034852,21.8845328989889,17.6014492034852,38.7296419752548,0.88
Random_hop_phase,1,0,Fused,50,50,50,0.839047061735391,1.04713203403669,-0.289296695160646,2.13565011770422,0.32
Random_hop_phase,1,10,Raw_RTT,50,50,NaN,0.287130980064942,0.346805175411676,0.0385975567156396,0.662880530011073,0
Random_hop_phase,1,10,Calibrated_RTT,50,50,50,0.297687765379239,0.35482035791999,0.0843411411267549,0.708624114422188,0
Random_hop_phase,1,10,Raw_PBR,50,50,NaN,21.3036563646973,24.9407759706676,21.1836563646973,39,0.88
Random_hop_phase,1,10,Calibrated_PBR,50,50,0,17.3536152691442,20.9792351801612,17.0736152691442,36.4731824385161,0.84
Random_hop_phase,1,10,Fused,50,50,50,0.297687765379239,0.35482035791999,0.0843411411267549,0.708624114422188,0
Random_hop_phase,1,20,Raw_RTT,50,50,NaN,0.0889699481143754,0.111108405532088,-0.0146225222154414,0.21837735437835,0
Random_hop_phase,1,20,Calibrated_RTT,50,50,50,0.0908075714650675,0.113193948427254,-0.0261076681572665,0.225587831294612,0
Random_hop_phase,1,20,Raw_PBR,50,50,NaN,19.2352041644556,22.2112736583706,19.1472419767735,38.7192589334517,0.94
Random_hop_phase,1,20,Calibrated_PBR,50,50,0,19.1496796779268,22.8238934449989,18.9650625520102,35.8446828355126,0.86
Random_hop_phase,1,20,Fused,50,50,50,0.0908075714650675,0.113193948427254,-0.0261076681572665,0.225587831294612,0
Random_hop_phase,1,30,Raw_RTT,50,50,NaN,0.0223363476188127,0.0273967563593891,-0.000104411031723461,0.05146376287872,0
Random_hop_phase,1,30,Calibrated_RTT,50,50,50,0.0226909353198398,0.0276683047373966,0.00386829803521673,0.051524894067771,0
Random_hop_phase,1,30,Raw_PBR,50,50,NaN,18.1929831757166,22.2232126905191,18.0329831757166,38.5226473806249,0.88
Random_hop_phase,1,30,Calibrated_PBR,50,50,0,18.3724259612039,22.3090185120693,18.1616275190246,37.8773713098236,0.88
Random_hop_phase,1,30,Fused,50,50,50,0.0226909353198398,0.0276683047373966,0.00386829803521673,0.051524894067771,0
Random_hop_phase,3,0,Raw_RTT,50,50,NaN,1.01906490463651,1.27538279922101,-0.103032126763774,2.26874760592005,0.4
Random_hop_phase,3,0,Calibrated_RTT,50,50,50,1.03050735228023,1.29464864383885,-0.245213061622793,2.20459444381094,0.42
Random_hop_phase,3,0,Raw_PBR,50,50,NaN,17.4362415573901,21.0618814690608,16.9562415573901,35.2128382281427,0.94
Random_hop_phase,3,0,Calibrated_PBR,50,50,0,15.1699866258321,19.4034364842997,14.6899866258321,37,1
Random_hop_phase,3,0,Fused,50,50,50,1.03050735228023,1.29464864383885,-0.245213061622793,2.20459444381094,0.42
Random_hop_phase,3,10,Raw_RTT,50,50,NaN,0.258396463836968,0.324186331728582,0.0463991031747745,0.617522822454209,0
Random_hop_phase,3,10,Calibrated_RTT,50,50,50,0.263628395994812,0.333817578596098,0.0921426875858899,0.620028331819337,0
Random_hop_phase,3,10,Raw_PBR,50,50,NaN,17.2292953225283,20.1596483627895,16.7652049231236,34.3954444478254,1
Random_hop_phase,3,10,Calibrated_PBR,50,50,0,17.3835717593877,21.464365905854,16.83573327688,36.9784725689652,0.98
Random_hop_phase,3,10,Fused,50,50,50,0.263628395994812,0.333817578596098,0.0921426875858899,0.620028331819337,0
Random_hop_phase,3,20,Raw_RTT,50,50,NaN,0.0901217770410382,0.112114963751634,-0.0166748271123464,0.211778066743546,0
Random_hop_phase,3,20,Calibrated_RTT,50,50,50,0.0911593110992072,0.114388370563687,-0.0281599730541716,0.223263212685371,0
Random_hop_phase,3,20,Raw_PBR,50,50,NaN,18.6576313624558,22.2668867893821,18.0064891080146,36.7294310028437,0.9
Random_hop_phase,3,20,Calibrated_PBR,50,50,0,19.3954925878422,22.4235597221301,18.9407448232731,37,0.98
Random_hop_phase,3,20,Fused,50,50,50,0.0911593110992072,0.114388370563687,-0.0281599730541716,0.223263212685371,0
Random_hop_phase,3,30,Raw_RTT,50,50,NaN,0.0254846948475797,0.0315910973632143,-0.00287579059677503,0.0528564237589138,0
Random_hop_phase,3,30,Calibrated_RTT,50,50,50,0.0255107897699286,0.0314790484479086,0.00109691847016533,0.0548595563300861,0
Random_hop_phase,3,30,Raw_PBR,50,50,NaN,17.0911990479582,20.1341501525838,16.5792362611737,35.5074012732281,0.96
Random_hop_phase,3,30,Calibrated_PBR,50,50,0,18.9727614644096,22.4163441779501,18.4110983996677,36.8174209053383,0.92
Random_hop_phase,3,30,Fused,50,50,50,0.0255107897699286,0.0314790484479086,0.00109691847016533,0.0548595563300861,0
Random_hop_phase,5,0,Raw_RTT,50,50,NaN,0.769158925402211,0.997770914809588,-0.0394491890503962,1.998123510607,0.3
Random_hop_phase,5,0,Calibrated_RTT,50,50,50,0.755651254249019,1.01340024759943,-0.181630123909415,2.14030444546602,0.22
Random_hop_phase,5,0,Raw_PBR,50,50,NaN,14.8341946509435,18.959385754412,13.6354952035458,34.2865088287808,0.9
Random_hop_phase,5,0,Calibrated_PBR,50,50,0,16.9770524607524,20.0852332007447,16.1332469144018,34.8585362414287,0.98
Random_hop_phase,5,0,Fused,50,50,50,0.755651254249019,1.01340024759943,-0.181630123909415,2.14030444546602,0.22
Random_hop_phase,5,10,Raw_RTT,50,50,NaN,0.24085588585134,0.297799335371723,-0.042388058793646,0.525733166084021,0
Random_hop_phase,5,10,Calibrated_RTT,50,50,50,0.240201261547567,0.294786288981893,0.00335552561746985,0.493718483982089,0
Random_hop_phase,5,10,Raw_PBR,50,50,NaN,18.150719472657,21.564362336505,17.0899870550317,35,0.92
Random_hop_phase,5,10,Calibrated_PBR,50,50,0,15.8212498680774,19.5716277921263,14.6620222567758,35,0.92
Random_hop_phase,5,10,Fused,50,50,50,0.240201261547567,0.294786288981893,0.00335552561746985,0.493718483982089,0
Random_hop_phase,5,20,Raw_RTT,50,50,NaN,0.0663289986282631,0.0860111818024522,-0.000646544701889606,0.173589702778821,0
Random_hop_phase,5,20,Calibrated_RTT,50,50,50,0.0659705645433877,0.0868601363853278,-0.0121316906437149,0.185074848720647,0
Random_hop_phase,5,20,Raw_PBR,50,50,NaN,17.7334296625583,21.4007259431772,16.7830551755086,34.9445801427829,0.94
Random_hop_phase,5,20,Calibrated_PBR,50,50,0,16.2630968830555,19.3426236717885,15.426408352165,35,0.98
Random_hop_phase,5,20,Fused,50,50,50,0.0659705645433877,0.0868601363853278,-0.0121316906437149,0.185074848720647,0
Random_hop_phase,5,30,Raw_RTT,50,50,NaN,0.0249369044233281,0.0311721847445368,-0.00313114434261085,0.0631674700926051,0
Random_hop_phase,5,30,Calibrated_RTT,50,50,50,0.0244746814805751,0.0310259450788933,0.000841564724329515,0.0591947610256648,0
Random_hop_phase,5,30,Raw_PBR,50,50,NaN,16.8900840979935,20.3141028248164,15.9754419265691,33.5028360701551,0.92
Random_hop_phase,5,30,Calibrated_PBR,50,50,0,17.5571561465609,20.8863083691167,16.2799312663723,34.3780096771022,0.94
Random_hop_phase,5,30,Fused,50,50,50,0.0244746814805751,0.0310259450788933,0.000841564724329515,0.0591947610256648,0
Random_hop_phase,10,0,Raw_RTT,50,50,NaN,0.783403672877737,1.05451876318242,-0.187367773492984,2.19336172791817,0.28
Random_hop_phase,10,0,Calibrated_RTT,50,50,50,0.816835215287312,1.08880920759173,-0.329548708352003,2.27478841886187,0.32
Random_hop_phase,10,0,Raw_PBR,50,50,NaN,12.5627217220553,14.7692531831522,8.64895848204491,28.7995809354255,0.98
Random_hop_phase,10,0,Calibrated_PBR,50,50,0,14.1803295533698,17.0719780506919,10.947343755953,29.2657825020803,0.98
Random_hop_phase,10,0,Fused,50,50,50,0.816835215287312,1.08880920759173,-0.329548708352003,2.27478841886187,0.32
Random_hop_phase,10,10,Raw_RTT,50,50,NaN,0.221553737155533,0.278763358320268,0.0111874516439866,0.515336110332564,0
Random_hop_phase,10,10,Calibrated_RTT,50,50,50,0.231064262000007,0.284297368496466,0.0569310360551015,0.526755837339921,0
Random_hop_phase,10,10,Raw_PBR,50,50,NaN,12.9785952003503,15.3025428226511,9.36826156078368,29.25805423345,0.98
Random_hop_phase,10,10,Calibrated_PBR,50,50,0,11.7513075530832,14.8379670301565,7.39809483077827,28.4928964323116,0.96
Random_hop_phase,10,10,Fused,50,50,50,0.231064262000007,0.284297368496466,0.0569310360551015,0.526755837339921,0
Random_hop_phase,10,20,Raw_RTT,50,50,NaN,0.0697976604119216,0.087972040412565,0.00312913421072068,0.16689731188628,0
Random_hop_phase,10,20,Calibrated_RTT,50,50,50,0.0694079139594134,0.0883125775045187,-0.00835601173110369,0.17381761063606,0
Random_hop_phase,10,20,Raw_PBR,50,50,NaN,13.2367575648711,16.3583618488047,10.0310799499921,30,0.98
Random_hop_phase,10,20,Calibrated_PBR,50,50,0,11.6619416955508,15.0011436187885,9.15475289218279,27.8252845929655,0.96
Random_hop_phase,10,20,Fused,50,50,50,0.0694079139594134,0.0883125775045187,-0.00835601173110369,0.17381761063606,0
Random_hop_phase,10,30,Raw_RTT,50,50,NaN,0.029279347625074,0.0356993821962097,-0.00811439064501666,0.0618323907160485,0
Random_hop_phase,10,30,Calibrated_RTT,50,50,50,0.0286437141743637,0.0350107994759518,-0.00414168157807719,0.065805099782988,0
Random_hop_phase,10,30,Raw_PBR,50,50,NaN,14.4757501479116,17.5158883593319,11.7162359685245,30,0.98
Random_hop_phase,10,30,Calibrated_PBR,50,50,0,12.4764772779994,15.3978395648155,9.53152583356824,29.7675605297776,0.92
Random_hop_phase,10,30,Fused,50,50,50,0.0286437141743637,0.0350107994759518,-0.00414168157807719,0.065805099782988,0
Random_hop_phase,15,0,Raw_RTT,50,50,NaN,0.808144357337793,1.05000426322968,-0.103276682781676,2.05172957246889,0.38
Random_hop_phase,15,0,Calibrated_RTT,50,50,50,0.849227887080454,1.07335563614859,-0.245457617640694,2.11455679466439,0.36
Random_hop_phase,15,0,Raw_PBR,50,50,NaN,13.5196062795434,15.3909428863605,6.68487496663501,25,1
Random_hop_phase,15,0,Calibrated_PBR,50,50,0,9.94675386452626,12.2353884773176,5.0560659657643,23.7723853800426,0.94
Random_hop_phase,15,0,Fused,50,50,50,0.849227887080454,1.07335563614859,-0.245457617640694,2.11455679466439,0.36
Random_hop_phase,15,10,Raw_RTT,50,50,NaN,0.224038313239111,0.304006928050788,0.0635567858551864,0.628798164619641,0
Random_hop_phase,15,10,Calibrated_RTT,50,50,50,0.242065442480132,0.316744878751,0.109300370266301,0.62422380617853,0
Random_hop_phase,15,10,Raw_PBR,50,50,NaN,12.5455439151237,14.6311777843985,6.9382054953464,25,0.9
Random_hop_phase,15,10,Calibrated_PBR,50,50,0,12.2488505821193,14.2447449957631,4.45914282291858,25,0.98
Random_hop_phase,15,10,Fused,50,50,50,0.242065442480132,0.316744878751,0.109300370266301,0.62422380617853,0
Random_hop_phase,15,20,Raw_RTT,50,50,NaN,0.0812402655673334,0.0979043768047738,0.0193438119707202,0.177523608095647,0
Random_hop_phase,15,20,Calibrated_RTT,50,50,50,0.0798620480543144,0.0962955999395936,0.00785866602889588,0.169037351745812,0
Random_hop_phase,15,20,Raw_PBR,50,50,NaN,10.7979541394955,12.7227326067442,3.88789589861126,22.9911411758648,0.98
Random_hop_phase,15,20,Calibrated_PBR,50,50,0,12.1424414468025,13.8528677821527,5.96562241495327,23.2384880306354,0.96
Random_hop_phase,15,20,Fused,50,50,50,0.0798620480543144,0.0962955999395936,0.00785866602889588,0.169037351745812,0
Random_hop_phase,15,30,Raw_RTT,50,50,NaN,0.0282067171535733,0.0353858118258289,0.00691039712907841,0.0662518583409041,0
Random_hop_phase,15,30,Calibrated_RTT,50,50,50,0.0283972921375209,0.0363709236968928,0.0108831061960179,0.0681788471967909,0
Random_hop_phase,15,30,Raw_PBR,50,50,NaN,12.9883463489223,14.7220303250706,4.85228350898221,22.9777755185265,0.98
Random_hop_phase,15,30,Calibrated_PBR,50,50,0,10.9438320385245,13.001946801837,3.15980510542617,25,0.98
Random_hop_phase,15,30,Fused,50,50,50,0.0283972921375209,0.0363709236968928,0.0108831061960179,0.0681788471967909,0
Random_hop_phase,20,0,Raw_RTT,50,50,NaN,0.846155528954784,1.04949800044886,0.150723161743843,2.11067237671118,0.32
Random_hop_phase,20,0,Calibrated_RTT,50,50,50,0.848502128896283,1.03865372049604,0.00854222688482317,2.0100547445574,0.38
Random_hop_phase,20,0,Raw_PBR,50,50,NaN,12.5830492582274,14.3823757787758,-3.69633366288541,20,0.92
Random_hop_phase,20,0,Calibrated_PBR,50,50,0,11.4210794895255,13.2219936041482,-1.26072179579621,20,0.92
Random_hop_phase,20,0,Fused,50,50,50,0.848502128896283,1.03865372049604,0.00854222688482317,2.0100547445574,0.38
Random_hop_phase,20,10,Raw_RTT,50,50,NaN,0.281272293989401,0.333340663976056,-0.0491707534657518,0.57443076925557,0
Random_hop_phase,20,10,Calibrated_RTT,50,50,50,0.27568995149477,0.329711966345381,-0.00342716905463512,0.56347227642044,0
Random_hop_phase,20,10,Raw_PBR,50,50,NaN,11.7775994802376,13.5094023774286,-2.11411384206239,20,0.98
Random_hop_phase,20,10,Calibrated_PBR,50,50,0,11.7322807302549,13.3916534687476,-2.33024818108924,20,0.98
Random_hop_phase,20,10,Fused,50,50,50,0.27568995149477,0.329711966345381,-0.00342716905463512,0.56347227642044,0
Random_hop_phase,20,20,Raw_RTT,50,50,NaN,0.0802703248289092,0.0977346448215572,0.0249745217651883,0.163071459439947,0
Random_hop_phase,20,20,Calibrated_RTT,50,50,50,0.0765480118521104,0.0954478775096649,0.0134893758233622,0.174329434854152,0
Random_hop_phase,20,20,Raw_PBR,50,50,NaN,10.6425721786147,12.3574633787388,-0.246783861113661,20,0.98
Random_hop_phase,20,20,Calibrated_PBR,50,50,0,12.3505271594689,13.8493891232742,-1.09591063652569,20,0.98
Random_hop_phase,20,20,Fused,50,50,50,0.0765480118521104,0.0954478775096649,0.0134893758233622,0.174329434854152,0
Random_hop_phase,20,30,Raw_RTT,50,50,NaN,0.0308246119091864,0.03550402125435,-0.00470198478384752,0.0571435752470295,0
Random_hop_phase,20,30,Calibrated_RTT,50,50,50,0.0305067951838313,0.035198845256529,-0.000729275716908049,0.0567771610595527,0
Random_hop_phase,20,30,Raw_PBR,50,50,NaN,11.8802946556715,13.4248195084595,1.38000800289531,20,0.96
Random_hop_phase,20,30,Calibrated_PBR,50,50,0,10.9118340484277,12.485207954872,1.75201029747792,20,0.98
Random_hop_phase,20,30,Fused,50,50,50,0.0305067951838313,0.035198845256529,-0.000729275716908049,0.0567771610595527,0
